viina_version,event_id_1pd,date,n_reports,event_ids,sources,geonameid,feature_code,asciiname,ADM1_NAME,ADM1_CODE,ADM2_NAME,ADM2_CODE,longitude,latitude,GEO_PRECISION,t_mil_b,a_rus_b,a_ukr_b,a_rus_init_b,a_ukr_init_b,a_civ_b,a_other_b,t_aad_b,t_airstrike_b,t_airalert_b,t_uav_b,t_armor_b,t_arrest_b,t_artillery_b,t_control_b,t_firefight_b,t_ied_b,t_raid_b,t_occupy_b,t_property_b,t_cyber_b,t_hospital_b,t_milcas_b,t_civcas_b,t_retreat_b,t_loc_b,t_san_b,tid
bert_20260228023827,29675,20260101,1,2870165,liga,689103,PPL,Volovytsia,Chernihiv,498,Borznians'kyi,5262,32.00406,51.35543,ADM1,0,0,0,0,0,1,0,0,0,0,0,0,0,0,0,0,0,0,0,0,0,0,0,0,0,,,46022
bert_20260228023827,187912,20260101,1,2870166,liga,703448,PPLC,Kyiv,Kiev City,1210,Shevchenkivs'kyi,33738,30.52355,50.45044,ADM3,0,0,0,0,0,1,0,0,0,0,0,0,0,0,0,0,0,0,0,0,0,0,0,0,0,,,46022
bert_20260228023827,187921,20260101,2,"2863867, 2825836",liga,703448,PPLC,Kyiv,Kiev City,1210,Shevchenkivs'kyi,33738,30.52355,50.45044,ADM3,1,1,1,1,0,0,0,0,0,0,0,0,0,0,0,0,0,0,0,1,0,0,0,1,0,,,46022
bert_20260228023827,187922,20260101,2,"2857593, 2774831",liga,703448,PPLC,Kyiv,Kiev City,1210,Shevchenkivs'kyi,33738,30.52355,50.45044,ADM3,1,1,1,1,0,0,0,0,0,0,0,0,0,1,0,0,0,0,0,1,0,0,0,0,0,,,46022
bert_20260228023827,154078,20260101,1,2851299,liga,702550,PPLA,Lviv,L'viv,1289,L'vivs'ka,19402,24.0299,49.83932,ADM3,0,0,0,0,0,1,1,0,0,0,0,0,0,0,0,0,0,0,0,0,0,0,0,0,0,,,46022
bert_20260228023827,187913,20260101,1,2851300,liga,703448,PPLC,Kyiv,Kiev City,1210,Shevchenkivs'kyi,33738,30.52355,50.45044,ADM3,0,0,0,0,0,1,1,0,0,0,0,0,0,0,0,0,0,0,0,0,0,0,0,0,0,,,46022
bert_20260228023827,112295,20260101,1,2845001,liga,698740,PPLA,Odessa,Odessa,1800,Odes'ka,26260,30.73169,46.48421,ADM3,1,0,0,0,0,0,1,0,0,0,0,0,0,0,0,0,0,0,0,0,0,0,0,0,0,,,46022
bert_20260228023827,112294,20260101,1,2838616,liga,698740,PPLA,Odessa,Odessa,1800,Odes'ka,26260,30.73169,46.48421,ADM3,0,0,0,0,0,0,1,0,0,0,0,0,0,0,0,0,0,0,0,1,0,0,0,0,0,,,46022
bert_20260228023827,359341,20260101,1,2832239,liga,8281918,PPL,Posich,Transcarpathia,2491,Khusts'kyi,18005,23.41312,48.22076,ADM1,0,0,0,0,0,1,1,0,0,0,0,0,0,0,0,0,0,0,0,0,0,0,0,0,0,,,46022
bert_20260228023827,187916,20260101,1,2825835,liga,703448,PPLC,Kyiv,Kiev City,1210,Shevchenkivs'kyi,33738,30.52355,50.45044,ADM3,0,0,1,0,0,0,0,0,0,0,0,0,0,0,0,0,0,0,0,1,0,0,0,0,0,,,46022
bert_20260228023827,112299,20260101,1,2819413,liga,698740,PPLA,Odessa,Odessa,1800,Odes'ka,26260,30.73169,46.48421,ADM3,0,1,1,0,0,0,0,0,0,0,0,0,0,0,0,0,0,0,0,0,0,0,0,0,0,,,46022
bert_20260228023827,187910,20260101,2,"2819414, 2723988","liga, unian",703448,PPLC,Kyiv,Kiev City,1210,Shevchenkivs'kyi,33738,30.52355,50.45044,ADM3,0,0,0,0,0,0,0,0,0,0,0,0,0,0,0,0,0,0,0,0,0,0,0,0,0,,,46022
bert_20260228023827,154077,20260101,1,2806693,liga,702550,PPLA,Lviv,L'viv,1289,L'vivs'ka,19402,24.0299,49.83932,ADM3,0,0,0,0,0,0,1,0,0,0,0,0,0,0,0,0,0,0,0,0,0,0,0,0,0,,,46022
bert_20260228023827,187914,20260101,2,"2781089, 2756055",liga,703448,PPLC,Kyiv,Kiev City,1210,Shevchenkivs'kyi,33738,30.52355,50.45044,ADM3,0,0,0,0,0,1,1,0,0,0,0,0,0,0,0,0,0,0,0,1,0,0,0,1,0,,,46022
bert_20260228023827,357633,20260101,1,2781090,liga,8250815,PPL,Karpaty,Transcarpathia,2491,Mukachivs'kyi,24017,22.8742,48.52159,ADM3,1,1,0,1,0,0,0,0,0,0,0,0,0,1,0,0,0,0,0,1,0,0,0,1,0,,,46022
bert_20260228023827,362540,20260101,1,2756054,liga,8519916,PPL,Obolon,Kiev City,1210,Obolons'kyi,26190,30.49826,50.50148,STREET,0,0,0,0,0,1,1,0,0,0,0,0,0,0,0,0,0,0,0,1,0,0,0,1,0,,,46022
bert_20260228023827,187919,20260101,1,2743221,liga,703448,PPLC,Kyiv,Kiev City,1210,Shevchenkivs'kyi,33738,30.52355,50.45044,ADM3,0,0,1,0,0,1,0,0,0,0,0,0,1,0,0,0,0,0,0,0,0,0,0,1,0,,,46022
bert_20260228023827,287038,20260101,1,2743222,liga,709930,PPLA,Dnipro,Dnipropetrovs'k,650,Dnipropetrovs'ka,9966,35.04618,48.46472,ADM3,0,0,1,0,0,0,1,0,0,0,0,0,0,0,0,0,0,0,0,0,0,0,0,0,0,,,46022
bert_20260228023827,235282,20260101,1,2736966,liga,706448,PPLA,Kherson,Kherson,1195,Khersons'ka,17890,32.61496,46.64032,ADM3,0,0,0,0,0,0,0,0,0,0,0,0,0,0,0,0,0,0,0,0,0,0,0,0,0,,,46022
bert_20260228023827,67805,20260101,1,2723986,unian,693805,PPLA2,Simferopol,Crimea,579,Simferopol's'ka,34229,34.09941,44.95363,ADM3,1,1,1,1,0,0,0,0,0,0,0,0,0,0,1,0,0,0,0,0,0,0,0,0,0,,,46022
bert_20260228023827,192395,20260101,1,2723987,unian,703656,PPLA2,Kupiansk,Kharkiv,1191,Kupians'ka,19188,37.61478,49.7108,ADM3,1,1,1,1,0,0,0,0,1,0,1,0,0,1,1,0,0,0,1,1,0,0,0,1,0,,,46022
bert_20260228023827,192394,20260101,1,2723989,unian,703656,PPLA2,Kupiansk,Kharkiv,1191,Kupians'ka,19188,37.61478,49.7108,ADM3,1,1,1,1,0,0,0,0,0,0,0,0,0,0,1,0,0,0,1,0,0,0,0,0,0,,,46022
bert_20260228023827,205884,20260101,1,2723990,unian,704568,PPL,Kozerohy,Chernihiv,498,Chernihivs'kyi,7661,31.0412,51.30626,ADM3,0,0,0,0,0,0,0,0,0,0,0,0,0,0,0,0,0,0,0,0,0,0,0,0,0,,,46022
bert_20260228023827,67804,20260101,1,2723991,unian,693805,PPLA2,Simferopol,Crimea,579,Simferopol's'ka,34229,34.09941,44.95363,ADM3,0,1,1,1,0,0,0,0,0,0,0,0,0,0,1,0,0,0,1,0,0,0,0,0,0,,,46022
bert_20260228023827,373664,20260101,2,"2723992, 2723983",unian,9114542,PPL,Novyi,Luhans'k,1405,Krasnoluts'ka,18939,38.59081,48.49995,ADM3,1,0,1,0,1,0,0,0,0,0,0,0,0,0,0,0,0,0,0,0,0,0,0,0,0,,,46022
bert_20260228023827,373663,20260101,1,2723993,unian,9114542,PPL,Novyi,Luhans'k,1405,Krasnoluts'ka,18939,38.59081,48.49995,ADM3,1,0,1,0,0,0,0,0,0,0,0,0,0,0,0,0,0,0,0,0,0,0,0,0,0,,,46022
bert_20260228023827,203459,20260101,1,2723994,unian,704422,PPLA2,Pokrovsk,Donets'k,655,Krasnoarmiis'kyi,18918,37.1756,48.28035,ADM3,1,1,1,0,1,0,0,0,0,0,0,0,0,0,1,0,0,0,0,0,0,0,0,0,0,,,46022
bert_20260228023827,187920,20260101,1,2724349,liga,703448,PPLC,Kyiv,Kiev City,1210,Shevchenkivs'kyi,33738,30.52355,50.45044,ADM3,1,1,1,0,1,0,0,1,0,0,1,0,0,0,0,0,0,1,0,1,0,0,0,0,0,,,46022
bert_20260228023827,187918,20260101,1,2724350,liga,703448,PPLC,Kyiv,Kiev City,1210,Shevchenkivs'kyi,33738,30.52355,50.45044,ADM3,0,0,1,0,0,0,1,0,0,0,0,0,0,0,0,0,0,0,0,0,0,0,0,0,0,,,46022
bert_20260228023827,112298,20260101,1,2717252,unian,698740,PPLA,Odessa,Odessa,1800,Odes'ka,26260,30.73169,46.48421,ADM3,1,1,0,1,0,0,0,0,0,0,1,0,0,0,0,0,0,0,0,1,0,0,0,1,0,,,46022
bert_20260228023827,373662,20260101,1,2717253,unian,9114542,PPL,Novyi,Luhans'k,1405,Krasnoluts'ka,18939,38.59081,48.49995,ADM3,0,0,0,0,0,1,0,0,0,0,0,0,0,0,0,0,0,0,0,0,0,0,0,0,0,,,46022
bert_20260228023827,114414,20260101,1,2717254,unian,699035,PPL,Novovolynsk,Volyn,2623,Ivanychivs'kyi,15852,24.17319,50.72382,STREET,1,1,1,1,0,0,0,0,0,0,1,0,0,0,0,0,0,0,0,1,0,0,0,1,0,,,46022
bert_20260228023827,319005,20260101,1,2717255,unian,712609,PPL,Bilka,Odessa,1800,Ivanivs'kyi,15842,30.40579,46.90822,ADM1,1,1,1,1,0,0,0,0,0,0,1,0,0,0,0,0,0,0,0,1,0,0,0,1,0,,,46022
bert_20260228023827,203457,20260101,1,2717269,espreso,704422,PPLA2,Pokrovsk,Donets'k,655,Krasnoarmiis'kyi,18918,37.1756,48.28035,ADM3,0,0,1,0,0,0,1,0,0,0,0,0,0,0,0,0,0,0,0,0,0,0,0,0,0,,,46022
bert_20260228023827,187915,20260101,1,2717270,espreso,703448,PPLC,Kyiv,Kiev City,1210,Shevchenkivs'kyi,33738,30.52355,50.45044,ADM3,0,0,0,0,0,1,1,0,0,0,0,0,1,0,0,0,0,0,0,0,0,0,0,0,0,,,46022
bert_20260228023827,114413,20260101,1,2717271,espreso,699035,PPL,Novovolynsk,Volyn,2623,Ivanychivs'kyi,15852,24.17319,50.72382,STREET,0,0,1,0,0,0,0,0,0,0,0,0,0,0,0,0,0,0,0,0,0,0,0,0,0,,,46022
bert_20260228023827,319004,20260101,1,2717272,espreso,712609,PPL,Bilka,Odessa,1800,Ivanivs'kyi,15842,30.40579,46.90822,ADM1,0,0,1,0,0,0,0,0,0,0,0,0,0,0,0,0,0,0,0,0,0,0,0,0,0,,,46022
bert_20260228023827,82395,20260101,1,2717273,espreso,695094,PPLX,Ruttschenkowo,Donets'k,655,Donets'ka,10139,37.67529,47.95508,ADM1,1,0,0,0,0,0,1,0,0,0,0,0,0,0,0,0,0,0,0,0,0,0,0,0,0,,,46022
bert_20260228023827,187911,20260101,1,2717274,espreso,703448,PPLC,Kyiv,Kiev City,1210,Shevchenkivs'kyi,33738,30.52355,50.45044,ADM3,1,0,0,0,0,0,1,0,0,0,0,0,0,0,0,0,0,0,0,0,0,0,0,0,0,,,46022
bert_20260228023827,303405,20260101,1,2717275,espreso,710771,PPL,Chorna Dolyna,Kherson,1195,Kakhovs'kyi,16943,33.48173,46.55783,ADM1,1,1,1,0,1,0,0,0,0,0,0,0,0,0,0,0,0,0,0,0,0,0,0,0,0,,,46022
bert_20260228023827,67803,20260101,1,2717276,espreso,693805,PPLA2,Simferopol,Crimea,579,Simferopol's'ka,34229,34.09941,44.95363,ADM3,1,0,1,0,0,0,1,0,0,0,0,0,0,1,0,0,0,0,0,0,0,0,0,0,0,,,46022
bert_20260228023827,250126,20260101,1,2717277,espreso,706483,PPLA,Kharkiv,Kharkiv,1191,Kharkivs'ka,17850,36.2312,49.99217,ADM3,0,0,1,0,0,1,1,0,0,0,0,0,1,0,0,0,0,0,0,0,0,0,0,0,0,,,46022
bert_20260228023827,38213,20260101,1,2717278,espreso,690773,PPL,Ukrainka,Kiev,1209,Obukhivs'kyi,26204,30.74207,50.15372,ADM3,1,0,1,0,0,0,0,0,0,0,1,0,0,0,0,0,0,0,0,0,0,0,0,0,0,,,46022
bert_20260228023827,38214,20260101,1,2717279,espreso,690773,PPL,Ukrainka,Kiev,1209,Obukhivs'kyi,26204,30.74207,50.15372,ADM3,0,1,1,0,0,0,1,0,0,0,0,0,0,0,0,0,0,0,0,0,0,0,0,0,0,,,46022
bert_20260228023827,197330,20260101,1,2717280,espreso,704204,PPL,Lyman,Donets'k,655,Krasnolymans'kyi,18941,37.82245,48.96409,ADM3,1,1,1,1,0,0,0,0,0,0,0,0,0,0,1,0,0,0,1,0,0,0,0,0,0,,,46022
bert_20260228023827,203462,20260101,1,2717281,espreso,704422,PPLA2,Pokrovsk,Donets'k,655,Krasnoarmiis'kyi,18918,37.1756,48.28035,ADM3,1,1,1,1,0,0,0,0,0,0,0,0,0,0,1,0,0,0,1,0,0,0,0,0,0,,,46022
bert_20260228023827,119908,20260101,1,2717577,liga,699751,PPL,Novgorodskoye,Donets'k,655,Dzerzhyns'ka,10511,37.83659,48.33202,ADM3,1,1,1,1,0,0,0,0,0,0,1,0,0,0,1,0,0,0,1,1,0,0,0,0,0,,,46022
bert_20260228023827,250127,20260101,1,2717578,liga,706483,PPLA,Kharkiv,Kharkiv,1191,Kharkivs'ka,17850,36.2312,49.99217,ADM3,1,1,1,0,0,0,0,0,0,0,1,0,0,0,0,0,0,0,0,0,0,0,1,0,0,,,46022
bert_20260228023827,289482,20260101,1,2717830,liveuamap,710394,PPL,Chubayevka,Odessa,1800,Odes'ka,26260,30.72773,46.448,ADM3,1,0,1,1,0,0,0,0,0,0,0,0,0,0,0,1,0,0,0,0,0,0,0,0,0,,,46022
bert_20260228023827,7394,20260101,1,2717831,liveuamap,687700,PPLA,Zaporizhzhya,Zaporizhzhya,2730,Zaporiz'ka,41153,35.1796,47.83976,ADM1,1,0,1,0,0,0,0,0,0,0,0,0,0,0,0,1,0,0,0,0,0,0,0,0,0,,,46022
bert_20260228023827,206183,20260101,1,2717832,liveuamap,704670,PPL,Kotsiubynske,Kiev City,1210,Sviatoshyns'kyi,35620,30.30922,50.47011,ADM3,1,0,1,0,0,0,0,0,0,0,0,0,0,0,0,1,0,0,0,0,0,0,0,0,0,,,46022
bert_20260228023827,260010,20260101,1,2717833,liveuamap,707679,PPL,Ilovays'k,Donets'k,655,Amvrosi‹vs'kyi,1671,38.19105,47.9271,ADM3,1,0,1,0,0,0,0,0,0,0,0,0,0,0,0,1,0,0,0,0,0,0,0,0,0,,,46022
bert_20260228023827,94535,20260101,1,2717834,liveuamap,696877,PPLX,Podil,Kiev City,1210,Shevchenkivs'kyi,33738,30.47882,50.4423,ADM3,1,0,1,0,0,0,0,0,0,0,0,0,0,0,0,1,0,0,0,0,0,0,0,0,0,,,46022
bert_20260228023827,386533,20260101,1,2717835,liveuamap,11012773,PPL,Rostushche,Zaporizhzhya,2730,Zaporiz'ka,41153,35.26491,47.80851,ADM3,1,0,1,0,0,0,0,0,0,0,0,0,0,0,0,1,0,0,0,0,0,0,0,0,0,,,46022
bert_20260228023827,131651,20260101,1,2717836,liveuamap,700848,PPL,Molochansk,Zaporizhzhya,2730,Tokmats'kyi,37511,35.59905,47.20608,ADM3,1,1,1,1,0,0,0,0,0,0,1,0,0,0,0,0,0,0,0,0,0,0,0,0,0,,,46022
bert_20260228023827,36216,20260101,1,2717837,liveuamap,690411,PPL,Vasylkivka,Dnipropetrovs'k,650,Vasyl'kivs'kyi,39199,36.03056,48.20233,ADM3,1,1,1,1,0,0,0,1,0,0,1,0,0,0,0,0,0,0,0,0,0,0,0,0,0,,,46022
bert_20260228023827,102406,20260101,1,2717838,liveuamap,698428,PPLA2,Orikhiv,Zaporizhzhya,2730,Orikhivs'kyi,26748,35.78307,47.57565,ADM2,1,0,0,0,0,0,0,0,0,0,0,0,0,0,0,0,1,0,0,1,0,0,0,1,0,,,46022
bert_20260228023827,26154,20260101,1,2717839,liveuamap,688871,PPL,Vozdvyzhivka,Zaporizhzhya,2730,Novomykola‹vs'kyi,25913,36.07979,47.74727,ADM3,1,0,0,0,0,0,0,0,0,0,0,0,0,0,0,0,1,0,0,1,0,0,0,1,0,,,46022
bert_20260228023827,19219,20260101,1,2717840,liveuamap,687700,PPLA,Zaporizhzhya,Zaporizhzhya,2730,Zaporiz'ka,41153,35.13885,47.83831,ADM3,1,0,0,0,0,0,0,0,0,0,0,0,0,0,0,0,1,0,0,1,0,0,0,1,0,,,46022
bert_20260228023827,103017,20260101,1,2717841,liveuamap,698428,PPLA2,Orikhiv,Zaporizhzhya,2730,Orikhivs'kyi,26748,35.77773,47.56947,ADM3,1,0,0,0,0,0,0,0,0,0,0,0,0,0,0,0,1,0,0,1,0,0,0,1,0,,,46022
bert_20260228023827,257127,20260101,1,2717843,liveuamap,707314,PPL,Izbytske,Kharkiv,1191,Vovchans'kyi,39837,36.74755,50.20985,ADM3,1,1,1,0,1,0,0,1,0,0,1,0,0,0,0,0,0,0,0,1,0,0,0,0,0,,,46022
bert_20260228023827,32654,20260101,1,2717844,liveuamap,689304,PPLA2,Vovchansk,Kharkiv,1191,Vovchans'kyi,39837,36.9368,50.29401,ADM3,1,1,1,0,1,0,0,1,0,0,1,0,0,0,0,0,0,0,0,1,0,0,0,0,0,,,46022
bert_20260228023827,197329,20260101,1,2717845,liveuamap,704204,PPL,Lyman,Donets'k,655,Krasnolymans'kyi,18941,37.82245,48.96409,ADM3,1,1,1,0,1,0,0,1,0,0,1,0,0,0,0,0,0,0,0,1,0,0,0,0,0,,,46022
bert_20260228023827,349597,20260101,1,2717846,liveuamap,810712,PPL,Zelenyi Hai,Kharkiv,1191,Borivs'kyi,5218,37.79366,49.37518,ADM3,1,1,1,1,0,0,0,0,0,0,1,0,0,0,0,0,0,0,0,0,0,0,0,0,0,,,46022
bert_20260228023827,352479,20260101,1,2717847,liveuamap,811698,PPL,Novoplatonovka,Donets'k,655,Artemivs'kyi,2372,38.01081,48.90105,ADM3,1,1,0,1,0,0,0,0,0,0,0,0,0,1,0,0,0,0,0,1,0,0,0,1,0,,,46022
bert_20260228023827,336671,20260101,1,2717848,liveuamap,713181,PPL,Sofiyivka,Donets'k,655,Kostiantynivs'kyi,18739,37.393,48.48666,ADM3,1,0,0,0,0,0,0,0,0,0,0,0,0,0,0,0,1,0,0,0,0,0,0,0,0,,,46022
bert_20260228023827,268609,20260101,1,2717849,liveuamap,709578,PPL,Druzheliubivka,Kharkiv,1191,Borivs'kyi,5218,37.87313,49.25961,ADM3,1,1,1,0,1,0,0,0,0,0,1,0,0,0,0,0,0,1,0,1,0,0,0,0,0,,,46022
bert_20260228023827,123885,20260101,1,2717850,liveuamap,700208,PPL,Nykanorivka,Donets'k,655,Dobropil's'kyi,9997,37.25893,48.41358,ADM3,1,1,1,0,1,0,0,1,0,0,0,0,0,0,0,0,0,1,0,1,0,0,0,0,0,,,46022
bert_20260228023827,197328,20260101,1,2717851,liveuamap,704204,PPL,Lyman,Donets'k,655,Krasnolymans'kyi,18941,37.82245,48.96409,ADM3,1,1,1,0,1,0,0,1,0,0,0,0,0,0,0,0,0,1,0,1,0,0,0,0,0,,,46022
bert_20260228023827,22751,20260101,1,2717852,liveuamap,688393,PPL,Yaseninichi,Rivne,2066,Rivnens'ka,30582,26.25164,50.61992,ADM3,1,1,1,0,1,0,0,1,0,0,0,0,0,0,0,0,0,1,0,1,0,0,0,0,0,,,46022
bert_20260228023827,203461,20260101,1,2717853,liveuamap,704422,PPLA2,Pokrovsk,Donets'k,655,Krasnoarmiis'kyi,18918,37.1756,48.28035,ADM3,1,1,1,0,1,0,0,1,0,0,0,0,0,0,0,0,0,1,0,1,0,0,0,0,0,,,46022
bert_20260228023827,287918,20260101,1,2717854,liveuamap,710035,PPLA2,Myrnohrad,Donets'k,655,Krasnoarmiis'ka,18917,37.26806,48.29097,ADM3,1,1,1,0,1,0,0,1,0,0,0,0,0,0,0,0,0,1,0,1,0,0,0,0,0,,,46022
bert_20260228023827,288680,20260101,1,2717855,liveuamap,710293,PPL,Danylivka,Dnipropetrovs'k,650,Pokrovs'kyi,28862,36.25232,47.86896,ADM3,1,1,1,1,0,0,0,0,0,0,0,0,0,1,0,0,0,0,0,1,0,0,0,0,0,,,46022
bert_20260228023827,103631,20260101,1,2717856,liveuamap,698658,PPL,Olenokostiantynivka,Zaporizhzhya,2730,Huliaipil's'kyi,14713,36.18759,47.72912,ADM3,1,1,1,0,1,0,0,1,0,0,1,0,0,0,0,0,0,0,0,1,0,0,0,0,0,,,46022
bert_20260228023827,261496,20260101,1,2717857,liveuamap,707898,PPLA2,Hulyaypole,Zaporizhzhya,2730,Huliaipil's'kyi,14713,36.25322,47.66644,ADM3,1,1,1,0,1,0,0,1,0,0,1,0,0,0,0,0,0,0,0,1,0,0,0,0,0,,,46022
bert_20260228023827,313832,20260101,1,2717858,liveuamap,712582,PPLA2,Bilohirya,Khmel'nyts'kyy,1196,Bilohirs'kyi,4619,26.41185,50.00143,ADM3,1,1,1,0,1,0,0,1,0,0,1,0,0,0,0,0,0,0,0,1,0,0,0,0,0,,,46022
bert_20260228023827,337840,20260101,1,2717859,liveuamap,713304,PPL,Antonivka,Kherson,1195,Khersons'ka,17890,32.72621,46.65342,ADM3,1,0,0,0,0,0,0,0,0,0,0,0,0,0,0,0,1,0,0,1,0,0,0,0,0,,,46022
bert_20260228023827,35510,20260101,1,2717860,liveuamap,690189,PPL,Velykyi Dalnyk,Odessa,1800,Bilia‹vs'kyi,4610,30.53925,46.43029,ADM3,1,1,1,1,0,0,0,0,1,0,0,0,0,0,0,0,0,0,0,1,0,0,0,0,0,,,46022
bert_20260228023827,132651,20260101,1,2717861,liveuamap,701404,PPLA2,Melitopol,Zaporizhzhya,2730,Melitopol's'kyi,22691,35.38919,46.85336,ADM2,1,1,1,0,0,0,0,0,0,0,0,0,0,0,0,1,0,0,0,0,0,0,0,0,0,,,46022
bert_20260228023827,187917,20260101,3,"2717862, 2717863, 2717864",liveuamap,703448,PPLC,Kyiv,Kiev City,1210,Shevchenkivs'kyi,33738,30.52903,50.44425,ADM3,1,0,1,0,0,0,0,0,0,0,0,0,0,0,0,1,0,0,0,0,0,0,0,0,0,,,46022
bert_20260228023827,112297,20260101,1,2717865,liveuamap,698740,PPLA,Odessa,Odessa,1800,Odes'ka,26260,30.73169,46.48421,ADM3,1,0,1,1,0,0,0,0,0,0,0,0,0,0,0,1,0,0,0,0,0,0,0,0,0,,,46022
bert_20260228023827,7395,20260101,1,2717866,liveuamap,687700,PPLA,Zaporizhzhya,Zaporizhzhya,2730,Zaporiz'ka,41153,35.11745,47.82581,ADM1,1,1,1,1,0,0,0,0,0,0,0,0,0,0,0,1,0,0,0,0,0,0,1,0,0,,,46022
bert_20260228023827,367897,20260101,1,2717867,liveuamap,9113069,PPL,Spartak,Donets'k,655,Iasynuvats'kyi,14832,37.73993,48.07497,ADM3,1,1,1,0,1,0,0,0,0,0,1,0,0,0,0,0,0,1,0,1,0,0,0,0,0,,,46022
bert_20260228023827,308213,20260101,1,2717868,liveuamap,711866,PPL,Boguslavka,Kharkiv,1191,Borivs'kyi,5218,37.69392,49.48663,ADM3,1,1,1,1,0,0,0,0,0,0,1,0,0,0,0,0,0,0,0,0,0,0,0,0,0,,,46022
bert_20260228023827,19221,20260101,1,2717869,liveuamap,687700,PPLA,Zaporizhzhya,Zaporizhzhya,2730,Zaporiz'ka,41153,35.13885,47.83831,ADM3,1,1,1,1,0,0,0,0,0,0,1,0,0,0,0,0,0,0,0,0,0,0,0,0,0,,,46022
bert_20260228023827,100893,20260101,1,2717870,liveuamap,698154,PPL,Otradnoye,Kharkiv,1191,Dvorichans'kyi,10500,37.71761,49.99911,ADM3,1,1,1,0,0,0,0,1,0,0,0,0,0,0,0,0,0,0,0,1,0,0,0,1,0,,,46022
bert_20260228023827,32653,20260101,1,2717871,liveuamap,689304,PPLA2,Vovchansk,Kharkiv,1191,Vovchans'kyi,39837,36.9368,50.29401,ADM3,1,1,1,0,0,0,0,1,0,0,0,0,0,0,0,0,0,0,0,1,0,0,0,1,0,,,46022
bert_20260228023827,257126,20260101,1,2717872,liveuamap,707314,PPL,Izbytske,Kharkiv,1191,Vovchans'kyi,39837,36.74435,50.20446,ADM3,1,1,1,0,0,0,0,1,0,0,0,0,0,0,0,0,0,0,0,1,0,0,0,1,0,,,46022
bert_20260228023827,217559,20260101,1,2717873,liveuamap,705425,PPLA3,Kolodeznoye,Crimea,579,Krasnohvardiis'kyi,18931,34.33636,45.22611,ADM3,1,1,1,0,0,0,0,1,0,0,0,0,0,0,0,0,0,0,0,1,0,0,0,1,0,,,46022
bert_20260228023827,102407,20260101,1,2717874,liveuamap,698428,PPLA2,Orikhiv,Zaporizhzhya,2730,Orikhivs'kyi,26748,35.78367,47.57315,ADM2,1,1,1,0,1,0,0,0,0,0,1,0,0,0,0,0,0,0,0,0,0,0,0,0,0,,,46022
bert_20260228023827,203460,20260101,1,2717875,liveuamap,704422,PPLA2,Pokrovsk,Donets'k,655,Krasnoarmiis'kyi,18918,37.1756,48.28035,ADM3,1,1,1,0,1,0,0,0,0,0,1,0,0,0,0,0,0,0,0,0,0,0,0,0,0,,,46022
bert_20260228023827,287039,20260101,1,2717876,liveuamap,709930,PPLA,Dnipro,Dnipropetrovs'k,650,Dnipropetrovs'ka,9966,35.04618,48.46472,ADM3,1,1,1,0,1,0,0,0,0,0,1,0,0,0,0,0,0,0,0,0,0,0,0,0,0,,,46022
bert_20260228023827,57682,20260101,1,2717877,liveuamap,693468,PPL,Sloviansk,Donets'k,655,Slovians'ka,34511,37.60582,48.85227,ADM3,1,1,1,0,1,0,0,0,0,0,1,0,0,0,0,0,0,0,0,0,0,0,0,0,0,,,46022
bert_20260228023827,131248,20260101,1,2717878,liveuamap,700569,PPLA,Mykolayiv,Mykolayiv,1628,Mykola‹vs'ka,24267,31.99381,46.97557,ADM3,1,1,1,0,1,0,0,0,0,0,1,0,0,0,0,0,0,0,0,0,0,0,0,0,0,,,46022
bert_20260228023827,82396,20260101,1,2717879,liveuamap,695094,PPLX,Ruttschenkowo,Donets'k,655,Donets'ka,10139,37.67529,47.95508,ADM1,1,1,1,0,1,0,0,0,0,0,1,0,0,0,0,0,0,0,0,0,0,0,0,0,0,,,46022
bert_20260228023827,373666,20260101,1,2717880,liveuamap,9114542,PPL,Novyi,Luhans'k,1405,Krasnoluts'ka,18939,38.59081,48.49995,ADM3,1,1,1,0,1,0,0,0,0,0,1,0,0,0,0,0,0,0,0,0,0,0,0,0,0,,,46022
bert_20260228023827,103018,20260101,1,2717881,liveuamap,698428,PPLA2,Orikhiv,Zaporizhzhya,2730,Orikhivs'kyi,26748,35.77773,47.56947,ADM3,1,1,1,0,1,0,0,0,0,0,1,0,0,0,0,0,0,0,0,0,0,0,0,0,0,,,46022
bert_20260228023827,19220,20260101,1,2717882,liveuamap,687700,PPLA,Zaporizhzhya,Zaporizhzhya,2730,Zaporiz'ka,41153,35.13885,47.83831,ADM3,1,1,1,0,1,0,0,0,0,0,1,0,0,0,0,0,0,0,0,0,0,0,0,0,0,,,46022
bert_20260228023827,372414,20260101,1,2717883,liveuamap,9114254,PPL,Rybne,Dnipropetrovs'k,650,Pokrovs'kyi,28862,36.34174,47.81164,ADM3,1,1,0,1,0,0,0,0,1,0,0,0,0,0,0,0,0,0,0,1,0,0,0,1,0,,,46022
bert_20260228023827,260182,20260101,1,2717884,liveuamap,707715,PPL,Ozerne,Donets'k,655,Krasnolymans'kyi,18941,37.92498,48.91864,ADM3,1,1,1,0,1,0,0,0,0,0,1,0,0,0,0,0,0,0,0,1,0,0,0,0,0,,,46022
bert_20260228023827,313891,20260101,1,2717885,liveuamap,712583,PPL,Bilohiria,Zaporizhzhya,2730,Orikhivs'kyi,26748,36.00357,47.52031,ADM3,1,1,1,1,0,0,0,0,0,0,0,0,0,0,0,0,0,0,0,0,0,0,1,0,0,,,46022
bert_20260228023827,261497,20260101,1,2717886,liveuamap,707898,PPLA2,Hulyaypole,Zaporizhzhya,2730,Huliaipil's'kyi,14713,36.25322,47.66644,ADM3,1,1,1,1,0,0,0,0,0,0,0,0,0,0,0,0,0,0,0,0,0,0,1,0,0,,,46022
bert_20260228023827,313833,20260101,1,2717887,liveuamap,712582,PPLA2,Bilohirya,Khmel'nyts'kyy,1196,Bilohirs'kyi,4619,26.41185,50.00143,ADM3,1,1,1,1,0,0,0,0,0,0,0,0,0,0,0,0,0,0,0,0,0,0,1,0,0,,,46022
bert_20260228023827,354103,20260101,1,2717888,liveuamap,813319,PPL,Pishchane,Kharkiv,1191,Kupians'kyi,19189,37.80138,49.63493,ADM3,1,1,1,1,0,0,0,1,0,0,0,0,0,0,0,0,0,0,0,0,0,0,0,0,0,,,46022
bert_20260228023827,268705,20260101,1,2717889,liveuamap,709604,PPL,Dronivka,Donets'k,655,Artemivs'kyi,2372,38.03329,48.90443,ADM3,1,1,0,1,0,0,0,0,0,0,0,0,0,0,0,0,0,0,0,1,0,0,0,1,0,,,46022
bert_20260228023827,365966,20260101,1,2717890,liveuamap,9112904,PPL,Filiia,Dnipropetrovs'k,650,Mezhivs'kyi,22871,36.79493,48.07886,ADM3,1,1,0,0,1,0,0,0,0,0,1,0,0,0,0,0,0,1,0,1,0,0,0,1,0,,,46022
bert_20260228023827,197327,20260101,1,2717891,liveuamap,704204,PPL,Lyman,Donets'k,655,Krasnolymans'kyi,18941,37.82245,48.96409,ADM3,1,1,0,0,1,0,0,0,0,0,1,0,0,0,0,0,0,1,0,1,0,0,0,1,0,,,46022
bert_20260228023827,287917,20260101,1,2717892,liveuamap,710035,PPLA2,Myrnohrad,Donets'k,655,Krasnoarmiis'ka,18917,37.26806,48.29097,ADM3,1,1,0,0,1,0,0,0,0,0,1,0,0,0,0,0,0,1,0,1,0,0,0,1,0,,,46022
bert_20260228023827,203458,20260101,1,2717893,liveuamap,704422,PPLA2,Pokrovsk,Donets'k,655,Krasnoarmiis'kyi,18918,37.1756,48.28035,ADM3,1,1,0,0,1,0,0,0,0,0,1,0,0,0,0,0,0,1,0,1,0,0,0,1,0,,,46022
bert_20260228023827,336672,20260101,1,2717894,liveuamap,713181,PPL,Sofiyivka,Donets'k,655,Kostiantynivs'kyi,18739,37.40315,48.48744,ADM3,1,0,1,1,0,0,0,0,0,0,0,0,0,0,0,1,0,0,0,0,0,0,0,0,0,,,46022
bert_20260228023827,69536,20260101,1,2717895,liveuamap,694302,PPL,Shcherbaky,Zaporizhzhya,2730,Orikhivs'kyi,26748,35.57596,47.53364,ADM3,1,1,1,1,0,0,0,0,1,0,0,0,0,0,0,0,0,0,0,1,0,0,0,0,0,,,46022
bert_20260228023827,69477,20260101,1,2717896,liveuamap,694301,PPL,Shcherbaky,Kiev,1209,Volodars'kyi,39784,29.95282,49.63661,ADM3,1,1,1,1,0,0,0,0,1,0,0,0,0,0,0,0,0,0,0,1,0,0,0,0,0,,,46022
bert_20260228023827,360691,20260101,1,2717897,liveuamap,8420716,PPL,Novomykolaivka,Sumy,2356,Sums'kyi,35426,34.9094,51.14917,ADM3,1,0,1,0,0,0,0,0,0,0,0,0,0,0,0,1,0,0,0,0,0,0,0,0,0,,,46022
bert_20260228023827,383285,20260101,2,"2717898, 2717899",liveuamap,10348946,PPL,Slavne,Kirovohrad,1222,Dolyns'kyi,10083,32.84912,48.03402,ADM3,1,0,1,0,0,0,0,0,0,0,0,0,0,0,0,1,0,0,0,0,0,0,0,0,0,,,46022
bert_20260228023827,373667,20260101,1,2723977,unian,9114542,PPL,Novyi,Luhans'k,1405,Krasnoluts'ka,18939,38.59081,48.49995,ADM3,1,1,1,1,0,0,0,0,0,0,0,0,0,0,1,0,0,0,1,0,0,0,0,0,0,,,46022
bert_20260228023827,114412,20260101,1,2723978,unian,699035,PPL,Novovolynsk,Volyn,2623,Ivanychivs'kyi,15852,24.17319,50.72382,STREET,0,0,0,0,0,1,1,0,0,0,0,0,0,0,0,0,0,0,0,0,0,0,0,0,0,,,46022
bert_20260228023827,319003,20260101,1,2723979,unian,712609,PPL,Bilka,Odessa,1800,Ivanivs'kyi,15842,30.40579,46.90822,ADM1,0,0,0,0,0,1,1,0,0,0,0,0,0,0,0,0,0,0,0,0,0,0,0,0,0,,,46022
bert_20260228023827,112301,20260101,1,2723980,unian,698740,PPLA,Odessa,Odessa,1800,Odes'ka,26260,30.73169,46.48421,ADM3,0,1,1,1,0,0,0,0,0,0,0,0,0,0,1,0,0,0,1,0,0,0,0,0,0,,,46022
bert_20260228023827,373668,20260101,1,2723981,unian,9114542,PPL,Novyi,Luhans'k,1405,Krasnoluts'ka,18939,38.59081,48.49995,ADM3,1,1,1,1,0,0,0,0,0,0,1,0,0,0,0,0,0,0,0,0,0,0,0,0,0,,,46022
bert_20260228023827,319002,20260101,1,2723982,unian,712609,PPL,Bilka,Odessa,1800,Ivanivs'kyi,15842,30.40579,46.90822,ADM1,0,0,0,0,0,0,1,0,0,0,0,0,0,0,0,0,0,0,0,0,0,0,0,0,0,,,46022
bert_20260228023827,373665,20260101,1,2723984,unian,9114542,PPL,Novyi,Luhans'k,1405,Krasnoluts'ka,18939,38.59081,48.49995,ADM3,1,1,0,1,0,0,0,0,1,0,0,0,0,0,0,0,0,0,0,1,0,0,0,0,0,,,46022
bert_20260228023827,250125,20260101,1,2723985,unian,706483,PPLA,Kharkiv,Kharkiv,1191,Kharkivs'ka,17850,36.2312,49.99217,ADM3,0,0,0,0,0,0,1,0,0,0,0,0,0,0,0,0,0,0,0,0,0,0,0,0,0,,,46022
bert_20260228023827,154666,20260101,1,2711268,liga,702569,PPLA,Lutsk,Volyn,2623,Luts'ka,21027,25.32541,50.74731,ADM3,1,0,0,1,0,0,0,0,0,0,0,0,0,0,0,0,0,0,0,1,0,0,0,0,0,,,46022
bert_20260228023827,112296,20260101,1,2711269,liga,698740,PPLA,Odessa,Odessa,1800,Odes'ka,26260,30.73169,46.48421,ADM3,1,0,0,1,0,0,0,0,0,0,0,0,0,0,0,0,0,0,0,1,0,0,0,0,0,,,46022
bert_20260228023827,154667,20260101,1,2711270,liga,702569,PPLA,Lutsk,Volyn,2623,Luts'ka,21027,25.32541,50.74731,ADM3,1,1,1,0,1,0,0,1,0,0,1,0,0,1,0,0,0,0,0,1,0,0,0,0,0,,,46022
bert_20260228023827,112300,20260101,1,2711271,liga,698740,PPLA,Odessa,Odessa,1800,Odes'ka,26260,30.73169,46.48421,ADM3,1,1,1,0,1,0,0,1,0,0,1,0,0,1,0,0,0,0,0,1,0,0,0,0,0,,,46022
bert_20260228023827,287040,20260101,1,2711272,liga,709930,PPLA,Dnipro,Dnipropetrovs'k,650,Dnipropetrovs'ka,9966,35.04618,48.46472,ADM3,1,1,1,1,0,0,0,0,1,0,0,0,0,0,0,0,0,0,0,1,0,0,0,0,0,,,46022
bert_20260228023827,250128,20260101,1,2711273,liga,706483,PPLA,Kharkiv,Kharkiv,1191,Kharkivs'ka,17850,36.2312,49.99217,ADM3,1,1,1,1,0,0,0,0,1,0,0,0,0,0,0,0,0,0,0,1,0,0,0,0,0,,,46022
bert_20260228023827,29677,20260102,1,2870179,liga,689103,PPL,Volovytsia,Chernihiv,498,Borznians'kyi,5262,32.00406,51.35543,ADM1,0,0,0,0,0,1,0,0,0,0,0,0,0,0,0,0,0,0,0,0,0,0,0,0,0,,,46023
bert_20260228023827,187927,20260102,1,2870180,liga,703448,PPLC,Kyiv,Kiev City,1210,Shevchenkivs'kyi,33738,30.52355,50.45044,ADM3,0,0,0,0,0,1,0,0,0,0,0,0,0,0,0,0,0,0,0,0,0,0,0,0,0,,,46023
bert_20260228023827,187936,20260102,2,"2863880, 2825851",liga,703448,PPLC,Kyiv,Kiev City,1210,Shevchenkivs'kyi,33738,30.52355,50.45044,ADM3,1,1,1,1,0,0,0,0,0,0,0,0,0,0,0,0,0,0,0,1,0,0,0,1,0,,,46023
bert_20260228023827,187937,20260102,1,2857607,liga,703448,PPLC,Kyiv,Kiev City,1210,Shevchenkivs'kyi,33738,30.52355,50.45044,ADM3,1,1,1,1,0,0,0,0,0,0,0,0,0,1,0,0,0,0,0,1,0,0,0,0,0,,,46023
bert_20260228023827,154080,20260102,1,2851313,liga,702550,PPLA,Lviv,L'viv,1289,L'vivs'ka,19402,24.0299,49.83932,ADM3,0,0,0,0,0,1,1,0,0,0,0,0,0,0,0,0,0,0,0,0,0,0,0,0,0,,,46023
bert_20260228023827,187928,20260102,1,2851314,liga,703448,PPLC,Kyiv,Kiev City,1210,Shevchenkivs'kyi,33738,30.52355,50.45044,ADM3,0,0,0,0,0,1,1,0,0,0,0,0,0,0,0,0,0,0,0,0,0,0,0,0,0,,,46023
bert_20260228023827,112303,20260102,1,2845015,liga,698740,PPLA,Odessa,Odessa,1800,Odes'ka,26260,30.73169,46.48421,ADM3,1,0,0,0,0,0,1,0,0,0,0,0,0,0,0,0,0,0,0,0,0,0,0,0,0,,,46023
bert_20260228023827,112302,20260102,1,2838629,liga,698740,PPLA,Odessa,Odessa,1800,Odes'ka,26260,30.73169,46.48421,ADM3,0,0,0,0,0,0,1,0,0,0,0,0,0,0,0,0,0,0,0,1,0,0,0,0,0,,,46023
bert_20260228023827,359342,20260102,1,2832253,liga,8281918,PPL,Posich,Transcarpathia,2491,Khusts'kyi,18005,23.41312,48.22076,ADM1,0,0,0,0,0,1,1,0,0,0,0,0,0,0,0,0,0,0,0,0,0,0,0,0,0,,,46023
bert_20260228023827,187929,20260102,1,2825850,liga,703448,PPLC,Kyiv,Kiev City,1210,Shevchenkivs'kyi,33738,30.52355,50.45044,ADM3,0,0,1,0,0,0,0,0,0,0,0,0,0,0,0,0,0,0,0,1,0,0,0,0,0,,,46023
bert_20260228023827,112304,20260102,1,2819427,liga,698740,PPLA,Odessa,Odessa,1800,Odes'ka,26260,30.73169,46.48421,ADM3,0,1,1,0,0,0,0,0,0,0,0,0,0,0,0,0,0,0,0,0,0,0,0,0,0,,,46023
bert_20260228023827,187923,20260102,1,2819428,liga,703448,PPLC,Kyiv,Kiev City,1210,Shevchenkivs'kyi,33738,30.52355,50.45044,ADM3,0,0,0,0,0,0,0,0,0,0,0,0,0,0,0,0,0,0,0,0,0,0,0,0,0,,,46023
bert_20260228023827,154079,20260102,1,2806705,liga,702550,PPLA,Lviv,L'viv,1289,L'vivs'ka,19402,24.0299,49.83932,ADM3,0,0,0,0,0,0,1,0,0,0,0,0,0,0,0,0,0,0,0,0,0,0,0,0,0,,,46023
bert_20260228023827,187931,20260102,2,"2781103, 2756070",liga,703448,PPLC,Kyiv,Kiev City,1210,Shevchenkivs'kyi,33738,30.52355,50.45044,ADM3,1,0,1,0,0,0,0,0,0,0,0,0,0,1,0,0,0,0,0,1,0,0,0,0,0,,,46023
bert_20260228023827,357634,20260102,1,2781104,liga,8250815,PPL,Karpaty,Transcarpathia,2491,Mukachivs'kyi,24017,22.8742,48.52159,ADM3,1,0,0,0,0,0,1,0,0,0,1,0,0,0,0,0,0,1,0,0,0,0,0,0,0,,,46023
bert_20260228023827,187926,20260102,1,2774843,liga,703448,PPLC,Kyiv,Kiev City,1210,Shevchenkivs'kyi,33738,30.52355,50.45044,ADM3,0,0,0,0,0,0,1,0,0,0,0,0,0,0,0,0,0,0,0,1,0,0,0,0,0,,,46023
bert_20260228023827,362541,20260102,1,2756069,liga,8519916,PPL,Obolon,Kiev City,1210,Obolons'kyi,26190,30.49826,50.50148,STREET,1,0,1,0,0,0,0,0,0,0,0,0,0,1,0,0,0,0,0,1,0,0,0,0,0,,,46023
bert_20260228023827,187935,20260102,1,2743235,liga,703448,PPLC,Kyiv,Kiev City,1210,Shevchenkivs'kyi,33738,30.52355,50.45044,ADM3,1,1,1,0,1,0,0,0,0,0,0,0,0,0,1,0,0,0,1,0,0,0,0,0,0,,,46023
bert_20260228023827,287042,20260102,1,2743236,liga,709930,PPLA,Dnipro,Dnipropetrovs'k,650,Dnipropetrovs'ka,9966,35.04618,48.46472,ADM3,0,0,0,0,0,0,1,0,0,0,0,0,1,0,0,0,0,0,0,0,0,0,0,0,0,,,46023
bert_20260228023827,235283,20260102,1,2736979,liga,706448,PPLA,Kherson,Kherson,1195,Khersons'ka,17890,32.61496,46.64032,ADM3,0,0,0,0,0,0,0,0,0,0,0,0,0,0,0,0,0,0,0,0,0,0,0,0,0,,,46023
bert_20260228023827,359343,20260102,1,2730452,espreso,8281918,PPL,Posich,Transcarpathia,2491,Khusts'kyi,18005,23.41312,48.22076,ADM1,1,1,1,0,0,0,0,0,0,0,1,0,0,0,0,0,0,0,0,0,0,0,0,0,0,,,46023
bert_20260228023827,187933,20260102,1,2723995,unian,703448,PPLC,Kyiv,Kiev City,1210,Shevchenkivs'kyi,33738,30.52355,50.45044,ADM3,0,1,1,0,0,0,1,0,0,0,0,0,0,0,0,0,0,0,0,0,0,0,0,0,0,,,46023
bert_20260228023827,203463,20260102,2,"2724000, 2724362","espreso, liga",704422,PPLA2,Pokrovsk,Donets'k,655,Krasnoarmiis'kyi,18918,37.1756,48.28035,ADM3,0,0,0,0,0,0,0,0,0,0,0,0,0,0,0,0,0,0,0,0,0,0,0,0,0,,,46023
bert_20260228023827,287045,20260102,2,"2724001, 2724007",espreso,709930,PPLA,Dnipro,Dnipropetrovs'k,650,Dnipropetrovs'ka,9966,35.04618,48.46472,ADM3,1,1,1,1,0,0,0,0,0,0,0,0,0,0,0,0,0,0,0,0,0,0,0,0,0,,,46023
bert_20260228023827,19229,20260102,2,"2724002, 2724008",espreso,687700,PPLA,Zaporizhzhya,Zaporizhzhya,2730,Zaporiz'ka,41153,35.13885,47.83831,ADM3,1,1,1,1,0,0,0,0,0,0,0,0,0,0,0,0,0,0,0,0,0,0,0,0,0,,,46023
bert_20260228023827,19230,20260102,1,2724003,espreso,687700,PPLA,Zaporizhzhya,Zaporizhzhya,2730,Zaporiz'ka,41153,35.13885,47.83831,ADM3,1,1,1,1,0,0,0,0,0,0,0,0,0,0,1,0,0,0,0,0,0,0,0,0,0,,,46023
bert_20260228023827,217133,20260102,1,2724004,espreso,705183,PPL,Slobozhans'ke,Kharkiv,1191,Zmiïvs'kyi,41407,36.50512,49.61494,ADM1,1,1,1,0,0,0,0,0,0,0,0,0,0,0,0,0,0,0,0,0,0,0,0,0,0,,,46023
bert_20260228023827,82397,20260102,1,2724005,espreso,695094,PPLX,Ruttschenkowo,Donets'k,655,Donets'ka,10139,37.67529,47.95508,ADM1,1,1,1,0,1,0,0,0,0,0,0,0,0,0,0,0,0,1,0,1,0,0,0,0,0,,,46023
bert_20260228023827,19227,20260102,1,2724006,espreso,687700,PPLA,Zaporizhzhya,Zaporizhzhya,2730,Zaporiz'ka,41153,35.13885,47.83831,ADM3,1,1,1,0,1,0,0,0,0,0,0,0,0,0,0,0,0,1,0,1,0,0,0,0,0,,,46023
bert_20260228023827,203464,20260102,1,2724009,espreso,704422,PPLA2,Pokrovsk,Donets'k,655,Krasnoarmiis'kyi,18918,37.1756,48.28035,ADM3,0,0,1,0,0,0,1,0,0,0,0,0,0,0,0,0,0,0,0,0,0,0,0,0,0,,,46023
bert_20260228023827,376799,20260102,1,2724010,espreso,9532052,PPL,Huliaipilske,Zaporizhzhya,2730,Huliaipil's'kyi,14713,36.06122,47.61272,ADM3,0,0,1,0,0,0,1,0,0,0,0,0,0,0,0,0,0,0,0,0,0,0,0,0,0,,,46023
bert_20260228023827,250130,20260102,1,2724354,liga,706483,PPLA,Kharkiv,Kharkiv,1191,Kharkivs'ka,17850,36.2312,49.99217,ADM3,0,0,0,0,0,0,1,0,0,0,0,0,1,0,0,0,0,0,0,0,0,0,0,1,0,,,46023
bert_20260228023827,157832,20260102,1,2724355,liga,702658,PPLA,Luhansk,Luhans'k,1405,Luhans'ka,20910,39.30771,48.5739,ADM3,0,0,0,0,0,0,0,0,0,0,0,0,0,0,0,0,0,0,0,0,0,0,0,0,0,,,46023
bert_20260228023827,34507,20260102,1,2724356,liga,689558,PPLA,Vinnytsya,Vinnytsya,2611,Vinnyts'ka,39646,28.46868,49.23256,ADM3,0,0,0,0,0,0,1,0,0,0,0,0,0,0,0,0,0,0,0,1,0,0,0,1,0,,,46023
bert_20260228023827,67806,20260102,1,2724357,liga,693805,PPLA2,Simferopol,Crimea,579,Simferopol's'ka,34229,34.09941,44.95363,ADM3,1,1,0,1,0,0,0,0,0,0,0,0,0,0,0,0,0,0,0,1,0,0,0,1,0,,,46023
bert_20260228023827,322976,20260102,1,2724358,liga,712734,PPL,Baydivka,Luhans'k,1405,Starobil's'kyi,35084,38.90252,49.15874,ADM1,1,1,0,1,0,0,0,0,0,0,0,0,0,0,0,0,0,0,0,1,0,0,0,1,0,,,46023
bert_20260228023827,112306,20260102,1,2724359,liga,698740,PPLA,Odessa,Odessa,1800,Odes'ka,26260,30.73169,46.48421,ADM3,1,1,1,1,0,0,0,0,1,0,0,0,0,1,0,0,0,0,0,1,0,0,0,1,0,,,46023
bert_20260228023827,235284,20260102,1,2724360,liga,706448,PPLA,Kherson,Kherson,1195,Khersons'ka,17890,32.61496,46.64032,ADM3,0,0,0,0,0,1,1,0,0,0,0,0,0,0,0,0,0,0,0,0,0,0,0,0,0,,,46023
bert_20260228023827,250131,20260102,1,2724361,liga,706483,PPLA,Kharkiv,Kharkiv,1191,Kharkivs'ka,17850,36.2312,49.99217,ADM3,0,0,0,0,0,1,1,0,0,0,0,0,0,0,0,0,0,0,0,0,0,0,0,0,0,,,46023
bert_20260228023827,287043,20260102,1,2724363,liga,709930,PPLA,Dnipro,Dnipropetrovs'k,650,Dnipropetrovs'ka,9966,35.04618,48.46472,ADM3,1,0,1,0,0,0,0,0,0,0,0,0,0,0,0,0,0,0,0,0,0,0,0,0,0,,,46023
bert_20260228023827,19226,20260102,1,2724364,liga,687700,PPLA,Zaporizhzhya,Zaporizhzhya,2730,Zaporiz'ka,41153,35.13885,47.83831,ADM3,0,1,1,0,0,0,0,0,0,0,0,0,0,0,0,0,0,0,0,0,0,0,0,0,0,,,46023
bert_20260228023827,187932,20260102,1,2724365,liga,703448,PPLC,Kyiv,Kiev City,1210,Shevchenkivs'kyi,33738,30.52355,50.45044,ADM3,1,1,0,0,0,0,0,1,0,0,0,0,0,0,0,0,0,0,0,1,0,0,0,1,0,,,46023
bert_20260228023827,187934,20260102,1,2724366,liga,703448,PPLC,Kyiv,Kiev City,1210,Shevchenkivs'kyi,33738,30.52355,50.45044,ADM3,1,1,1,0,0,0,1,0,0,0,0,0,0,0,0,0,0,0,0,0,0,0,0,0,0,,,46023
bert_20260228023827,250133,20260102,3,"2730428, 2730429, 2730431",meduza,706483,PPLA,Kharkiv,Kharkiv,1191,Kharkivs'ka,17850,36.2312,49.99217,ADM3,1,0,1,0,0,0,0,0,0,0,0,0,0,0,0,0,0,0,0,0,0,0,0,0,0,,,46023
bert_20260228023827,187930,20260102,1,2730430,meduza,703448,PPLC,Kyiv,Kiev City,1210,Shevchenkivs'kyi,33738,30.52355,50.45044,ADM3,1,0,1,0,0,0,0,0,0,0,0,0,0,0,0,0,0,0,0,0,0,0,0,0,0,,,46023
bert_20260228023827,187925,20260102,2,"2730432, 2730445",unian,703448,PPLC,Kyiv,Kiev City,1210,Shevchenkivs'kyi,33738,30.52355,50.45044,ADM3,0,0,0,0,0,0,1,0,0,0,0,0,0,0,0,0,0,0,0,0,0,0,0,0,0,,,46023
bert_20260228023827,205885,20260102,1,2730433,unian,704568,PPL,Kozerohy,Chernihiv,498,Chernihivs'kyi,7661,31.0412,51.30626,ADM3,0,1,0,1,0,0,0,0,0,0,0,0,0,0,0,0,0,0,0,0,0,0,0,1,0,,,46023
bert_20260228023827,250129,20260102,2,"2730434, 2730448",unian,706483,PPLA,Kharkiv,Kharkiv,1191,Kharkivs'ka,17850,36.2312,49.99217,ADM3,0,0,0,0,0,0,1,0,0,0,0,0,0,0,0,0,0,0,0,0,0,0,0,0,0,,,46023
bert_20260228023827,287041,20260102,1,2730435,unian,709930,PPLA,Dnipro,Dnipropetrovs'k,650,Dnipropetrovs'ka,9966,35.04618,48.46472,ADM3,0,0,0,0,0,0,1,0,0,0,0,0,0,0,0,0,0,0,0,0,0,0,0,0,0,,,46023
bert_20260228023827,112305,20260102,1,2730436,unian,698740,PPLA,Odessa,Odessa,1800,Odes'ka,26260,30.73169,46.48421,ADM3,1,1,1,0,1,0,0,0,0,0,1,0,0,0,0,0,0,0,0,0,0,0,0,0,0,,,46023
bert_20260228023827,19222,20260102,1,2730437,unian,687700,PPLA,Zaporizhzhya,Zaporizhzhya,2730,Zaporiz'ka,41153,35.13885,47.83831,ADM3,0,0,0,0,0,0,0,0,0,0,0,0,0,0,0,0,0,0,0,0,0,0,0,0,0,,,46023
bert_20260228023827,89706,20260102,1,2730438,unian,696032,PPLA2,Pustomyty,L'viv,1289,Pustomytivs'kyi,29580,23.91674,49.71749,ADM1,0,1,1,0,0,1,0,0,0,0,0,0,0,0,0,0,0,0,0,0,0,0,0,0,0,,,46023
bert_20260228023827,89707,20260102,1,2730439,unian,696032,PPLA2,Pustomyty,L'viv,1289,Pustomytivs'kyi,29580,23.91674,49.71749,ADM1,0,1,1,1,0,0,0,0,0,0,0,0,0,0,0,0,0,0,0,0,0,0,0,0,0,,,46023
bert_20260228023827,38215,20260102,1,2730440,unian,690773,PPL,Ukrainka,Kiev,1209,Obukhivs'kyi,26204,30.74207,50.15372,ADM3,1,0,0,0,0,0,1,0,0,0,0,0,0,0,0,0,0,0,0,0,0,0,0,0,0,,,46023
bert_20260228023827,345563,20260102,1,2730441,unian,805500,PPL,Voronyne,Sumy,2356,Bilopils'kyi,4621,34.12376,51.10624,ADM1,0,1,1,0,0,0,1,0,0,0,0,0,0,0,0,0,0,0,0,0,0,0,0,0,0,,,46023
bert_20260228023827,373669,20260102,1,2730442,unian,9114542,PPL,Novyi,Luhans'k,1405,Krasnoluts'ka,18939,38.59081,48.49995,ADM3,1,1,1,1,1,0,0,0,0,0,0,0,0,1,1,0,0,0,0,0,0,0,0,0,0,,,46023
bert_20260228023827,303406,20260102,1,2730443,unian,710771,PPL,Chorna Dolyna,Kherson,1195,Kakhovs'kyi,16943,33.48173,46.55783,ADM1,0,0,0,0,0,0,1,0,0,0,0,0,0,0,0,0,0,0,0,0,0,0,0,0,0,,,46023
bert_20260228023827,203467,20260102,1,2730444,unian,704422,PPLA2,Pokrovsk,Donets'k,655,Krasnoarmiis'kyi,18918,37.1756,48.28035,ADM3,0,1,1,1,0,0,0,0,0,0,0,0,0,0,0,0,0,0,0,0,0,0,0,0,0,,,46023
bert_20260228023827,250132,20260102,1,2730446,unian,706483,PPLA,Kharkiv,Kharkiv,1191,Kharkivs'ka,17850,36.2312,49.99217,ADM3,0,0,1,0,0,0,0,0,0,0,0,0,0,0,0,0,0,0,0,0,0,0,0,0,0,,,46023
bert_20260228023827,319006,20260102,1,2730447,unian,712609,PPL,Bilka,Odessa,1800,Ivanivs'kyi,15842,30.40579,46.90822,ADM1,0,0,0,0,0,0,1,0,0,0,0,0,0,0,0,0,0,0,0,0,0,0,0,0,0,,,46023
bert_20260228023827,19223,20260102,1,2717282,espreso,687700,PPLA,Zaporizhzhya,Zaporizhzhya,2730,Zaporiz'ka,41153,35.13885,47.83831,ADM3,0,0,0,0,0,0,1,0,0,0,0,0,0,0,0,0,0,0,0,0,0,0,0,0,0,,,46023
bert_20260228023827,29676,20260102,1,2717283,espreso,689103,PPL,Volovytsia,Chernihiv,498,Borznians'kyi,5262,32.00406,51.35543,ADM1,0,0,0,0,0,0,1,0,0,0,0,0,0,0,0,0,0,0,0,0,0,0,0,0,0,,,46023
bert_20260228023827,19224,20260102,1,2717579,liga,687700,PPLA,Zaporizhzhya,Zaporizhzhya,2730,Zaporiz'ka,41153,35.13885,47.83831,ADM3,1,0,1,0,0,0,0,0,0,0,0,0,0,0,0,1,0,0,0,0,0,0,0,0,0,,,46023
bert_20260228023827,287044,20260102,1,2717580,liga,709930,PPLA,Dnipro,Dnipropetrovs'k,650,Dnipropetrovs'ka,9966,35.04618,48.46472,ADM3,1,1,1,0,0,0,0,0,1,0,0,0,0,1,0,0,0,0,0,0,0,0,0,0,0,,,46023
bert_20260228023827,250135,20260102,1,2717581,liga,706483,PPLA,Kharkiv,Kharkiv,1191,Kharkivs'ka,17850,36.2312,49.99217,ADM3,1,1,1,0,0,0,0,0,1,0,0,0,0,1,0,0,0,0,0,0,0,0,0,0,0,,,46023
bert_20260228023827,288888,20260102,1,2717900,liveuamap,710374,PPLA2,Chuhuiv,Kharkiv,1191,Chuhu‹vs'kyi,8040,36.65794,49.83533,ADM2,1,0,1,0,0,0,0,0,0,0,0,0,0,0,0,1,0,0,0,0,0,0,0,0,0,,,46023
bert_20260228023827,250134,20260102,1,2717901,liveuamap,706483,PPLA,Kharkiv,Kharkiv,1191,Kharkivs'ka,17850,36.2312,49.99217,ADM3,1,0,1,0,0,0,0,0,0,0,0,0,0,0,0,1,0,0,0,0,0,0,0,0,0,,,46023
bert_20260228023827,356256,20260102,1,2717902,liveuamap,6723762,PPL,Lisne,Kharkiv,1191,Derhachivs'kyi,9588,36.28578,50.10222,ADM3,1,1,1,1,0,0,0,0,0,0,1,0,0,0,0,0,0,0,0,0,0,0,0,0,0,,,46023
bert_20260228023827,363619,20260102,1,2717903,liveuamap,8673776,PPLX,Kholodna Hora,Kharkiv,1191,Kharkivs'ka,17850,36.17661,49.98404,ADM3,1,1,1,1,0,0,0,1,0,0,1,0,0,0,0,0,0,0,0,0,0,0,0,0,0,,,46023
bert_20260228023827,187924,20260102,1,2717904,liveuamap,703448,PPLC,Kyiv,Kiev City,1210,Shevchenkivs'kyi,33738,30.52191,50.44149,ADM3,1,0,0,0,0,0,0,0,0,0,0,0,0,0,0,0,1,0,0,1,0,0,0,1,0,,,46023
bert_20260228023827,252631,20260102,1,2717905,liveuamap,706900,PPLA2,Kaniv,Cherkasy,497,Kanivs'kyi,17193,31.47995,49.73324,ADM2,1,1,1,0,1,0,0,1,0,0,1,0,0,0,0,0,0,0,0,1,0,0,0,0,0,,,46023
bert_20260228023827,397076,20260102,1,2717906,liveuamap,,,,,,,,33.29544,46.07938,ADM3,1,1,1,1,0,0,0,0,0,0,1,0,0,0,0,0,0,0,0,0,0,0,0,0,0,,,46023
bert_20260228023827,235285,20260102,1,2717907,liveuamap,706448,PPLA,Kherson,Kherson,1195,Khersons'ka,17890,32.61496,46.64032,ADM3,1,1,0,1,0,0,0,0,0,0,0,0,0,1,0,0,0,0,0,1,0,0,0,1,0,,,46023
bert_20260228023827,353610,20260102,1,2717908,liveuamap,813226,PPL,Dovhenke,Kharkiv,1191,Dvorichans'kyi,10500,37.64551,49.8861,ADM3,1,0,0,0,0,0,0,0,0,0,0,0,0,0,0,0,1,0,0,0,0,0,0,0,0,,,46023
bert_20260228023827,6491,20260102,2,"2717909, 2717914",liveuamap,687557,PPL,Zatoka,Odessa,1800,Bilhorod-Dnistrovs'kyi,4609,30.44483,46.06318,ADM3,1,1,1,0,1,0,0,0,0,0,1,0,0,0,0,0,0,1,0,1,0,0,0,0,0,,,46023
bert_20260228023827,19228,20260102,1,2717910,liveuamap,687700,PPLA,Zaporizhzhya,Zaporizhzhya,2730,Zaporiz'ka,41153,35.13885,47.83831,ADM3,1,1,1,0,1,0,0,0,0,0,1,0,0,0,0,0,0,1,0,1,0,0,0,0,0,,,46023
bert_20260228023827,82398,20260102,1,2717911,liveuamap,695094,PPLX,Ruttschenkowo,Donets'k,655,Donets'ka,10139,37.67529,47.95508,ADM1,1,1,1,0,1,0,0,0,0,0,1,0,0,0,0,0,0,1,0,1,0,0,0,0,0,,,46023
bert_20260228023827,397075,20260102,1,2717912,liveuamap,,,,,,,,35.3767,52.2317,ADM3,1,1,1,0,1,0,0,0,0,0,1,0,0,0,0,0,0,1,0,1,0,0,0,0,0,,,46023
bert_20260228023827,235286,20260102,1,2717913,liveuamap,706448,PPLA,Kherson,Kherson,1195,Khersons'ka,17890,32.61496,46.64032,ADM3,1,1,1,0,1,0,0,0,0,0,1,0,0,0,0,0,0,1,0,1,0,0,0,0,0,,,46023
bert_20260228023827,319007,20260102,1,2717915,liveuamap,712609,PPL,Bilka,Odessa,1800,Ivanivs'kyi,15842,30.40579,46.90822,ADM1,1,1,1,0,1,0,0,0,0,0,1,0,0,0,0,0,0,1,0,1,0,0,0,0,0,,,46023
bert_20260228023827,349598,20260102,1,2717916,liveuamap,810712,PPL,Zelenyi Hai,Kharkiv,1191,Borivs'kyi,5218,37.80481,49.36783,ADM3,1,1,1,0,1,0,0,1,0,0,0,0,0,0,0,0,0,1,0,1,0,0,0,0,0,,,46023
bert_20260228023827,268736,20260102,1,2717917,liveuamap,709614,PPLA3,Drobysheve,Donets'k,655,Krasnolymans'kyi,18941,37.73816,49.04819,ADM3,1,1,1,1,0,0,0,0,0,0,0,0,0,1,0,0,0,0,0,1,0,0,0,0,0,,,46023
bert_20260228023827,69744,20260102,1,2717918,liveuamap,694403,PPL,Siversk,Donets'k,655,Artemivs'kyi,2372,38.09171,48.90075,ADM3,1,1,1,0,1,0,0,1,0,0,1,0,0,0,0,0,0,0,0,1,0,0,0,0,0,,,46023
bert_20260228023827,257459,20260102,2,"2717919, 2717920",liveuamap,707464,PPL,Ivanopillia,Donets'k,655,Kostiantynivs'kyi,18739,37.76242,48.47197,ADM3,1,0,0,0,0,0,0,0,0,0,0,0,0,0,0,0,1,0,0,1,0,0,0,0,0,,,46023
bert_20260228023827,366018,20260102,1,2717921,liveuamap,9112905,PPL,Molodets'ke,Donets'k,655,Krasnoarmiis'kyi,18918,36.95114,48.26966,ADM3,1,1,1,0,0,0,0,0,1,0,1,0,0,1,0,0,0,0,0,1,0,0,0,0,0,,,46023
bert_20260228023827,287920,20260102,1,2717922,liveuamap,710035,PPLA2,Myrnohrad,Donets'k,655,Krasnoarmiis'ka,18917,37.26806,48.29097,ADM3,1,1,1,0,0,0,0,0,1,0,1,0,0,1,0,0,0,0,0,1,0,0,0,0,0,,,46023
bert_20260228023827,203466,20260102,1,2717923,liveuamap,704422,PPLA2,Pokrovsk,Donets'k,655,Krasnoarmiis'kyi,18918,37.1756,48.28035,ADM3,1,1,1,0,0,0,0,0,1,0,1,0,0,1,0,0,0,0,0,1,0,0,0,0,0,,,46023
bert_20260228023827,89988,20260102,1,2717924,liveuamap,696223,PPL,Pryvillia,Dnipropetrovs'k,650,Pokrovs'kyi,28862,36.30878,47.85543,ADM3,1,1,0,1,0,0,0,0,0,0,1,0,0,0,0,0,0,0,0,0,0,0,0,1,0,,,46023
bert_20260228023827,69034,20260102,1,2717925,liveuamap,694170,PPL,Shevchenko,Zaporizhzhya,2730,Huliaipil's'kyi,14713,36.28407,47.78419,ADM3,1,1,1,1,0,0,0,0,1,0,0,0,0,0,0,0,0,0,0,1,0,0,0,0,0,,,46023
bert_20260228023827,261499,20260102,1,2717926,liveuamap,707898,PPLA2,Hulyaypole,Zaporizhzhya,2730,Huliaipil's'kyi,14713,36.25322,47.66644,ADM3,1,1,1,1,0,0,0,0,1,0,0,0,0,0,0,0,0,0,0,1,0,0,0,0,0,,,46023
bert_20260228023827,313835,20260102,1,2717927,liveuamap,712582,PPLA2,Bilohirya,Khmel'nyts'kyy,1196,Bilohirs'kyi,4619,26.41185,50.00143,ADM3,1,1,1,1,0,0,0,0,1,0,0,0,0,0,0,0,0,0,0,1,0,0,0,0,0,,,46023
bert_20260228023827,376887,20260102,1,2717928,liveuamap,9533045,PPL,Yahidne,Dnipropetrovs'k,650,Dnipropetrovs'kyi,9967,35.29358,48.44557,ADM3,1,0,1,0,0,0,0,0,0,0,0,0,0,0,0,1,0,0,0,0,0,0,0,0,0,,,46023
bert_20260228023827,289483,20260102,1,2717929,liveuamap,710394,PPL,Chubayevka,Odessa,1800,Odes'ka,26260,30.72773,46.448,ADM3,1,1,1,0,0,0,0,0,0,0,0,0,0,0,0,1,0,0,0,0,0,0,0,0,0,,,46023
bert_20260228023827,7396,20260102,1,2717930,liveuamap,687700,PPLA,Zaporizhzhya,Zaporizhzhya,2730,Zaporiz'ka,41153,35.1796,47.83976,ADM1,1,0,1,0,0,0,0,0,0,0,0,0,0,0,0,1,0,0,0,0,0,0,0,0,0,,,46023
bert_20260228023827,206184,20260102,1,2717931,liveuamap,704670,PPL,Kotsiubynske,Kiev City,1210,Sviatoshyns'kyi,35620,30.30922,50.47011,ADM3,1,0,1,0,0,0,0,0,0,0,0,0,0,0,0,1,0,0,0,0,0,0,0,0,0,,,46023
bert_20260228023827,260011,20260102,1,2717932,liveuamap,707679,PPL,Ilovays'k,Donets'k,655,Amvrosi‹vs'kyi,1671,38.19105,47.9271,ADM3,1,1,1,1,0,0,0,0,0,0,0,0,0,0,0,1,0,0,0,0,0,0,1,0,0,,,46023
bert_20260228023827,94536,20260102,1,2717933,liveuamap,696877,PPLX,Podil,Kiev City,1210,Shevchenkivs'kyi,33738,30.47882,50.4423,ADM3,1,1,1,0,1,0,0,0,0,0,1,0,0,0,0,0,0,1,0,1,0,0,0,0,0,,,46023
bert_20260228023827,386534,20260102,1,2717934,liveuamap,11012773,PPL,Rostushche,Zaporizhzhya,2730,Zaporiz'ka,41153,35.26491,47.80851,ADM3,1,1,1,0,1,0,0,0,0,0,1,0,0,0,0,0,0,1,0,1,0,0,0,0,0,,,46023
bert_20260228023827,131652,20260102,1,2717935,liveuamap,700848,PPL,Molochansk,Zaporizhzhya,2730,Tokmats'kyi,37511,35.59905,47.20608,ADM3,1,1,1,0,0,0,0,1,0,0,0,0,0,0,0,0,0,0,0,1,0,0,0,1,0,,,46023
bert_20260228023827,36217,20260102,1,2717936,liveuamap,690411,PPL,Vasylkivka,Dnipropetrovs'k,650,Vasyl'kivs'kyi,39199,36.03056,48.20233,ADM3,1,1,1,0,1,0,0,0,0,0,1,0,0,0,0,0,0,0,0,0,0,0,0,0,0,,,46023
bert_20260228023827,102408,20260102,1,2717937,liveuamap,698428,PPLA2,Orikhiv,Zaporizhzhya,2730,Orikhivs'kyi,26748,35.78307,47.57565,ADM2,1,1,0,1,0,0,0,0,1,0,0,0,0,0,0,0,0,0,0,1,0,0,0,1,0,,,46023
bert_20260228023827,26155,20260102,1,2717938,liveuamap,688871,PPL,Vozdvyzhivka,Zaporizhzhya,2730,Novomykola‹vs'kyi,25913,36.07979,47.74727,ADM3,1,1,0,1,0,0,0,0,1,0,0,0,0,0,0,0,0,0,0,1,0,0,0,1,0,,,46023
bert_20260228023827,19225,20260102,1,2717939,liveuamap,687700,PPLA,Zaporizhzhya,Zaporizhzhya,2730,Zaporiz'ka,41153,35.13885,47.83831,ADM3,1,1,0,1,0,0,0,0,1,0,0,0,0,0,0,0,0,0,0,1,0,0,0,1,0,,,46023
bert_20260228023827,103019,20260102,1,2717940,liveuamap,698428,PPLA2,Orikhiv,Zaporizhzhya,2730,Orikhivs'kyi,26748,35.77773,47.56947,ADM3,1,1,0,1,0,0,0,0,1,0,0,0,0,0,0,0,0,0,0,1,0,0,0,1,0,,,46023
bert_20260228023827,257128,20260102,1,2717942,liveuamap,707314,PPL,Izbytske,Kharkiv,1191,Vovchans'kyi,39837,36.74755,50.20985,ADM3,1,1,1,0,1,0,0,0,0,0,1,0,0,0,0,0,0,0,0,1,0,0,0,0,0,,,46023
bert_20260228023827,32655,20260102,1,2717943,liveuamap,689304,PPLA2,Vovchansk,Kharkiv,1191,Vovchans'kyi,39837,36.9368,50.29401,ADM3,1,1,1,0,1,0,0,0,0,0,1,0,0,0,0,0,0,0,0,1,0,0,0,0,0,,,46023
bert_20260228023827,197332,20260102,1,2717944,liveuamap,704204,PPL,Lyman,Donets'k,655,Krasnolymans'kyi,18941,37.82245,48.96409,ADM3,1,1,1,0,1,0,0,0,0,0,1,0,0,0,0,0,0,0,0,1,0,0,0,0,0,,,46023
bert_20260228023827,349599,20260102,1,2717945,liveuamap,810712,PPL,Zelenyi Hai,Kharkiv,1191,Borivs'kyi,5218,37.79366,49.37518,ADM3,1,1,1,1,0,0,0,0,0,0,0,0,0,0,0,0,0,0,0,0,0,0,1,0,0,,,46023
bert_20260228023827,352480,20260102,1,2717946,liveuamap,811698,PPL,Novoplatonovka,Donets'k,655,Artemivs'kyi,2372,38.01081,48.90105,ADM3,1,1,1,1,0,0,0,1,0,0,0,0,0,0,0,0,0,0,0,0,0,0,0,0,0,,,46023
bert_20260228023827,336673,20260102,1,2717947,liveuamap,713181,PPL,Sofiyivka,Donets'k,655,Kostiantynivs'kyi,18739,37.393,48.48666,ADM3,1,1,0,1,0,0,0,0,0,0,0,0,0,0,0,0,0,0,0,1,0,0,0,1,0,,,46023
bert_20260228023827,268610,20260102,1,2717948,liveuamap,709578,PPL,Druzheliubivka,Kharkiv,1191,Borivs'kyi,5218,37.87313,49.25961,ADM3,1,1,0,0,1,0,0,0,0,0,1,0,0,0,0,0,0,1,0,1,0,0,0,1,0,,,46023
bert_20260228023827,123886,20260102,1,2717949,liveuamap,700208,PPL,Nykanorivka,Donets'k,655,Dobropil's'kyi,9997,37.25893,48.41358,ADM3,1,0,1,1,0,0,0,0,0,0,0,0,0,0,0,1,0,0,0,0,0,0,0,0,0,,,46023
bert_20260228023827,197331,20260102,1,2717950,liveuamap,704204,PPL,Lyman,Donets'k,655,Krasnolymans'kyi,18941,37.82245,48.96409,ADM3,1,0,1,1,0,0,0,0,0,0,0,0,0,0,0,1,0,0,0,0,0,0,0,0,0,,,46023
bert_20260228023827,22752,20260102,1,2717951,liveuamap,688393,PPL,Yaseninichi,Rivne,2066,Rivnens'ka,30582,26.25164,50.61992,ADM3,1,0,1,1,0,0,0,0,0,0,0,0,0,0,0,1,0,0,0,0,0,0,0,0,0,,,46023
bert_20260228023827,203465,20260102,1,2717952,liveuamap,704422,PPLA2,Pokrovsk,Donets'k,655,Krasnoarmiis'kyi,18918,37.1756,48.28035,ADM3,1,0,1,1,0,0,0,0,0,0,0,0,0,0,0,1,0,0,0,0,0,0,0,0,0,,,46023
bert_20260228023827,287919,20260102,1,2717953,liveuamap,710035,PPLA2,Myrnohrad,Donets'k,655,Krasnoarmiis'ka,18917,37.26806,48.29097,ADM3,1,0,1,1,0,0,0,0,0,0,0,0,0,0,0,1,0,0,0,0,0,0,0,0,0,,,46023
bert_20260228023827,288681,20260102,1,2717954,liveuamap,710293,PPL,Danylivka,Dnipropetrovs'k,650,Pokrovs'kyi,28862,36.25232,47.86896,ADM3,1,1,1,1,0,0,0,0,1,0,0,0,0,0,0,0,0,0,0,1,0,0,0,0,0,,,46023
bert_20260228023827,103632,20260102,1,2717955,liveuamap,698658,PPL,Olenokostiantynivka,Zaporizhzhya,2730,Huliaipil's'kyi,14713,36.18759,47.72912,ADM3,1,0,1,0,0,0,0,0,0,0,0,0,0,0,0,1,0,0,0,0,0,0,0,0,0,,,46023
bert_20260228023827,261498,20260102,1,2717956,liveuamap,707898,PPLA2,Hulyaypole,Zaporizhzhya,2730,Huliaipil's'kyi,14713,36.25322,47.66644,ADM3,1,0,1,0,0,0,0,0,0,0,0,0,0,0,0,1,0,0,0,0,0,0,0,0,0,,,46023
bert_20260228023827,313834,20260102,1,2717957,liveuamap,712582,PPLA2,Bilohirya,Khmel'nyts'kyy,1196,Bilohirs'kyi,4619,26.41185,50.00143,ADM3,1,0,1,0,0,0,0,0,0,0,0,0,0,0,0,1,0,0,0,0,0,0,0,0,0,,,46023
bert_20260228023827,337841,20260102,1,2717958,liveuamap,713304,PPL,Antonivka,Kherson,1195,Khersons'ka,17890,32.72621,46.65342,ADM3,1,0,1,0,0,0,0,0,0,0,0,0,0,0,0,1,0,0,0,0,0,0,0,0,0,,,46023
bert_20260228023827,35511,20260102,1,2717959,liveuamap,690189,PPL,Velykyi Dalnyk,Odessa,1800,Bilia‹vs'kyi,4610,30.53925,46.43029,ADM3,1,0,1,0,0,0,0,0,0,0,0,0,0,0,0,1,0,0,0,0,0,0,0,0,0,,,46023
bert_20260228023827,187939,20260103,2,"2896033, 2774851",liga,703448,PPLC,Kyiv,Kiev City,1210,Shevchenkivs'kyi,33738,30.52355,50.45044,ADM3,0,0,0,0,0,0,1,0,0,0,0,0,0,0,0,0,0,0,0,0,0,0,0,0,0,,,46024
bert_20260228023827,29678,20260103,1,2870189,liga,689103,PPL,Volovytsia,Chernihiv,498,Borznians'kyi,5262,32.00406,51.35543,ADM1,0,0,0,0,0,1,0,0,0,0,0,0,0,0,0,0,0,0,0,0,0,0,0,0,0,,,46024
bert_20260228023827,187941,20260103,1,2870190,liga,703448,PPLC,Kyiv,Kiev City,1210,Shevchenkivs'kyi,33738,30.52355,50.45044,ADM3,0,0,0,0,0,1,0,0,0,0,0,0,0,0,0,0,0,0,0,0,0,0,0,0,0,,,46024
bert_20260228023827,187951,20260103,2,"2863889, 2825862",liga,703448,PPLC,Kyiv,Kiev City,1210,Shevchenkivs'kyi,33738,30.52355,50.45044,ADM3,1,1,1,1,0,0,0,0,0,0,0,0,0,0,0,0,0,0,0,1,0,0,0,1,0,,,46024
bert_20260228023827,187953,20260103,1,2857617,liga,703448,PPLC,Kyiv,Kiev City,1210,Shevchenkivs'kyi,33738,30.52355,50.45044,ADM3,1,1,1,1,0,0,0,0,0,0,0,0,0,1,0,0,0,0,0,1,0,0,0,0,0,,,46024
bert_20260228023827,154082,20260103,1,2851323,liga,702550,PPLA,Lviv,L'viv,1289,L'vivs'ka,19402,24.0299,49.83932,ADM3,0,0,0,0,0,1,1,0,0,0,0,0,0,0,0,0,0,0,0,0,0,0,0,0,0,,,46024
bert_20260228023827,187942,20260103,1,2851324,liga,703448,PPLC,Kyiv,Kiev City,1210,Shevchenkivs'kyi,33738,30.52355,50.45044,ADM3,0,0,0,0,0,1,1,0,0,0,0,0,0,0,0,0,0,0,0,0,0,0,0,0,0,,,46024
bert_20260228023827,112308,20260103,1,2845025,liga,698740,PPLA,Odessa,Odessa,1800,Odes'ka,26260,30.73169,46.48421,ADM3,1,0,0,0,0,0,1,0,0,0,0,0,0,0,0,0,0,0,0,0,0,0,0,0,0,,,46024
bert_20260228023827,112307,20260103,1,2838638,liga,698740,PPLA,Odessa,Odessa,1800,Odes'ka,26260,30.73169,46.48421,ADM3,0,0,0,0,0,0,1,0,0,0,0,0,0,0,0,0,0,0,0,1,0,0,0,0,0,,,46024
bert_20260228023827,359344,20260103,1,2832263,liga,8281918,PPL,Posich,Transcarpathia,2491,Khusts'kyi,18005,23.41312,48.22076,ADM1,0,0,0,0,0,1,1,0,0,0,0,0,0,0,0,0,0,0,0,0,0,0,0,0,0,,,46024
bert_20260228023827,187943,20260103,1,2825861,liga,703448,PPLC,Kyiv,Kiev City,1210,Shevchenkivs'kyi,33738,30.52355,50.45044,ADM3,0,0,1,0,0,0,0,0,0,0,0,0,0,0,0,0,0,0,0,1,0,0,0,0,0,,,46024
bert_20260228023827,112309,20260103,1,2819437,liga,698740,PPLA,Odessa,Odessa,1800,Odes'ka,26260,30.73169,46.48421,ADM3,0,1,1,0,0,0,0,0,0,0,0,0,0,0,0,0,0,0,0,0,0,0,0,0,0,,,46024
bert_20260228023827,187938,20260103,1,2819438,liga,703448,PPLC,Kyiv,Kiev City,1210,Shevchenkivs'kyi,33738,30.52355,50.45044,ADM3,0,0,0,0,0,0,0,0,0,0,0,0,0,0,0,0,0,0,0,0,0,0,0,0,0,,,46024
bert_20260228023827,154081,20260103,1,2806713,liga,702550,PPLA,Lviv,L'viv,1289,L'vivs'ka,19402,24.0299,49.83932,ADM3,0,0,0,0,0,0,1,0,0,0,0,0,0,0,0,0,0,0,0,0,0,0,0,0,0,,,46024
bert_20260228023827,187940,20260103,2,"2781113, 2756081",liga,703448,PPLC,Kyiv,Kiev City,1210,Shevchenkivs'kyi,33738,30.52355,50.45044,ADM3,0,0,0,0,0,0,1,0,0,0,0,0,0,0,0,0,0,0,0,1,0,0,0,0,0,,,46024
bert_20260228023827,357635,20260103,1,2781114,liga,8250815,PPL,Karpaty,Transcarpathia,2491,Mukachivs'kyi,24017,22.8742,48.52159,ADM3,1,1,1,0,1,0,0,0,0,0,1,0,0,0,0,0,0,1,0,1,0,0,0,0,0,,,46024
bert_20260228023827,362542,20260103,1,2756080,liga,8519916,PPL,Obolon,Kiev City,1210,Obolons'kyi,26190,30.49826,50.50148,STREET,0,0,0,0,0,0,1,0,0,0,0,0,0,0,0,0,0,0,0,1,0,0,0,0,0,,,46024
bert_20260228023827,187947,20260103,1,2743245,liga,703448,PPLC,Kyiv,Kiev City,1210,Shevchenkivs'kyi,33738,30.52355,50.45044,ADM3,0,0,1,0,0,1,0,0,0,0,0,0,0,0,0,0,0,0,0,0,0,0,0,0,0,,,46024
bert_20260228023827,287047,20260103,1,2743246,liga,709930,PPLA,Dnipro,Dnipropetrovs'k,650,Dnipropetrovs'ka,9966,35.04618,48.46472,ADM3,1,0,0,0,0,0,1,0,1,0,0,0,0,0,0,0,0,0,0,0,0,0,0,0,0,,,46024
bert_20260228023827,235287,20260103,1,2736989,liga,706448,PPLA,Kherson,Kherson,1195,Khersons'ka,17890,32.61496,46.64032,ADM3,0,0,0,0,0,0,0,0,0,0,0,0,0,0,0,0,0,0,0,0,0,0,0,0,0,,,46024
bert_20260228023827,203473,20260103,1,2730453,espreso,704422,PPLA2,Pokrovsk,Donets'k,655,Krasnoarmiis'kyi,18918,37.1756,48.28035,ADM3,1,1,1,1,0,0,0,0,0,0,0,0,0,0,0,0,0,0,0,1,0,0,0,0,0,,,46024
bert_20260228023827,303407,20260103,1,2730454,espreso,710771,PPL,Chorna Dolyna,Kherson,1195,Kakhovs'kyi,16943,33.48173,46.55783,ADM1,0,0,1,0,0,0,1,0,0,0,0,0,0,0,0,0,0,0,0,0,0,0,0,0,0,,,46024
bert_20260228023827,5824,20260103,1,2730455,espreso,687184,PPL,Kryvorizhzhya,Mykolayiv,1628,Novoodes'kyi,25916,31.76725,47.39462,ADM1,0,1,1,0,0,0,1,0,0,0,0,0,1,0,0,0,0,0,0,0,0,0,0,0,0,,,46024
bert_20260228023827,19231,20260103,1,2730456,espreso,687700,PPLA,Zaporizhzhya,Zaporizhzhya,2730,Zaporiz'ka,41153,35.13885,47.83831,ADM3,1,1,1,0,1,0,0,0,0,0,1,0,0,0,0,0,0,0,0,0,0,0,0,0,0,,,46024
bert_20260228023827,96511,20260103,1,2730457,espreso,697422,PPL,Petropavlivka,Cherkasy,497,Horodyshchens'kyi,14528,31.35233,49.26,ADM1,1,0,1,0,1,0,0,0,0,0,0,0,0,0,0,0,0,0,0,0,0,0,0,0,0,,,46024
bert_20260228023827,250142,20260103,2,"2730458, 2724011",espreso,706483,PPLA,Kharkiv,Kharkiv,1191,Kharkivs'ka,17850,36.2312,49.99217,ADM3,1,1,1,1,0,0,0,0,0,0,0,0,0,0,1,0,0,0,1,0,0,0,0,0,0,,,46024
bert_20260228023827,203471,20260103,1,2730459,espreso,704422,PPLA2,Pokrovsk,Donets'k,655,Krasnoarmiis'kyi,18918,37.1756,48.28035,ADM3,1,0,1,0,0,1,0,0,0,0,0,0,1,0,0,0,0,0,0,0,0,0,0,0,0,,,46024
bert_20260228023827,203469,20260103,1,2730750,liga,704422,PPLA2,Pokrovsk,Donets'k,655,Krasnoarmiis'kyi,18918,37.1756,48.28035,ADM3,0,0,1,0,0,0,1,0,0,0,0,0,0,0,0,0,0,0,0,0,0,0,0,0,0,,,46024
bert_20260228023827,219268,20260103,1,2730751,liga,705760,PPL,Kyslytsya,Odessa,1800,Izma‹l's'ka,15941,29.04433,45.41469,ADM3,1,0,0,0,0,0,1,0,0,0,0,0,0,0,0,0,0,0,0,0,0,0,0,0,0,,,46024
bert_20260228023827,203468,20260103,1,2730752,liga,704422,PPLA2,Pokrovsk,Donets'k,655,Krasnoarmiis'kyi,18918,37.1756,48.28035,ADM3,0,0,0,0,0,0,1,0,0,0,0,0,0,0,0,0,0,0,0,0,0,0,0,0,0,,,46024
bert_20260228023827,250136,20260103,1,2730753,liga,706483,PPLA,Kharkiv,Kharkiv,1191,Kharkivs'ka,17850,36.2312,49.99217,ADM3,0,0,0,0,0,0,0,0,0,0,0,0,0,0,0,0,0,0,0,0,0,0,0,0,0,,,46024
bert_20260228023827,187945,20260103,1,2730754,liga,703448,PPLC,Kyiv,Kiev City,1210,Shevchenkivs'kyi,33738,30.52355,50.45044,ADM3,1,0,1,0,0,0,0,1,0,0,0,0,0,0,0,0,0,0,0,0,0,0,0,0,0,,,46024
bert_20260228023827,187949,20260103,1,2730755,liga,703448,PPLC,Kyiv,Kiev City,1210,Shevchenkivs'kyi,33738,30.52355,50.45044,ADM3,1,1,0,1,0,0,0,0,0,0,0,1,0,0,0,0,0,0,0,0,0,0,0,0,0,,,46024
bert_20260228023827,287921,20260103,1,2736679,unian,710035,PPLA2,Myrnohrad,Donets'k,655,Krasnoarmiis'ka,18917,37.2591,48.30791,ADM3,0,0,1,0,0,1,0,0,0,0,0,0,0,0,0,0,0,0,0,0,0,0,0,0,0,,,46024
bert_20260228023827,203470,20260103,1,2736680,unian,704422,PPLA2,Pokrovsk,Donets'k,655,Krasnoarmiis'kyi,18918,37.1756,48.28035,ADM3,0,0,1,0,0,1,0,0,0,0,0,0,0,0,0,0,0,0,0,0,0,0,0,0,0,,,46024
bert_20260228023827,250138,20260103,1,2736681,unian,706483,PPLA,Kharkiv,Kharkiv,1191,Kharkivs'ka,17850,36.2312,49.99217,ADM3,1,1,0,1,0,0,0,0,0,0,0,0,0,0,0,0,0,0,0,1,0,0,0,0,0,,,46024
bert_20260228023827,287046,20260103,1,2736682,unian,709930,PPLA,Dnipro,Dnipropetrovs'k,650,Dnipropetrovs'ka,9966,35.04618,48.46472,ADM3,0,0,0,0,0,0,1,0,0,0,0,0,0,0,0,0,0,0,0,0,0,0,0,0,0,,,46024
bert_20260228023827,154083,20260103,1,2736683,unian,702550,PPLA,Lviv,L'viv,1289,L'vivs'ka,19402,24.0299,49.83932,ADM3,1,1,1,1,0,0,0,0,0,0,1,0,0,0,0,0,0,0,0,0,0,0,0,0,0,,,46024
bert_20260228023827,250140,20260103,1,2736684,unian,706483,PPLA,Kharkiv,Kharkiv,1191,Kharkivs'ka,17850,36.2312,49.99217,ADM3,1,1,1,0,0,0,1,0,0,0,0,0,0,0,0,0,0,0,0,0,0,0,0,0,0,,,46024
bert_20260228023827,187952,20260103,1,2736685,unian,703448,PPLC,Kyiv,Kiev City,1210,Shevchenkivs'kyi,33738,30.52355,50.45044,ADM3,1,1,1,1,0,0,0,0,0,0,0,0,0,0,1,0,0,0,1,1,0,0,0,0,0,,,46024
bert_20260228023827,217134,20260103,1,2736686,unian,705183,PPL,Slobozhans'ke,Kharkiv,1191,Zmiïvs'kyi,41407,36.50512,49.61494,ADM1,0,0,0,0,0,0,1,0,0,0,0,0,0,0,0,0,0,0,0,0,0,0,0,0,0,,,46024
bert_20260228023827,187946,20260103,1,2736687,unian,703448,PPLC,Kyiv,Kiev City,1210,Shevchenkivs'kyi,33738,30.52355,50.45044,ADM3,0,0,1,0,0,0,1,0,0,0,0,0,0,0,0,0,0,0,0,0,0,0,0,0,0,,,46024
bert_20260228023827,38216,20260103,1,2736688,unian,690773,PPL,Ukrainka,Kiev,1209,Obukhivs'kyi,26204,30.74207,50.15372,ADM3,0,0,1,0,0,0,1,0,0,0,0,0,0,0,0,0,0,0,0,0,0,0,0,0,0,,,46024
bert_20260228023827,96510,20260103,1,2736689,unian,697422,PPL,Petropavlivka,Cherkasy,497,Horodyshchens'kyi,14528,31.35233,49.26,ADM1,0,0,0,0,0,0,1,0,0,0,0,0,0,0,0,0,0,0,0,0,0,0,0,0,0,,,46024
bert_20260228023827,119909,20260103,1,2736690,unian,699751,PPL,Novgorodskoye,Donets'k,655,Dzerzhyns'ka,10511,37.83659,48.33202,ADM3,1,1,1,0,0,0,1,0,0,0,0,0,0,0,1,0,0,0,0,0,0,0,0,0,0,,,46024
bert_20260228023827,192396,20260103,1,2736691,unian,703656,PPLA2,Kupiansk,Kharkiv,1191,Kupians'ka,19188,37.61478,49.7108,ADM3,1,0,1,0,0,0,1,0,0,0,0,0,0,0,0,0,0,0,0,0,0,0,0,0,0,,,46024
bert_20260228023827,29679,20260103,1,2736692,unian,689103,PPL,Volovytsia,Chernihiv,498,Borznians'kyi,5262,32.00406,51.35543,ADM1,0,0,1,0,0,0,0,0,0,0,0,0,0,0,0,0,0,0,0,0,0,0,0,0,0,,,46024
bert_20260228023827,219267,20260103,1,2736693,unian,705760,PPL,Kyslytsya,Odessa,1800,Izma‹l's'ka,15941,29.04433,45.41469,ADM3,0,0,0,0,0,0,0,0,0,0,0,0,0,0,0,0,0,0,0,0,0,0,0,0,0,,,46024
bert_20260228023827,250137,20260103,1,2724367,liga,706483,PPLA,Kharkiv,Kharkiv,1191,Kharkivs'ka,17850,36.2312,49.99217,ADM3,1,0,1,0,0,0,0,0,0,0,0,0,0,0,0,1,0,0,0,0,0,0,0,0,0,,,46024
bert_20260228023827,250141,20260103,1,2724368,liga,706483,PPLA,Kharkiv,Kharkiv,1191,Kharkivs'ka,17850,36.2312,49.99217,ADM3,1,1,1,1,0,0,0,0,0,0,0,0,0,0,0,1,0,0,0,0,0,0,0,0,0,,,46024
bert_20260228023827,57683,20260103,1,2724369,liga,693468,PPL,Sloviansk,Donets'k,655,Slovians'ka,34511,37.60582,48.85227,ADM3,1,1,1,1,0,0,0,0,0,0,0,0,0,0,0,1,0,0,0,0,0,0,0,0,0,,,46024
bert_20260228023827,187944,20260103,3,"2724370, 2724371, 2724414","liga, liveuamap",703448,PPLC,Kyiv,Kiev City,1210,Shevchenkivs'kyi,33738,30.52355,50.45044,ADM3,1,0,1,0,0,0,0,0,0,0,0,0,0,0,0,1,0,0,0,0,0,0,0,0,0,,,46024
bert_20260228023827,305914,20260103,1,2724372,liveuamap,711390,PPLA2,Brovary,Kiev,1209,Brovars'ka,5671,30.78232,50.54136,ADM2,1,1,1,0,0,0,0,0,0,0,1,0,0,0,0,0,0,1,0,1,0,0,0,0,0,,,46024
bert_20260228023827,67997,20260103,1,2724373,liveuamap,693942,PPLA2,Shostka,Sumy,2356,Shostkins'ka,33897,33.48341,51.84986,ADM2,1,1,1,1,0,0,0,1,0,0,1,0,0,0,0,0,0,0,0,0,0,0,0,0,0,,,46024
bert_20260228023827,154698,20260103,1,2724374,liveuamap,702596,PPL,Lukianivske,Zaporizhzhya,2730,Orikhivs'kyi,26748,35.44258,47.60728,ADM3,0,1,1,0,0,0,0,0,0,0,0,0,0,0,0,0,0,0,0,0,0,0,0,0,0,,,46024
bert_20260228023827,187955,20260103,1,2724375,liveuamap,703448,PPLC,Kyiv,Kiev City,1210,Shevchenkivs'kyi,33738,30.52903,50.44425,ADM3,1,1,1,1,0,0,0,1,0,0,1,0,0,0,0,0,0,0,0,0,0,0,0,0,0,,,46024
bert_20260228023827,187950,20260103,1,2724376,liveuamap,703448,PPLC,Kyiv,Kiev City,1210,Shevchenkivs'kyi,33738,30.52852,50.444,ADM3,1,1,1,0,0,0,0,1,0,0,1,0,0,0,0,0,0,0,0,1,0,0,0,1,0,,,46024
bert_20260228023827,187954,20260103,1,2724377,liveuamap,703448,PPLC,Kyiv,Kiev City,1210,Shevchenkivs'kyi,33738,30.52914,50.44426,ADM3,1,1,1,1,0,0,0,0,1,0,0,0,0,1,0,0,0,0,0,1,0,0,0,0,0,,,46024
bert_20260228023827,260740,20260103,1,2724378,liveuamap,707898,PPLA2,Hulyaypole,Zaporizhzhya,2730,Huliaipil's'kyi,14713,36.22913,47.66053,ADM2,0,0,1,0,0,1,1,0,0,0,0,0,0,0,0,0,0,0,0,0,0,0,0,0,0,,,46024
bert_20260228023827,356096,20260103,1,2724379,liveuamap,6723018,PPLX,Shatylivka,Kharkiv,1191,Kharkivs'ka,17850,36.2436,50.01243,ADM3,1,0,1,0,0,0,0,0,0,0,0,0,0,0,0,0,0,0,0,0,0,0,0,0,0,,,46024
bert_20260228023827,345811,20260103,1,2724380,liveuamap,806375,PPL,Nova Olekciyivka,Kharkiv,1191,Kharkivs'ka,17850,36.20064,50.03245,ADM3,1,1,0,1,0,0,0,0,1,0,0,0,0,1,0,0,0,0,0,1,0,0,0,1,0,,,46024
bert_20260228023827,250139,20260103,1,2724381,liveuamap,706483,PPLA,Kharkiv,Kharkiv,1191,Kharkivs'ka,17850,36.2312,49.99217,ADM3,1,1,0,1,0,0,0,0,1,0,0,0,0,1,0,0,0,0,0,1,0,0,0,1,0,,,46024
bert_20260228023827,187948,20260103,1,2724382,liveuamap,703448,PPLC,Kyiv,Kiev City,1210,Shevchenkivs'kyi,33738,30.5295,50.444,ADM3,1,1,0,1,0,0,0,0,0,0,0,0,0,1,0,0,0,0,0,1,0,0,0,1,0,,,46024
bert_20260228023827,69096,20260103,1,2724383,liveuamap,694240,PPL,Matviivka,Zaporizhzhya,2730,Vil'nians'kyi,39487,35.29844,47.85982,ADM3,1,1,0,0,0,0,0,1,0,0,0,0,0,0,0,0,0,0,0,1,0,0,0,1,0,,,46024
bert_20260228023827,378711,20260103,1,2724384,liveuamap,9873216,PPLX,Tekstylnyi,Kherson,1195,Khersons'ka,17890,32.65158,46.67326,ADM3,1,1,1,1,0,0,0,0,1,0,0,0,0,0,0,0,0,0,0,1,0,0,0,1,0,,,46024
bert_20260228023827,69745,20260103,1,2724385,liveuamap,694403,PPL,Siversk,Donets'k,655,Artemivs'kyi,2372,38.06969,48.8682,ADM3,1,1,1,0,0,0,1,0,0,0,0,0,0,0,0,0,0,0,0,0,0,0,0,0,0,,,46024
bert_20260228023827,100670,20260103,1,2724386,liveuamap,698020,PPL,Pankivka,Luhans'k,1405,Luhans'ka,20910,39.34878,48.69979,ADM3,1,1,1,0,0,0,1,0,0,0,0,0,0,0,0,0,0,0,0,0,0,0,0,0,0,,,46024
bert_20260228023827,115907,20260103,1,2724387,liveuamap,699373,PPL,Novopavlivka,Dnipropetrovs'k,650,Mezhivs'kyi,22871,36.79493,48.134,ADM3,1,1,1,0,1,0,0,1,0,0,1,0,0,0,0,0,0,0,0,1,0,0,0,0,0,,,46024
bert_20260228023827,197333,20260103,1,2724388,liveuamap,704204,PPL,Lyman,Donets'k,655,Krasnolymans'kyi,18941,37.82245,48.96409,ADM3,1,1,1,0,1,0,0,1,0,0,1,0,0,0,0,0,0,0,0,1,0,0,0,0,0,,,46024
bert_20260228023827,203472,20260103,1,2724389,liveuamap,704422,PPLA2,Pokrovsk,Donets'k,655,Krasnoarmiis'kyi,18918,37.1756,48.28035,ADM3,1,1,1,0,1,0,0,1,0,0,1,0,0,0,0,0,0,0,0,1,0,0,0,0,0,,,46024
bert_20260228023827,364860,20260103,1,2724390,liveuamap,9112127,PPL,Kotlyne,Donets'k,655,Krasnoarmiis'kyi,18918,37.04956,48.25514,ADM3,1,1,1,0,1,0,0,1,0,0,1,0,0,0,0,0,0,0,0,1,0,0,0,0,0,,,46024
bert_20260228023827,40247,20260103,1,2724391,liveuamap,690841,PPL,Udachne,Donets'k,655,Krasnoarmiis'kyi,18918,36.98273,48.23942,ADM3,1,1,1,0,1,0,0,1,0,0,1,0,0,0,0,0,0,0,0,1,0,0,0,0,0,,,46024
bert_20260228023827,366019,20260103,1,2724392,liveuamap,9112905,PPL,Molodets'ke,Donets'k,655,Krasnoarmiis'kyi,18918,36.93473,48.24095,ADM3,1,1,1,0,1,0,0,1,0,0,1,0,0,0,0,0,0,0,0,1,0,0,0,0,0,,,46024
bert_20260228023827,52254,20260103,1,2724393,liveuamap,692838,PPL,Starytsia,Kharkiv,1191,Vovchans'kyi,39837,36.80147,50.24114,ADM3,1,1,1,1,0,0,0,0,0,0,0,0,0,1,0,0,0,0,0,1,0,0,0,0,0,,,46024
bert_20260228023827,32656,20260103,1,2724394,liveuamap,689304,PPLA2,Vovchansk,Kharkiv,1191,Vovchans'kyi,39837,36.9368,50.29401,ADM3,1,1,1,1,0,0,0,0,0,0,0,0,0,1,0,0,0,0,0,1,0,0,0,0,0,,,46024
bert_20260228023827,319108,20260103,1,2724395,liveuamap,712615,PPL,Belitskiy,Zaporizhzhya,2730,Vasylivs'kyi,39200,35.30371,47.59155,ADM3,1,0,1,0,0,0,0,0,0,0,0,0,0,0,0,1,0,0,0,0,0,0,0,0,0,,,46024
bert_20260228023827,377852,20260103,2,"2724396, 2724400",liveuamap,9872268,PPL,Prydniprovske,Kherson,1195,Bilozers'kyi,4625,32.78921,46.67816,ADM3,1,1,1,1,0,0,0,0,0,0,0,0,0,0,0,1,0,0,0,0,0,0,0,0,0,,,46024
bert_20260228023827,261500,20260103,1,2724397,liveuamap,707898,PPLA2,Hulyaypole,Zaporizhzhya,2730,Huliaipil's'kyi,14713,36.25322,47.66644,ADM3,1,1,1,1,0,0,0,0,0,0,0,0,0,0,0,1,0,0,0,0,0,0,0,0,0,,,46024
bert_20260228023827,364704,20260103,1,2724398,liveuamap,8729010,PPL,Varvarivka,Poltava,1956,Khorol's'kyi,17952,33.10109,49.80725,ADM3,1,1,1,1,0,0,0,0,0,0,0,0,0,0,0,1,0,0,0,0,0,0,0,0,0,,,46024
bert_20260228023827,19232,20260103,1,2724399,liveuamap,687700,PPLA,Zaporizhzhya,Zaporizhzhya,2730,Zaporiz'ka,41153,35.13885,47.83831,ADM3,1,1,1,1,0,0,0,0,0,0,0,0,0,0,0,1,0,0,0,0,0,0,0,0,0,,,46024
bert_20260228023827,235288,20260103,1,2724401,liveuamap,706448,PPLA,Kherson,Kherson,1195,Khersons'ka,17890,32.61496,46.64032,ADM3,1,1,1,1,0,0,0,0,0,0,0,0,0,0,0,1,0,0,0,0,0,0,0,0,0,,,46024
bert_20260228023827,23083,20260103,1,2724402,liveuamap,688505,PPLA3,Yampil',Donets'k,655,Krasnolymans'kyi,18941,37.96229,48.93891,ADM3,1,1,1,1,0,0,0,0,0,0,0,0,0,0,0,1,0,0,0,0,0,0,0,0,0,,,46024
bert_20260228023827,131900,20260103,1,2724403,liveuamap,701062,PPL,Myrne,Donets'k,655,Tel'manivs'kyi,36664,37.73444,47.42425,ADM3,1,1,1,1,0,0,0,0,0,0,0,0,0,0,0,1,0,0,0,0,0,0,0,0,0,,,46024
bert_20260228023827,217408,20260103,1,2724404,liveuamap,705408,PPL,Kolodiazi,Donets'k,655,Krasnolymans'kyi,18941,37.88154,49.08314,ADM3,1,1,1,1,0,0,0,0,0,0,0,0,0,0,0,1,0,0,0,0,0,0,0,0,0,,,46024
bert_20260228023827,46283,20260103,1,2724405,liveuamap,692031,PPL,Svobodnoye,Dnipropetrovs'k,650,Novomoskovs'kyi,25910,35.32482,48.73638,ADM3,1,1,1,1,0,0,0,0,0,0,0,0,0,0,0,1,0,0,0,0,0,0,0,0,0,,,46024
bert_20260228023827,363620,20260103,1,2724406,liveuamap,8673776,PPLX,Kholodna Hora,Kharkiv,1191,Kharkivs'ka,17850,36.21038,49.96635,ADM3,1,1,1,1,0,0,0,0,0,0,0,0,0,0,0,1,0,0,0,0,0,0,0,0,0,,,46024
bert_20260228023827,115286,20260103,1,2724407,liveuamap,699185,PPLA3,Novoselivka,Donets'k,655,Krasnolymans'kyi,18941,37.69735,49.07541,ADM3,1,1,1,1,0,0,0,0,0,0,0,0,0,0,0,1,0,0,0,0,0,0,0,0,0,,,46024
bert_20260228023827,369048,20260103,1,2724408,liveuamap,9113223,PPL,Torske,Donets'k,655,Kostiantynivs'kyi,18739,37.43317,48.53362,ADM3,1,0,1,0,0,0,0,0,0,0,0,0,0,0,0,1,0,0,0,0,0,0,0,0,0,,,46024
bert_20260228023827,260741,20260103,1,2724409,liveuamap,707898,PPLA2,Hulyaypole,Zaporizhzhya,2730,Huliaipil's'kyi,14713,36.25402,47.66536,ADM2,1,1,1,1,0,0,0,0,1,0,0,0,0,0,0,0,0,0,0,1,0,0,0,0,0,,,46024
bert_20260228023827,261501,20260103,1,2724410,liveuamap,707898,PPLA2,Hulyaypole,Zaporizhzhya,2730,Huliaipil's'kyi,14713,36.25322,47.66644,ADM3,1,1,1,1,0,0,0,0,1,0,0,0,0,0,0,0,0,0,0,1,0,0,0,0,0,,,46024
bert_20260228023827,97099,20260103,1,2724411,liveuamap,697553,PPL,Pershotravneve,Dnipropetrovs'k,650,Pokrovs'kyi,28862,36.31428,47.81371,ADM3,1,0,1,0,0,0,0,0,0,0,0,0,0,0,0,1,0,0,0,0,0,0,0,0,0,,,46024
bert_20260228023827,353378,20260103,1,2724412,liveuamap,812732,PPL,Zalyutino,Kharkiv,1191,Kharkivs'ka,17850,36.13094,49.98343,ADM3,1,0,1,0,0,0,0,0,0,0,0,0,0,0,0,1,0,0,0,0,0,0,0,0,0,,,46024
bert_20260228023827,55792,20260103,1,2724413,liveuamap,693113,PPL,Sorokivka,Kharkiv,1191,Kharkivs'kyi,17851,36.57074,49.95291,ADM3,1,0,1,0,0,0,0,0,0,0,0,0,0,0,0,1,0,0,0,0,0,0,0,0,0,,,46024
bert_20260228023827,187957,20260104,3,"2896038, 2743252, 2736697","liga, espreso",703448,PPLC,Kyiv,Kiev City,1210,Shevchenkivs'kyi,33738,30.52355,50.45044,ADM3,0,0,0,0,0,0,1,0,0,0,0,0,0,0,0,0,0,0,0,0,0,0,0,0,0,,,46025
bert_20260228023827,29680,20260104,1,2870196,liga,689103,PPL,Volovytsia,Chernihiv,498,Borznians'kyi,5262,32.00406,51.35543,ADM1,0,0,0,0,0,1,0,0,0,0,0,0,0,0,0,0,0,0,0,0,0,0,0,0,0,,,46025
bert_20260228023827,187959,20260104,1,2870197,liga,703448,PPLC,Kyiv,Kiev City,1210,Shevchenkivs'kyi,33738,30.52355,50.45044,ADM3,0,0,0,0,0,1,0,0,0,0,0,0,0,0,0,0,0,0,0,0,0,0,0,0,0,,,46025
bert_20260228023827,187968,20260104,2,"2863895, 2825870",liga,703448,PPLC,Kyiv,Kiev City,1210,Shevchenkivs'kyi,33738,30.52355,50.45044,ADM3,1,1,1,1,0,0,0,0,0,0,0,0,0,0,0,0,0,0,0,1,0,0,0,1,0,,,46025
bert_20260228023827,187969,20260104,1,2857624,liga,703448,PPLC,Kyiv,Kiev City,1210,Shevchenkivs'kyi,33738,30.52355,50.45044,ADM3,1,1,1,1,0,0,0,0,0,0,0,0,0,1,0,0,0,0,0,1,0,0,0,0,0,,,46025
bert_20260228023827,154085,20260104,1,2851330,liga,702550,PPLA,Lviv,L'viv,1289,L'vivs'ka,19402,24.0299,49.83932,ADM3,0,0,0,0,0,1,1,0,0,0,0,0,0,0,0,0,0,0,0,0,0,0,0,0,0,,,46025
bert_20260228023827,187961,20260104,1,2851331,liga,703448,PPLC,Kyiv,Kiev City,1210,Shevchenkivs'kyi,33738,30.52355,50.45044,ADM3,0,0,0,0,0,1,1,0,0,0,0,0,0,0,0,0,0,0,0,0,0,0,0,0,0,,,46025
bert_20260228023827,112311,20260104,1,2845032,liga,698740,PPLA,Odessa,Odessa,1800,Odes'ka,26260,30.73169,46.48421,ADM3,1,0,0,0,0,0,1,0,0,0,0,0,0,0,0,0,0,0,0,0,0,0,0,0,0,,,46025
bert_20260228023827,112310,20260104,1,2838644,liga,698740,PPLA,Odessa,Odessa,1800,Odes'ka,26260,30.73169,46.48421,ADM3,0,0,0,0,0,0,1,0,0,0,0,0,0,0,0,0,0,0,0,1,0,0,0,0,0,,,46025
bert_20260228023827,359345,20260104,1,2832270,liga,8281918,PPL,Posich,Transcarpathia,2491,Khusts'kyi,18005,23.41312,48.22076,ADM1,0,0,0,0,0,1,1,0,0,0,0,0,0,0,0,0,0,0,0,0,0,0,0,0,0,,,46025
bert_20260228023827,187964,20260104,1,2825869,liga,703448,PPLC,Kyiv,Kiev City,1210,Shevchenkivs'kyi,33738,30.52355,50.45044,ADM3,0,0,1,0,0,0,0,0,0,0,0,0,0,0,0,0,0,0,0,1,0,0,0,0,0,,,46025
bert_20260228023827,112312,20260104,1,2819444,liga,698740,PPLA,Odessa,Odessa,1800,Odes'ka,26260,30.73169,46.48421,ADM3,0,1,1,0,0,0,0,0,0,0,0,0,0,0,0,0,0,0,0,0,0,0,0,0,0,,,46025
bert_20260228023827,187956,20260104,1,2819445,liga,703448,PPLC,Kyiv,Kiev City,1210,Shevchenkivs'kyi,33738,30.52355,50.45044,ADM3,0,0,0,0,0,0,0,0,0,0,0,0,0,0,0,0,0,0,0,0,0,0,0,0,0,,,46025
bert_20260228023827,154084,20260104,1,2806718,liga,702550,PPLA,Lviv,L'viv,1289,L'vivs'ka,19402,24.0299,49.83932,ADM3,0,0,0,0,0,0,1,0,0,0,0,0,0,0,0,0,0,0,0,0,0,0,0,0,0,,,46025
bert_20260228023827,187966,20260104,2,"2781120, 2756089",liga,703448,PPLC,Kyiv,Kiev City,1210,Shevchenkivs'kyi,33738,30.52355,50.45044,ADM3,0,0,1,0,1,0,0,0,0,0,0,0,0,0,0,0,0,0,0,0,0,0,0,0,0,,,46025
bert_20260228023827,357636,20260104,1,2781121,liga,8250815,PPL,Karpaty,Transcarpathia,2491,Mukachivs'kyi,24017,22.8742,48.52159,ADM3,0,0,0,0,0,0,1,0,0,0,0,0,0,0,0,0,0,0,0,0,0,0,0,0,0,,,46025
bert_20260228023827,187965,20260104,1,2774856,liga,703448,PPLC,Kyiv,Kiev City,1210,Shevchenkivs'kyi,33738,30.52355,50.45044,ADM3,1,0,1,0,0,0,1,0,0,0,0,0,0,0,0,0,0,0,0,0,0,0,0,1,0,,,46025
bert_20260228023827,362543,20260104,1,2756088,liga,8519916,PPL,Obolon,Kiev City,1210,Obolons'kyi,26190,30.49826,50.50148,STREET,0,0,1,0,1,0,0,0,0,0,0,0,0,0,0,0,0,0,0,0,0,0,0,0,0,,,46025
bert_20260228023827,250144,20260104,1,2749544,liveuamap,706483,PPLA,Kharkiv,Kharkiv,1191,Kharkivs'ka,17850,36.2312,49.99217,ADM3,1,1,0,1,0,0,0,0,0,0,0,0,0,0,0,0,0,0,0,1,0,0,0,1,0,,,46025
bert_20260228023827,219269,20260104,1,2749546,liveuamap,705760,PPL,Kyslytsya,Odessa,1800,Izma‹l's'ka,15941,29.04433,45.41469,ADM3,0,0,1,0,0,0,1,0,0,0,0,0,0,0,0,0,0,0,0,0,0,0,0,0,0,,,46025
bert_20260228023827,19235,20260104,1,2749547,liveuamap,687700,PPLA,Zaporizhzhya,Zaporizhzhya,2730,Zaporiz'ka,41153,35.13885,47.83831,ADM3,1,1,1,0,1,0,0,0,0,0,1,0,0,0,0,0,0,0,0,0,0,0,0,0,0,,,46025
bert_20260228023827,345564,20260104,1,2749548,liveuamap,805500,PPL,Voronyne,Sumy,2356,Bilopils'kyi,4621,34.12376,51.10624,ADM1,1,1,0,1,0,0,0,0,0,0,1,0,0,0,0,0,0,0,0,0,0,0,0,1,0,,,46025
bert_20260228023827,19234,20260104,1,2749549,liveuamap,687700,PPLA,Zaporizhzhya,Zaporizhzhya,2730,Zaporiz'ka,41153,35.13885,47.83831,ADM3,1,1,0,0,1,0,0,0,0,0,1,0,0,0,0,0,0,0,0,0,0,0,0,0,0,,,46025
bert_20260228023827,55600,20260104,1,2749550,liveuamap,693065,PPLX,Sotsmisto,Donets'k,655,Kramators'ka,18898,37.5844,48.73898,ADM3,1,0,1,1,0,0,0,0,0,0,0,0,0,0,0,1,0,0,0,0,0,0,0,0,0,,,46025
bert_20260228023827,287051,20260104,1,2749551,liveuamap,709930,PPLA,Dnipro,Dnipropetrovs'k,650,Dnipropetrovs'ka,9966,35.04618,48.46472,ADM3,1,1,1,1,0,0,0,0,1,0,0,0,0,0,0,0,0,0,0,1,0,0,0,0,0,,,46025
bert_20260228023827,261503,20260104,1,2749552,liveuamap,707898,PPLA2,Hulyaypole,Zaporizhzhya,2730,Huliaipil's'kyi,14713,36.25322,47.66644,ADM3,1,1,1,1,0,0,0,0,1,0,0,0,0,0,0,0,0,0,0,1,0,0,0,0,0,,,46025
bert_20260228023827,364705,20260104,1,2749553,liveuamap,8729010,PPL,Varvarivka,Poltava,1956,Khorol's'kyi,17952,33.10109,49.80725,ADM3,1,1,1,1,0,0,0,0,1,0,0,0,0,0,0,0,0,0,0,1,0,0,0,0,0,,,46025
bert_20260228023827,365366,20260104,1,2749554,liveuamap,9112378,PPL,Novoandriivka,Donets'k,655,Krasnoarmiis'kyi,18918,37.04123,48.10791,ADM3,1,1,1,1,0,0,0,0,1,0,0,0,0,0,0,0,0,0,0,1,0,0,0,0,0,,,46025
bert_20260228023827,19236,20260104,1,2749555,liveuamap,687700,PPLA,Zaporizhzhya,Zaporizhzhya,2730,Zaporiz'ka,41153,35.13885,47.83831,ADM3,1,1,1,1,0,0,0,0,1,0,0,0,0,0,0,0,0,0,0,1,0,0,0,0,0,,,46025
bert_20260228023827,131249,20260104,1,2749556,liveuamap,700569,PPLA,Mykolayiv,Mykolayiv,1628,Mykola‹vs'ka,24267,31.99381,46.97557,ADM3,1,1,1,1,0,0,0,0,1,0,0,0,0,0,0,0,0,0,0,1,0,0,0,0,0,,,46025
bert_20260228023827,235291,20260104,1,2749557,liveuamap,706448,PPLA,Kherson,Kherson,1195,Khersons'ka,17890,32.61496,46.64032,ADM3,1,1,1,1,0,0,0,0,1,0,0,0,0,0,0,0,0,0,0,1,0,0,0,0,0,,,46025
bert_20260228023827,304237,20260104,1,2749558,liveuamap,710791,PPLA,Cherkasy,Cherkasy,497,Cherkas'ka,7654,32.05977,49.44443,ADM3,1,0,1,0,0,0,0,0,0,0,1,0,0,0,0,0,0,0,0,1,0,0,0,1,0,,,46025
bert_20260228023827,287050,20260104,1,2749559,liveuamap,709930,PPLA,Dnipro,Dnipropetrovs'k,650,Dnipropetrovs'ka,9966,35.04618,48.46472,ADM3,1,1,1,0,1,0,0,0,0,0,0,0,0,0,0,0,0,1,0,1,0,0,0,0,0,,,46025
bert_20260228023827,96512,20260104,1,2749560,liveuamap,697422,PPL,Petropavlivka,Cherkasy,497,Horodyshchens'kyi,14528,31.35233,49.26,ADM1,1,1,0,1,0,0,0,0,0,0,0,0,0,1,0,0,0,0,0,0,0,0,0,0,0,,,46025
bert_20260228023827,287048,20260104,1,2749561,liveuamap,709930,PPLA,Dnipro,Dnipropetrovs'k,650,Dnipropetrovs'ka,9966,35.04618,48.46472,ADM3,0,0,0,0,0,0,0,0,0,0,0,0,0,0,0,0,0,0,0,0,0,0,0,0,0,,,46025
bert_20260228023827,197334,20260104,1,2749562,liveuamap,704204,PPL,Lyman,Donets'k,655,Krasnolymans'kyi,18941,37.82245,48.96409,ADM3,1,0,1,0,0,0,0,0,0,0,0,0,0,0,0,1,0,0,0,0,0,0,0,0,0,,,46025
bert_20260228023827,42285,20260104,1,2749564,liveuamap,691358,PPL,Torske,Donets'k,655,Krasnolymans'kyi,18941,37.96573,49.00937,STREET,1,0,1,0,0,0,0,0,0,0,0,0,0,0,0,1,0,0,0,0,0,0,0,0,0,,,46025
bert_20260228023827,381227,20260104,1,2749565,liveuamap,10323759,PPLX,Cheremushky,Donets'k,655,Mariupol's'ka,22073,37.50564,47.07557,ADM3,1,0,1,0,0,0,0,0,0,0,0,0,0,0,0,1,0,0,0,0,0,0,0,0,0,,,46025
bert_20260228023827,192397,20260104,1,2749566,liveuamap,703656,PPLA2,Kupiansk,Kharkiv,1191,Kupians'ka,19188,37.61478,49.7108,ADM3,1,0,1,0,0,0,0,0,0,0,0,0,0,0,0,1,0,0,0,0,0,0,0,0,0,,,46025
bert_20260228023827,57684,20260104,1,2749567,liveuamap,693468,PPL,Sloviansk,Donets'k,655,Slovians'ka,34511,37.60582,48.85227,ADM3,1,0,1,0,0,0,0,0,0,0,0,0,0,0,0,1,0,0,0,0,0,0,0,0,0,,,46025
bert_20260228023827,100671,20260104,1,2749568,liveuamap,698020,PPL,Pankivka,Luhans'k,1405,Luhans'ka,20910,39.34878,48.69979,ADM3,1,0,1,0,0,0,0,0,0,0,0,0,0,0,0,1,0,0,0,0,0,0,0,0,0,,,46025
bert_20260228023827,208586,20260104,1,2749569,liveuamap,705104,PPL,Kostiantynivka,Donets'k,655,Kostiantynivs'ka,18738,37.69368,48.53467,ADM3,1,0,1,0,0,0,0,0,0,0,0,0,0,0,0,1,0,0,0,0,0,0,0,0,0,,,46025
bert_20260228023827,261502,20260104,1,2749570,liveuamap,707898,PPLA2,Hulyaypole,Zaporizhzhya,2730,Huliaipil's'kyi,14713,36.25322,47.66644,ADM3,1,0,1,0,0,0,0,0,0,0,0,0,0,0,0,1,0,0,0,0,0,0,0,0,0,,,46025
bert_20260228023827,235290,20260104,1,2749572,liveuamap,706448,PPLA,Kherson,Kherson,1195,Khersons'ka,17890,32.61496,46.64032,ADM3,1,1,1,1,0,0,0,0,0,0,0,0,0,0,0,1,0,0,0,0,0,0,1,0,0,,,46025
bert_20260228023827,203474,20260104,1,2749573,liveuamap,704422,PPLA2,Pokrovsk,Donets'k,655,Krasnoarmiis'kyi,18918,37.1756,48.28035,ADM3,1,1,1,1,0,0,0,0,0,0,0,0,0,0,0,1,0,0,0,0,0,0,0,0,0,,,46025
bert_20260228023827,197335,20260104,1,2749574,liveuamap,704204,PPL,Lyman,Donets'k,655,Krasnolymans'kyi,18941,37.82245,48.96409,ADM3,1,1,1,1,0,0,0,0,0,0,0,0,0,0,0,1,0,0,0,0,0,0,0,0,0,,,46025
bert_20260228023827,287922,20260104,1,2749575,liveuamap,710035,PPLA2,Myrnohrad,Donets'k,655,Krasnoarmiis'ka,18917,37.2591,48.30791,ADM3,1,1,1,1,0,0,0,0,0,0,0,0,0,0,0,1,0,0,0,0,0,0,0,0,0,,,46025
bert_20260228023827,364861,20260104,1,2749577,liveuamap,9112127,PPL,Kotlyne,Donets'k,655,Krasnoarmiis'kyi,18918,37.04956,48.25514,ADM3,1,1,1,1,0,0,0,0,0,0,0,0,0,0,0,1,0,0,0,0,0,0,0,0,0,,,46025
bert_20260228023827,366020,20260104,1,2749578,liveuamap,9112905,PPL,Molodets'ke,Donets'k,655,Krasnoarmiis'kyi,18918,36.93473,48.24095,ADM3,1,1,1,1,0,0,0,0,0,0,0,0,0,0,0,1,0,0,0,0,0,0,0,0,0,,,46025
bert_20260228023827,40248,20260104,1,2749579,liveuamap,690841,PPL,Udachne,Donets'k,655,Krasnoarmiis'kyi,18918,36.98273,48.23942,ADM3,1,1,1,1,0,0,0,0,0,0,0,0,0,0,0,1,0,0,0,0,0,0,0,0,0,,,46025
bert_20260228023827,260399,20260104,1,2749580,liveuamap,707756,PPL,Dachne,Odessa,1800,Bilia‹vs'kyi,4610,30.54817,46.57722,ADM3,1,1,1,1,0,0,0,0,0,0,0,0,0,0,0,1,0,0,0,0,0,0,0,0,0,,,46025
bert_20260228023827,250143,20260104,1,2749581,liveuamap,706483,PPLA,Kharkiv,Kharkiv,1191,Kharkivs'ka,17850,36.2312,49.99217,ADM3,1,0,1,0,0,0,0,0,0,0,0,0,0,0,0,1,0,0,0,0,0,0,0,0,0,,,46025
bert_20260228023827,32657,20260104,1,2749582,liveuamap,689304,PPLA2,Vovchansk,Kharkiv,1191,Vovchans'kyi,39837,36.9368,50.29401,ADM3,1,0,1,0,0,0,0,0,0,0,0,0,0,0,0,1,0,0,0,0,0,0,0,0,0,,,46025
bert_20260228023827,287049,20260104,1,2743253,liga,709930,PPLA,Dnipro,Dnipropetrovs'k,650,Dnipropetrovs'ka,9966,35.04618,48.46472,ADM3,0,0,1,0,0,0,1,0,0,0,0,0,0,0,0,0,0,0,0,0,0,0,0,0,0,,,46025
bert_20260228023827,362545,20260104,1,2749199,unian,8519916,PPL,Obolon,Kiev City,1210,Obolons'kyi,26190,30.49826,50.50148,STREET,1,1,1,0,1,0,0,0,0,0,0,0,0,0,1,0,0,0,0,0,0,0,0,0,0,,,46025
bert_20260228023827,187958,20260104,1,2736694,unian,703448,PPLC,Kyiv,Kiev City,1210,Shevchenkivs'kyi,33738,30.52355,50.45044,ADM3,0,0,0,0,0,0,1,0,0,0,0,0,0,0,0,0,0,0,0,0,0,0,0,1,0,,,46025
bert_20260228023827,119910,20260104,1,2736695,unian,699751,PPL,Novgorodskoye,Donets'k,655,Dzerzhyns'ka,10511,37.83659,48.33202,ADM3,1,0,1,0,0,0,1,0,0,0,0,0,0,0,0,0,0,0,0,0,0,0,0,0,0,,,46025
bert_20260228023827,203476,20260104,1,2736696,espreso,704422,PPLA2,Pokrovsk,Donets'k,655,Krasnoarmiis'kyi,18918,37.1756,48.28035,ADM3,1,1,1,1,0,0,0,0,0,0,0,0,0,0,1,1,0,0,0,0,0,0,1,0,0,,,46025
bert_20260228023827,203475,20260104,1,2736698,espreso,704422,PPLA2,Pokrovsk,Donets'k,655,Krasnoarmiis'kyi,18918,37.1756,48.28035,ADM3,1,1,1,1,0,0,0,0,0,0,0,0,0,0,0,1,0,0,0,0,0,0,1,0,0,,,46025
bert_20260228023827,250147,20260104,1,2736699,espreso,706483,PPLA,Kharkiv,Kharkiv,1191,Kharkivs'ka,17850,36.2312,49.99217,ADM3,1,1,0,1,0,0,0,0,1,0,0,0,0,1,0,0,0,0,0,1,0,0,0,1,0,,,46025
bert_20260228023827,347992,20260104,1,2736700,espreso,809452,PPL,Kuban,Luhans'k,1405,Novopskovs'kyi,25920,39.02962,49.65099,ADM3,1,1,1,1,0,0,0,0,0,0,0,0,0,0,0,0,0,0,0,1,0,0,0,1,0,,,46025
bert_20260228023827,19233,20260104,1,2736701,espreso,687700,PPLA,Zaporizhzhya,Zaporizhzhya,2730,Zaporiz'ka,41153,35.13885,47.83831,ADM3,1,0,0,0,0,0,0,0,0,0,0,0,0,0,0,0,0,0,0,0,0,0,0,0,0,,,46025
bert_20260228023827,250146,20260104,1,2736992,liga,706483,PPLA,Kharkiv,Kharkiv,1191,Kharkivs'ka,17850,36.2312,49.99217,ADM3,1,1,0,1,0,0,0,0,0,0,1,0,0,1,0,0,0,0,0,1,0,0,0,1,0,,,46025
bert_20260228023827,187960,20260104,1,2736993,liga,703448,PPLC,Kyiv,Kiev City,1210,Shevchenkivs'kyi,33738,30.52355,50.45044,ADM3,0,0,0,0,0,1,0,0,0,0,0,0,0,0,0,0,1,0,0,1,0,0,0,1,0,,,46025
bert_20260228023827,187962,20260104,1,2736994,liga,703448,PPLC,Kyiv,Kiev City,1210,Shevchenkivs'kyi,33738,30.52355,50.45044,ADM3,0,0,0,0,0,1,1,0,0,0,0,0,0,0,0,0,0,0,0,1,0,0,0,1,0,,,46025
bert_20260228023827,187963,20260104,1,2736995,liga,703448,PPLC,Kyiv,Kiev City,1210,Shevchenkivs'kyi,33738,30.52355,50.45044,ADM3,0,0,0,0,0,1,1,0,0,0,0,0,1,0,0,0,0,0,0,0,0,0,0,1,0,,,46025
bert_20260228023827,235289,20260104,1,2736996,liga,706448,PPLA,Kherson,Kherson,1195,Khersons'ka,17890,32.61496,46.64032,ADM3,0,0,0,0,0,0,0,0,0,0,0,0,0,0,0,0,0,0,0,0,0,0,0,0,0,,,46025
bert_20260228023827,319008,20260104,1,2742918,unian,712609,PPL,Bilka,Odessa,1800,Ivanivs'kyi,15842,30.40579,46.90822,ADM1,0,0,0,0,0,0,1,0,0,0,0,0,0,0,0,0,0,0,0,0,0,0,0,0,0,,,46025
bert_20260228023827,192398,20260104,1,2742919,unian,703656,PPLA2,Kupiansk,Kharkiv,1191,Kupians'ka,19188,37.61478,49.7108,ADM3,1,1,1,1,0,0,0,0,0,0,0,0,0,0,1,0,0,0,1,0,0,0,0,0,0,,,46025
bert_20260228023827,362544,20260104,1,2742920,unian,8519916,PPL,Obolon,Kiev City,1210,Obolons'kyi,26190,30.49826,50.50148,STREET,1,1,0,0,0,0,0,0,0,0,0,0,0,0,0,0,1,0,0,1,0,0,1,1,0,,,46025
bert_20260228023827,208587,20260104,1,2742921,unian,705104,PPL,Kostiantynivka,Donets'k,655,Kostiantynivs'ka,18738,37.69368,48.53467,ADM3,1,1,1,1,0,0,0,0,0,0,0,0,0,0,1,0,0,0,0,0,0,0,0,0,0,,,46025
bert_20260228023827,250145,20260104,1,2742922,unian,706483,PPLA,Kharkiv,Kharkiv,1191,Kharkivs'ka,17850,36.2312,49.99217,ADM3,1,1,0,1,0,0,0,0,0,0,0,0,0,1,0,0,0,0,0,1,0,0,0,1,0,,,46025
bert_20260228023827,197336,20260104,1,2742923,unian,704204,PPL,Lyman,Donets'k,655,Krasnolymans'kyi,18941,37.82245,48.96409,ADM3,1,1,1,1,0,0,0,0,0,0,0,0,0,0,1,0,0,0,1,0,0,0,0,0,0,,,46025
bert_20260228023827,205886,20260104,1,2742924,unian,704568,PPL,Kozerohy,Chernihiv,498,Chernihivs'kyi,7661,31.0412,51.30626,ADM3,0,0,0,0,0,0,0,0,0,0,0,0,0,0,0,0,0,0,0,0,0,0,0,0,0,,,46025
bert_20260228023827,250148,20260104,1,2730756,liga,706483,PPLA,Kharkiv,Kharkiv,1191,Kharkivs'ka,17850,36.2312,49.99217,ADM3,1,1,1,0,1,0,0,0,0,0,0,1,0,0,0,0,0,0,0,0,0,0,0,0,0,,,46025
bert_20260228023827,187967,20260104,1,2730757,liga,703448,PPLC,Kyiv,Kiev City,1210,Shevchenkivs'kyi,33738,30.52355,50.45044,ADM3,1,1,1,0,0,0,0,0,0,0,0,0,0,0,0,0,0,0,0,0,0,0,0,0,0,,,46025
bert_20260228023827,187971,20260105,1,2896058,liga,703448,PPLC,Kyiv,Kiev City,1210,Shevchenkivs'kyi,33738,30.52355,50.45044,ADM3,0,0,0,0,0,0,1,0,0,0,0,0,0,0,0,0,0,0,0,0,0,0,0,0,0,,,46026
bert_20260228023827,29681,20260105,1,2870218,liga,689103,PPL,Volovytsia,Chernihiv,498,Borznians'kyi,5262,32.00406,51.35543,ADM1,0,0,0,0,0,1,0,0,0,0,0,0,0,0,0,0,0,0,0,0,0,0,0,0,0,,,46026
bert_20260228023827,187973,20260105,1,2870219,liga,703448,PPLC,Kyiv,Kiev City,1210,Shevchenkivs'kyi,33738,30.52355,50.45044,ADM3,0,0,0,0,0,1,0,0,0,0,0,0,0,0,0,0,0,0,0,0,0,0,0,0,0,,,46026
bert_20260228023827,187984,20260105,2,"2863916, 2825893",liga,703448,PPLC,Kyiv,Kiev City,1210,Shevchenkivs'kyi,33738,30.52355,50.45044,ADM3,1,1,1,1,0,0,0,0,0,0,0,0,0,0,0,0,0,0,0,1,0,0,0,1,0,,,46026
bert_20260228023827,187985,20260105,1,2857646,liga,703448,PPLC,Kyiv,Kiev City,1210,Shevchenkivs'kyi,33738,30.52355,50.45044,ADM3,1,1,1,1,0,0,0,0,0,0,0,0,0,1,0,0,0,0,0,1,0,0,0,0,0,,,46026
bert_20260228023827,154087,20260105,1,2851352,liga,702550,PPLA,Lviv,L'viv,1289,L'vivs'ka,19402,24.0299,49.83932,ADM3,0,0,0,0,0,1,1,0,0,0,0,0,0,0,0,0,0,0,0,0,0,0,0,0,0,,,46026
bert_20260228023827,187974,20260105,4,"2851353, 2781142, 2756112, 2749214","liga, unian",703448,PPLC,Kyiv,Kiev City,1210,Shevchenkivs'kyi,33738,30.52355,50.45044,ADM3,0,0,0,0,0,1,1,0,0,0,0,0,0,0,0,0,0,0,0,0,0,0,0,0,0,,,46026
bert_20260228023827,112314,20260105,1,2845054,liga,698740,PPLA,Odessa,Odessa,1800,Odes'ka,26260,30.73169,46.48421,ADM3,1,0,0,0,0,0,1,0,0,0,0,0,0,0,0,0,0,0,0,0,0,0,0,0,0,,,46026
bert_20260228023827,112313,20260105,1,2838665,liga,698740,PPLA,Odessa,Odessa,1800,Odes'ka,26260,30.73169,46.48421,ADM3,0,0,0,0,0,0,1,0,0,0,0,0,0,0,0,0,0,0,0,1,0,0,0,0,0,,,46026
bert_20260228023827,359346,20260105,1,2832292,liga,8281918,PPL,Posich,Transcarpathia,2491,Khusts'kyi,18005,23.41312,48.22076,ADM1,0,0,0,0,0,1,1,0,0,0,0,0,0,0,0,0,0,0,0,0,0,0,0,0,0,,,46026
bert_20260228023827,187975,20260105,1,2825892,liga,703448,PPLC,Kyiv,Kiev City,1210,Shevchenkivs'kyi,33738,30.52355,50.45044,ADM3,0,0,1,0,0,0,0,0,0,0,0,0,0,0,0,0,0,0,0,1,0,0,0,0,0,,,46026
bert_20260228023827,112315,20260105,1,2819466,liga,698740,PPLA,Odessa,Odessa,1800,Odes'ka,26260,30.73169,46.48421,ADM3,0,1,1,0,0,0,0,0,0,0,0,0,0,0,0,0,0,0,0,0,0,0,0,0,0,,,46026
bert_20260228023827,187970,20260105,2,"2819467, 2743271",liga,703448,PPLC,Kyiv,Kiev City,1210,Shevchenkivs'kyi,33738,30.52355,50.45044,ADM3,0,0,0,0,0,0,0,0,0,0,0,0,0,0,0,0,0,0,0,0,0,0,0,0,0,,,46026
bert_20260228023827,154086,20260105,2,"2806738, 2742932","liga, espreso",702550,PPLA,Lviv,L'viv,1289,L'vivs'ka,19402,24.0299,49.83932,ADM3,0,0,0,0,0,0,1,0,0,0,0,0,0,0,0,0,0,0,0,0,0,0,0,0,0,,,46026
bert_20260228023827,357637,20260105,1,2781143,liga,8250815,PPL,Karpaty,Transcarpathia,2491,Mukachivs'kyi,24017,22.8742,48.52159,ADM3,1,0,1,0,0,0,1,0,0,0,0,0,0,0,0,0,0,0,0,0,0,0,0,0,0,,,46026
bert_20260228023827,187982,20260105,1,2774876,liga,703448,PPLC,Kyiv,Kiev City,1210,Shevchenkivs'kyi,33738,30.52355,50.45044,ADM3,1,1,1,0,1,0,0,0,0,0,1,0,0,0,0,0,0,1,0,1,0,0,0,0,0,,,46026
bert_20260228023827,362547,20260105,1,2756111,liga,8519916,PPL,Obolon,Kiev City,1210,Obolons'kyi,26190,30.49826,50.50148,STREET,0,0,0,0,0,1,1,0,0,0,0,0,0,0,0,0,0,0,0,0,0,0,0,0,0,,,46026
bert_20260228023827,19240,20260105,1,2749583,liveuamap,687700,PPLA,Zaporizhzhya,Zaporizhzhya,2730,Zaporiz'ka,41153,35.13885,47.83831,ADM3,1,1,1,0,1,0,0,0,0,0,1,0,0,0,0,0,0,1,0,1,0,0,0,0,0,,,46026
bert_20260228023827,362546,20260105,1,2749584,liveuamap,8519916,PPL,Obolon,Kiev City,1210,Obolons'kyi,26190,30.49826,50.50148,STREET,1,0,0,0,0,0,1,0,0,0,0,0,0,0,0,0,1,0,0,0,0,0,0,1,0,,,46026
bert_20260228023827,187972,20260105,1,2749585,liveuamap,703448,PPLC,Kyiv,Kiev City,1210,Shevchenkivs'kyi,33738,30.52355,50.45044,ADM3,1,0,0,0,0,0,1,0,0,0,0,0,0,0,0,0,1,0,0,0,0,0,0,1,0,,,46026
bert_20260228023827,261507,20260105,2,"2749586, 2749613",liveuamap,707898,PPLA2,Hulyaypole,Zaporizhzhya,2730,Huliaipil's'kyi,14713,36.25322,47.66644,ADM3,1,1,1,1,0,0,0,0,1,0,0,0,0,0,0,0,0,0,0,1,0,0,0,0,0,,,46026
bert_20260228023827,364706,20260105,2,"2749587, 2749614",liveuamap,8729010,PPL,Varvarivka,Poltava,1956,Khorol's'kyi,17952,33.10109,49.80725,ADM3,1,1,1,1,0,0,0,0,1,0,0,0,0,0,0,0,0,0,0,1,0,0,0,0,0,,,46026
bert_20260228023827,313836,20260105,1,2749588,liveuamap,712582,PPLA2,Bilohirya,Khmel'nyts'kyy,1196,Bilohirs'kyi,4619,26.41669,50.00195,ADM3,1,1,1,1,0,0,0,0,1,0,0,0,0,0,0,0,0,0,0,1,0,0,0,0,0,,,46026
bert_20260228023827,19241,20260105,2,"2749589, 2749616",liveuamap,687700,PPLA,Zaporizhzhya,Zaporizhzhya,2730,Zaporiz'ka,41153,35.13885,47.83831,ADM3,1,1,1,1,0,0,0,0,1,0,0,0,0,0,0,0,0,0,0,1,0,0,0,0,0,,,46026
bert_20260228023827,192399,20260105,2,"2749590, 2749627",liveuamap,703656,PPLA2,Kupiansk,Kharkiv,1191,Kupians'ka,19188,37.61478,49.7108,ADM3,1,0,1,0,0,0,0,0,0,0,0,0,0,0,0,1,0,0,0,0,0,0,0,0,0,,,46026
bert_20260228023827,197337,20260105,2,"2749592, 2749623",liveuamap,704204,PPL,Lyman,Donets'k,655,Krasnolymans'kyi,18941,37.82245,48.96409,ADM3,1,0,1,0,0,0,0,0,0,0,0,0,0,0,0,1,0,0,0,0,0,0,0,0,0,,,46026
bert_20260228023827,57686,20260105,1,2749593,liveuamap,693468,PPL,Sloviansk,Donets'k,655,Slovians'ka,34511,37.60582,48.85227,ADM3,1,0,1,0,0,0,0,0,0,0,1,0,0,0,0,1,0,0,0,0,0,0,0,0,0,,,46026
bert_20260228023827,250151,20260105,2,"2749594, 2749642",liveuamap,706483,PPLA,Kharkiv,Kharkiv,1191,Kharkivs'ka,17850,36.2312,49.99217,ADM3,1,0,1,0,0,0,0,0,0,0,0,0,0,0,0,1,0,0,0,0,0,0,0,0,0,,,46026
bert_20260228023827,32658,20260105,2,"2749595, 2749643",liveuamap,689304,PPLA2,Vovchansk,Kharkiv,1191,Vovchans'kyi,39837,36.9368,50.29401,ADM3,1,0,1,0,0,0,0,0,0,0,0,0,0,0,0,1,0,0,0,0,0,0,0,0,0,,,46026
bert_20260228023827,257460,20260105,1,2749596,liveuamap,707464,PPL,Ivanopillia,Donets'k,655,Kostiantynivs'kyi,18739,37.76439,48.47357,ADM3,1,0,1,0,0,0,0,0,0,0,0,0,0,0,0,1,0,0,0,0,0,0,0,0,0,,,46026
bert_20260228023827,387936,20260105,1,2749597,liveuamap,11151973,PPL,Stepove,Dnipropetrovs'k,650,Krynychans'kyi,19030,34.53593,48.44595,ADM3,1,0,1,0,0,0,0,0,0,0,0,0,0,0,0,1,0,0,0,0,0,0,0,0,0,,,46026
bert_20260228023827,235292,20260105,1,2749598,liveuamap,706448,PPLA,Kherson,Kherson,1195,Khersons'ka,17890,32.61496,46.64032,ADM3,1,1,1,1,0,0,0,0,0,0,0,0,0,0,0,1,0,0,0,0,0,0,0,0,0,,,46026
bert_20260228023827,203477,20260105,1,2749599,liveuamap,704422,PPLA2,Pokrovsk,Donets'k,655,Krasnoarmiis'kyi,18918,37.1756,48.28035,ADM3,1,0,1,0,0,0,0,0,0,0,0,0,0,0,0,1,0,0,0,0,0,0,0,0,0,,,46026
bert_20260228023827,287923,20260105,1,2749601,liveuamap,710035,PPLA2,Myrnohrad,Donets'k,655,Krasnoarmiis'ka,18917,37.26806,48.29097,ADM3,1,0,1,0,0,0,0,0,0,0,0,0,0,0,0,1,0,0,0,0,0,0,0,0,0,,,46026
bert_20260228023827,261505,20260105,2,"2749602, 2749631",liveuamap,707898,PPLA2,Hulyaypole,Zaporizhzhya,2730,Huliaipil's'kyi,14713,36.25322,47.66644,ADM3,1,0,1,0,0,0,0,0,0,0,0,0,0,0,0,1,0,0,0,0,0,0,0,0,0,,,46026
bert_20260228023827,268916,20260105,1,2749604,liveuamap,709671,PPL,Dorozhnianka,Zaporizhzhya,2730,Huliaipil's'kyi,14713,36.26004,47.58678,ADM3,1,0,1,0,0,0,0,0,0,0,0,0,0,0,0,1,0,0,0,0,0,0,0,0,0,,,46026
bert_20260228023827,250152,20260105,1,2749605,liveuamap,706483,PPLA,Kharkiv,Kharkiv,1191,Kharkivs'ka,17850,36.2312,49.99217,ADM3,1,1,0,1,0,0,0,0,0,0,0,0,0,0,0,0,0,0,0,1,0,0,0,1,0,,,46026
bert_20260228023827,219271,20260105,1,2749607,liveuamap,705760,PPL,Kyslytsya,Odessa,1800,Izma‹l's'ka,15941,29.04433,45.41469,ADM3,0,0,1,0,0,0,1,0,0,0,0,0,0,0,0,0,0,0,0,0,0,0,0,0,0,,,46026
bert_20260228023827,19239,20260105,1,2749608,liveuamap,687700,PPLA,Zaporizhzhya,Zaporizhzhya,2730,Zaporiz'ka,41153,35.13885,47.83831,ADM3,1,1,1,0,1,0,0,0,0,0,1,0,0,0,0,0,0,0,0,0,0,0,0,0,0,,,46026
bert_20260228023827,345565,20260105,1,2749609,liveuamap,805500,PPL,Voronyne,Sumy,2356,Bilopils'kyi,4621,34.12376,51.10624,ADM1,1,1,0,1,0,0,0,0,0,0,1,0,0,0,0,0,0,0,0,0,0,0,0,1,0,,,46026
bert_20260228023827,19238,20260105,1,2749610,liveuamap,687700,PPLA,Zaporizhzhya,Zaporizhzhya,2730,Zaporiz'ka,41153,35.13885,47.83831,ADM3,1,1,0,0,1,0,0,0,0,0,1,0,0,0,0,0,0,0,0,0,0,0,0,0,0,,,46026
bert_20260228023827,55601,20260105,1,2749611,liveuamap,693065,PPLX,Sotsmisto,Donets'k,655,Kramators'ka,18898,37.5844,48.73898,ADM3,1,0,1,1,0,0,0,0,0,0,0,0,0,0,0,1,0,0,0,0,0,0,0,0,0,,,46026
bert_20260228023827,287059,20260105,1,2749612,liveuamap,709930,PPLA,Dnipro,Dnipropetrovs'k,650,Dnipropetrovs'ka,9966,35.04618,48.46472,ADM3,1,1,1,1,0,0,0,0,1,0,0,0,0,0,0,0,0,0,0,1,0,0,0,0,0,,,46026
bert_20260228023827,365367,20260105,1,2749615,liveuamap,9112378,PPL,Novoandriivka,Donets'k,655,Krasnoarmiis'kyi,18918,37.04123,48.10791,ADM3,1,1,1,1,0,0,0,0,1,0,0,0,0,0,0,0,0,0,0,1,0,0,0,0,0,,,46026
bert_20260228023827,131251,20260105,1,2749617,liveuamap,700569,PPLA,Mykolayiv,Mykolayiv,1628,Mykola‹vs'ka,24267,31.99381,46.97557,ADM3,1,1,1,1,0,0,0,0,1,0,0,0,0,0,0,0,0,0,0,1,0,0,0,0,0,,,46026
bert_20260228023827,235294,20260105,1,2749618,liveuamap,706448,PPLA,Kherson,Kherson,1195,Khersons'ka,17890,32.61496,46.64032,ADM3,1,1,1,1,0,0,0,0,1,0,0,0,0,0,0,0,0,0,0,1,0,0,0,0,0,,,46026
bert_20260228023827,304238,20260105,1,2749619,liveuamap,710791,PPLA,Cherkasy,Cherkasy,497,Cherkas'ka,7654,32.05977,49.44443,ADM3,1,0,1,0,0,0,0,0,0,0,1,0,0,0,0,0,0,0,0,1,0,0,0,1,0,,,46026
bert_20260228023827,287057,20260105,1,2749620,liveuamap,709930,PPLA,Dnipro,Dnipropetrovs'k,650,Dnipropetrovs'ka,9966,35.04618,48.46472,ADM3,1,1,1,0,1,0,0,0,0,0,0,0,0,0,0,0,0,1,0,1,0,0,0,0,0,,,46026
bert_20260228023827,96513,20260105,1,2749621,liveuamap,697422,PPL,Petropavlivka,Cherkasy,497,Horodyshchens'kyi,14528,31.35233,49.26,ADM1,1,1,0,1,0,0,0,0,0,0,0,0,0,1,0,0,0,0,0,0,0,0,0,0,0,,,46026
bert_20260228023827,287052,20260105,2,"2749622, 2743265","liveuamap, liga",709930,PPLA,Dnipro,Dnipropetrovs'k,650,Dnipropetrovs'ka,9966,35.04618,48.46472,ADM3,0,0,0,0,0,0,0,0,0,0,0,0,0,0,0,0,0,0,0,0,0,0,0,0,0,,,46026
bert_20260228023827,42286,20260105,1,2749625,liveuamap,691358,PPL,Torske,Donets'k,655,Krasnolymans'kyi,18941,37.96573,49.00937,STREET,1,0,1,0,0,0,0,0,0,0,0,0,0,0,0,1,0,0,0,0,0,0,0,0,0,,,46026
bert_20260228023827,381228,20260105,1,2749626,liveuamap,10323759,PPLX,Cheremushky,Donets'k,655,Mariupol's'ka,22073,37.50564,47.07557,ADM3,1,0,1,0,0,0,0,0,0,0,0,0,0,0,0,1,0,0,0,0,0,0,0,0,0,,,46026
bert_20260228023827,57685,20260105,1,2749628,liveuamap,693468,PPL,Sloviansk,Donets'k,655,Slovians'ka,34511,37.60582,48.85227,ADM3,1,0,1,0,0,0,0,0,0,0,0,0,0,0,0,1,0,0,0,0,0,0,0,0,0,,,46026
bert_20260228023827,100672,20260105,1,2749629,liveuamap,698020,PPL,Pankivka,Luhans'k,1405,Luhans'ka,20910,39.34878,48.69979,ADM3,1,0,1,0,0,0,0,0,0,0,0,0,0,0,0,1,0,0,0,0,0,0,0,0,0,,,46026
bert_20260228023827,208588,20260105,1,2749630,liveuamap,705104,PPL,Kostiantynivka,Donets'k,655,Kostiantynivs'ka,18738,37.69368,48.53467,ADM3,1,0,1,0,0,0,0,0,0,0,0,0,0,0,0,1,0,0,0,0,0,0,0,0,0,,,46026
bert_20260228023827,235293,20260105,1,2749633,liveuamap,706448,PPLA,Kherson,Kherson,1195,Khersons'ka,17890,32.61496,46.64032,ADM3,1,1,1,1,0,0,0,0,0,0,0,0,0,0,0,1,0,0,0,0,0,0,1,0,0,,,46026
bert_20260228023827,203479,20260105,1,2749634,liveuamap,704422,PPLA2,Pokrovsk,Donets'k,655,Krasnoarmiis'kyi,18918,37.1756,48.28035,ADM3,1,1,1,1,0,0,0,0,0,0,0,0,0,0,0,1,0,0,0,0,0,0,0,0,0,,,46026
bert_20260228023827,197338,20260105,1,2749635,liveuamap,704204,PPL,Lyman,Donets'k,655,Krasnolymans'kyi,18941,37.82245,48.96409,ADM3,1,1,1,1,0,0,0,0,0,0,0,0,0,0,0,1,0,0,0,0,0,0,0,0,0,,,46026
bert_20260228023827,287924,20260105,1,2749636,liveuamap,710035,PPLA2,Myrnohrad,Donets'k,655,Krasnoarmiis'ka,18917,37.2591,48.30791,ADM3,1,1,1,1,0,0,0,0,0,0,0,0,0,0,0,1,0,0,0,0,0,0,0,0,0,,,46026
bert_20260228023827,364862,20260105,1,2749638,liveuamap,9112127,PPL,Kotlyne,Donets'k,655,Krasnoarmiis'kyi,18918,37.04956,48.25514,ADM3,1,1,1,1,0,0,0,0,0,0,0,0,0,0,0,1,0,0,0,0,0,0,0,0,0,,,46026
bert_20260228023827,366021,20260105,1,2749639,liveuamap,9112905,PPL,Molodets'ke,Donets'k,655,Krasnoarmiis'kyi,18918,36.93473,48.24095,ADM3,1,1,1,1,0,0,0,0,0,0,0,0,0,0,0,1,0,0,0,0,0,0,0,0,0,,,46026
bert_20260228023827,40249,20260105,1,2749640,liveuamap,690841,PPL,Udachne,Donets'k,655,Krasnoarmiis'kyi,18918,36.98273,48.23942,ADM3,1,1,1,1,0,0,0,0,0,0,0,0,0,0,0,1,0,0,0,0,0,0,0,0,0,,,46026
bert_20260228023827,260400,20260105,1,2749641,liveuamap,707756,PPL,Dachne,Odessa,1800,Bilia‹vs'kyi,4610,30.54817,46.57722,ADM3,1,1,1,1,0,0,0,0,0,0,0,0,0,0,0,1,0,0,0,0,0,0,0,0,0,,,46026
bert_20260228023827,376800,20260105,1,2742928,espreso,9532052,PPL,Huliaipilske,Zaporizhzhya,2730,Huliaipil's'kyi,14713,36.06122,47.61272,ADM3,1,0,1,0,0,0,1,0,0,0,1,0,0,0,0,0,0,0,0,0,0,0,0,1,0,,,46026
bert_20260228023827,393680,20260105,1,2742929,espreso,11777953,PPL,Deremezna,Kiev,1209,Obukhivs'kyi,26204,30.47662,50.02393,ADM1,0,0,1,0,0,0,0,0,0,0,0,0,0,0,0,0,0,0,0,0,0,0,0,0,0,,,46026
bert_20260228023827,394064,20260105,1,2742930,espreso,11902779,PPLX,Vilnius Quarter,Chernihiv,498,Ripkyns'kyi,30555,30.75488,51.52166,ADM3,0,0,1,0,0,1,0,0,0,0,0,0,0,0,0,0,0,0,0,0,0,0,0,0,0,,,46026
bert_20260228023827,393681,20260105,1,2742931,espreso,11777953,PPL,Deremezna,Kiev,1209,Obukhivs'kyi,26204,30.47662,50.02393,ADM1,0,0,1,0,0,1,0,0,0,0,0,0,0,0,0,0,0,0,0,0,0,0,0,0,0,,,46026
bert_20260228023827,287058,20260105,1,2742933,espreso,709930,PPLA,Dnipro,Dnipropetrovs'k,650,Dnipropetrovs'ka,9966,35.04618,48.46472,ADM3,1,1,1,0,1,0,0,0,0,0,0,0,0,0,1,0,0,1,1,1,0,0,0,0,0,,,46026
bert_20260228023827,203478,20260105,1,2742934,espreso,704422,PPLA2,Pokrovsk,Donets'k,655,Krasnoarmiis'kyi,18918,37.1756,48.28035,ADM3,1,1,1,0,1,0,0,0,0,0,0,0,0,0,0,0,0,1,0,0,0,0,0,0,0,,,46026
bert_20260228023827,287054,20260105,1,2743254,liga,709930,PPLA,Dnipro,Dnipropetrovs'k,650,Dnipropetrovs'ka,9966,35.04618,48.46472,ADM3,1,0,1,0,0,0,1,0,0,0,0,0,0,0,0,0,0,0,0,0,0,0,0,0,0,,,46026
bert_20260228023827,192400,20260105,1,2743255,liga,703656,PPLA2,Kupiansk,Kharkiv,1191,Kupians'ka,19188,37.61478,49.7108,ADM3,1,1,1,1,0,0,0,0,0,0,0,0,0,0,1,0,0,0,0,0,0,0,0,0,0,,,46026
bert_20260228023827,217136,20260105,1,2743256,liga,705183,PPL,Slobozhans'ke,Kharkiv,1191,Zmiïvs'kyi,41407,36.50512,49.61494,ADM1,1,0,0,1,0,0,0,0,0,0,0,0,0,1,0,0,0,0,0,1,0,1,0,1,0,,,46026
bert_20260228023827,22753,20260105,1,2743257,liga,688393,PPL,Yaseninichi,Rivne,2066,Rivnens'ka,30582,26.25164,50.61992,ADM3,1,1,1,0,0,0,0,0,0,0,0,0,0,0,1,0,0,0,1,0,0,0,0,0,0,,,46026
bert_20260228023827,362548,20260105,1,2743258,liga,8519916,PPL,Obolon,Kiev City,1210,Obolons'kyi,26190,30.49826,50.50148,STREET,1,1,1,0,0,1,0,0,0,0,0,0,1,0,0,0,0,0,0,0,0,0,0,0,0,,,46026
bert_20260228023827,203480,20260105,1,2743259,liga,704422,PPLA2,Pokrovsk,Donets'k,655,Krasnoarmiis'kyi,18918,37.1756,48.28035,ADM3,1,1,1,1,0,0,0,0,0,0,0,0,0,0,1,0,0,0,0,0,0,0,0,0,0,,,46026
bert_20260228023827,187976,20260105,1,2743260,liga,703448,PPLC,Kyiv,Kiev City,1210,Shevchenkivs'kyi,33738,30.52355,50.45044,ADM3,1,0,1,0,0,0,1,0,0,0,0,0,0,0,0,0,0,0,0,0,0,0,0,0,0,,,46026
bert_20260228023827,261506,20260105,1,2743261,liga,707898,PPLA2,Hulyaypole,Zaporizhzhya,2730,Huliaipil's'kyi,14713,36.25322,47.66644,ADM3,1,1,1,1,0,0,0,0,0,0,1,0,0,1,0,0,0,0,0,1,0,0,0,1,0,,,46026
bert_20260228023827,19237,20260105,1,2743262,liga,687700,PPLA,Zaporizhzhya,Zaporizhzhya,2730,Zaporiz'ka,41153,35.13885,47.83831,ADM3,0,0,0,0,0,1,1,0,0,0,0,0,0,0,0,0,0,0,0,0,0,0,0,0,0,,,46026
bert_20260228023827,287053,20260105,2,"2743263, 2749204","liga, unian",709930,PPLA,Dnipro,Dnipropetrovs'k,650,Dnipropetrovs'ka,9966,35.04618,48.46472,ADM3,0,0,0,0,0,1,1,0,0,0,0,0,0,0,0,0,0,0,0,0,0,0,0,0,0,,,46026
bert_20260228023827,250150,20260105,1,2743264,liga,706483,PPLA,Kharkiv,Kharkiv,1191,Kharkivs'ka,17850,36.2312,49.99217,ADM3,0,0,0,0,0,1,1,0,0,0,0,0,0,0,0,0,0,0,0,0,0,0,0,0,0,,,46026
bert_20260228023827,219270,20260105,1,2743266,liga,705760,PPL,Kyslytsya,Odessa,1800,Izma‹l's'ka,15941,29.04433,45.41469,ADM3,0,0,0,0,0,0,0,0,0,0,0,0,0,0,0,0,0,0,0,0,0,0,0,0,0,,,46026
bert_20260228023827,100673,20260105,1,2743267,liga,698020,PPL,Pankivka,Luhans'k,1405,Luhans'ka,20910,39.34878,48.69979,ADM3,0,1,0,0,0,1,1,0,0,0,0,0,0,0,0,0,0,0,0,0,0,0,0,0,0,,,46026
bert_20260228023827,275145,20260105,1,2743268,liga,709717,PPLA,Donetsk,Donets'k,655,Donets'ka,10139,37.80285,48.01588,ADM3,0,1,0,0,0,1,1,0,0,0,0,0,0,0,0,0,0,0,0,0,0,0,0,0,0,,,46026
bert_20260228023827,345566,20260105,1,2743269,liga,805500,PPL,Voronyne,Sumy,2356,Bilopils'kyi,4621,34.12376,51.10624,ADM1,1,1,1,0,1,0,0,0,0,0,1,0,0,0,0,0,0,1,0,1,0,0,0,0,0,,,46026
bert_20260228023827,250153,20260105,1,2743270,liga,706483,PPLA,Kharkiv,Kharkiv,1191,Kharkivs'ka,17850,36.2312,49.99217,ADM3,1,1,1,0,1,0,0,0,0,0,1,0,0,0,0,0,0,1,0,1,0,0,0,0,0,,,46026
bert_20260228023827,394063,20260105,1,2743272,liga,11902779,PPLX,Vilnius Quarter,Chernihiv,498,Ripkyns'kyi,30555,30.75488,51.52166,ADM3,0,0,0,0,0,0,0,0,0,0,0,0,0,0,0,0,0,0,0,0,0,0,0,0,0,,,46026
bert_20260228023827,187983,20260105,1,2743273,liga,703448,PPLC,Kyiv,Kiev City,1210,Shevchenkivs'kyi,33738,30.52355,50.45044,ADM3,1,1,1,1,0,0,0,0,0,0,0,0,0,0,0,0,0,0,0,1,0,0,0,0,0,,,46026
bert_20260228023827,287055,20260105,1,2743274,liga,709930,PPLA,Dnipro,Dnipropetrovs'k,650,Dnipropetrovs'ka,9966,35.04618,48.46472,ADM3,1,1,0,1,0,0,0,0,0,0,0,0,0,0,1,0,0,0,1,0,0,0,0,0,0,,,46026
bert_20260228023827,393682,20260105,1,2749200,unian,11777953,PPL,Deremezna,Kiev,1209,Obukhivs'kyi,26204,30.47662,50.02393,ADM1,0,0,1,1,0,0,0,0,0,0,1,0,0,0,0,0,0,0,0,1,0,0,0,0,0,,,46026
bert_20260228023827,394065,20260105,1,2749201,unian,11902779,PPLX,Vilnius Quarter,Chernihiv,498,Ripkyns'kyi,30555,30.75488,51.52166,ADM3,0,0,1,1,0,0,0,0,0,0,1,0,0,0,0,0,0,0,0,1,0,0,0,0,0,,,46026
bert_20260228023827,187978,20260105,1,2749202,unian,703448,PPLC,Kyiv,Kiev City,1210,Shevchenkivs'kyi,33738,30.52355,50.45044,ADM3,1,1,0,0,0,0,0,0,0,0,0,0,0,0,0,0,0,0,0,0,0,0,0,0,0,,,46026
bert_20260228023827,187977,20260105,1,2749203,unian,703448,PPLC,Kyiv,Kiev City,1210,Shevchenkivs'kyi,33738,30.52355,50.45044,ADM3,0,0,1,0,0,1,1,0,0,0,0,0,0,0,0,0,0,0,0,0,0,0,0,0,0,,,46026
bert_20260228023827,289795,20260105,1,2749205,unian,710403,PPLQ,Chornobyl,Kiev,1209,Ivankivs'kyi,15844,30.211,51.27784,ADM3,0,0,0,0,0,0,1,0,0,0,0,0,0,0,0,0,0,0,0,0,0,0,0,0,0,,,46026
bert_20260228023827,187981,20260105,1,2749206,unian,703448,PPLC,Kyiv,Kiev City,1210,Shevchenkivs'kyi,33738,30.52355,50.45044,ADM3,1,1,1,0,1,0,0,0,0,0,1,0,0,0,0,0,0,0,0,0,0,0,0,0,0,,,46026
bert_20260228023827,373670,20260105,1,2749207,unian,9114542,PPL,Novyi,Luhans'k,1405,Krasnoluts'ka,18939,38.59081,48.49995,ADM3,0,0,0,0,0,0,1,0,0,0,0,0,0,0,0,0,0,0,0,0,0,0,0,0,0,,,46026
bert_20260228023827,67807,20260105,1,2749208,unian,693805,PPLA2,Simferopol,Crimea,579,Simferopol's'ka,34229,34.09941,44.95363,ADM3,0,0,0,0,0,0,1,0,0,0,0,0,0,0,0,0,0,0,0,0,0,0,0,0,0,,,46026
bert_20260228023827,219272,20260105,1,2749209,unian,705760,PPL,Kyslytsya,Odessa,1800,Izma‹l's'ka,15941,29.04433,45.41469,ADM3,0,1,0,0,0,0,0,0,0,0,0,0,0,0,0,0,0,0,0,0,0,0,0,0,0,,,46026
bert_20260228023827,261504,20260105,1,2749210,unian,707898,PPLA2,Hulyaypole,Zaporizhzhya,2730,Huliaipil's'kyi,14713,36.25322,47.66644,ADM3,0,0,0,0,0,0,1,0,0,0,0,0,0,0,0,0,0,0,0,0,0,0,0,0,0,,,46026
bert_20260228023827,319009,20260105,1,2749211,unian,712609,PPL,Bilka,Odessa,1800,Ivanivs'kyi,15842,30.40579,46.90822,ADM1,0,1,1,0,0,0,1,0,0,0,0,0,0,0,0,0,0,0,0,0,0,0,0,0,0,,,46026
bert_20260228023827,303408,20260105,1,2749212,unian,710771,PPL,Chorna Dolyna,Kherson,1195,Kakhovs'kyi,16943,33.48173,46.55783,ADM1,0,1,0,1,0,0,1,0,0,0,0,0,0,0,0,0,0,0,0,0,0,0,0,0,0,,,46026
bert_20260228023827,217135,20260105,1,2749213,unian,705183,PPL,Slobozhans'ke,Kharkiv,1191,Zmiïvs'kyi,41407,36.50512,49.61494,ADM1,0,0,0,0,0,0,1,0,0,0,0,0,0,0,0,0,0,0,0,0,0,0,0,0,0,,,46026
bert_20260228023827,397077,20260105,1,2749215,unian,,,,,,,,30.20331,45.25481,ADM3,1,1,1,1,0,0,0,0,0,0,1,0,0,0,0,0,0,0,0,0,0,0,0,0,0,,,46026
bert_20260228023827,119911,20260105,1,2749216,unian,699751,PPL,Novgorodskoye,Donets'k,655,Dzerzhyns'ka,10511,37.83659,48.33202,ADM3,0,0,0,0,0,0,1,0,0,0,0,0,0,0,0,0,0,0,0,0,0,0,0,0,0,,,46026
bert_20260228023827,250149,20260105,1,2749217,unian,706483,PPLA,Kharkiv,Kharkiv,1191,Kharkivs'ka,17850,36.2312,49.99217,ADM3,0,0,0,0,0,0,1,0,0,0,0,0,0,0,0,0,0,0,0,0,0,0,0,0,0,,,46026
bert_20260228023827,187979,20260105,1,2749218,unian,703448,PPLC,Kyiv,Kiev City,1210,Shevchenkivs'kyi,33738,30.52355,50.45044,ADM3,1,1,1,0,0,0,0,0,0,0,0,0,0,0,0,0,0,0,0,0,0,0,0,0,0,,,46026
bert_20260228023827,131250,20260105,1,2749219,unian,700569,PPLA,Mykolayiv,Mykolayiv,1628,Mykola‹vs'ka,24267,31.99381,46.97557,ADM3,0,0,0,0,0,0,1,0,0,0,0,0,0,0,0,0,0,0,0,0,0,0,0,0,0,,,46026
bert_20260228023827,287056,20260105,1,2749220,unian,709930,PPLA,Dnipro,Dnipropetrovs'k,650,Dnipropetrovs'ka,9966,35.04618,48.46472,ADM3,1,1,1,0,0,0,1,0,0,0,0,0,0,0,0,0,0,0,0,0,0,0,0,0,0,,,46026
bert_20260228023827,187980,20260105,1,2749221,unian,703448,PPLC,Kyiv,Kiev City,1210,Shevchenkivs'kyi,33738,30.52355,50.45044,ADM3,0,1,1,0,0,0,1,0,0,0,0,0,0,0,0,0,0,0,0,0,0,0,0,0,0,,,46026
bert_20260228023827,187987,20260106,2,"2896068, 2755739","liga, unian",703448,PPLC,Kyiv,Kiev City,1210,Shevchenkivs'kyi,33738,30.52355,50.45044,ADM3,0,0,0,0,0,0,1,0,0,0,0,0,0,0,0,0,0,0,0,0,0,0,0,0,0,,,46027
bert_20260228023827,29682,20260106,1,2870230,liga,689103,PPL,Volovytsia,Chernihiv,498,Borznians'kyi,5262,32.00406,51.35543,ADM1,0,0,0,0,0,1,0,0,0,0,0,0,0,0,0,0,0,0,0,0,0,0,0,0,0,,,46027
bert_20260228023827,187990,20260106,1,2870231,liga,703448,PPLC,Kyiv,Kiev City,1210,Shevchenkivs'kyi,33738,30.52355,50.45044,ADM3,0,0,0,0,0,1,0,0,0,0,0,0,0,0,0,0,0,0,0,0,0,0,0,0,0,,,46027
bert_20260228023827,187998,20260106,2,"2863927, 2825906",liga,703448,PPLC,Kyiv,Kiev City,1210,Shevchenkivs'kyi,33738,30.52355,50.45044,ADM3,1,1,1,1,0,0,0,0,0,0,0,0,0,0,0,0,0,0,0,1,0,0,0,1,0,,,46027
bert_20260228023827,187999,20260106,3,"2857658, 2781154, 2756125",liga,703448,PPLC,Kyiv,Kiev City,1210,Shevchenkivs'kyi,33738,30.52355,50.45044,ADM3,1,1,1,1,0,0,0,0,0,0,0,0,0,1,0,0,0,0,0,1,0,0,0,0,0,,,46027
bert_20260228023827,154089,20260106,1,2851364,liga,702550,PPLA,Lviv,L'viv,1289,L'vivs'ka,19402,24.0299,49.83932,ADM3,0,0,0,0,0,1,1,0,0,0,0,0,0,0,0,0,0,0,0,0,0,0,0,0,0,,,46027
bert_20260228023827,187991,20260106,3,"2851365, 2749536, 2749542",liga,703448,PPLC,Kyiv,Kiev City,1210,Shevchenkivs'kyi,33738,30.52355,50.45044,ADM3,0,0,0,0,0,1,1,0,0,0,0,0,0,0,0,0,0,0,0,0,0,0,0,0,0,,,46027
bert_20260228023827,112317,20260106,1,2845066,liga,698740,PPLA,Odessa,Odessa,1800,Odes'ka,26260,30.73169,46.48421,ADM3,1,0,0,0,0,0,1,0,0,0,0,0,0,0,0,0,0,0,0,0,0,0,0,0,0,,,46027
bert_20260228023827,112316,20260106,1,2838676,liga,698740,PPLA,Odessa,Odessa,1800,Odes'ka,26260,30.73169,46.48421,ADM3,0,0,0,0,0,0,1,0,0,0,0,0,0,0,0,0,0,0,0,1,0,0,0,0,0,,,46027
bert_20260228023827,359347,20260106,1,2832304,liga,8281918,PPL,Posich,Transcarpathia,2491,Khusts'kyi,18005,23.41312,48.22076,ADM1,0,0,0,0,0,1,1,0,0,0,0,0,0,0,0,0,0,0,0,0,0,0,0,0,0,,,46027
bert_20260228023827,187992,20260106,1,2825905,liga,703448,PPLC,Kyiv,Kiev City,1210,Shevchenkivs'kyi,33738,30.52355,50.45044,ADM3,0,0,1,0,0,0,0,0,0,0,0,0,0,0,0,0,0,0,0,1,0,0,0,0,0,,,46027
bert_20260228023827,112318,20260106,1,2819478,liga,698740,PPLA,Odessa,Odessa,1800,Odes'ka,26260,30.73169,46.48421,ADM3,0,1,1,0,0,0,0,0,0,0,0,0,0,0,0,0,0,0,0,0,0,0,0,0,0,,,46027
bert_20260228023827,187986,20260106,4,"2819479, 2755730, 2755733, 2755734","liga, unian",703448,PPLC,Kyiv,Kiev City,1210,Shevchenkivs'kyi,33738,30.52355,50.45044,ADM3,0,0,0,0,0,0,0,0,0,0,0,0,0,0,0,0,0,0,0,0,0,0,0,0,0,,,46027
bert_20260228023827,154088,20260106,1,2806748,liga,702550,PPLA,Lviv,L'viv,1289,L'vivs'ka,19402,24.0299,49.83932,ADM3,0,0,0,0,0,0,1,0,0,0,0,0,0,0,0,0,0,0,0,0,0,0,0,0,0,,,46027
bert_20260228023827,357638,20260106,1,2781155,liga,8250815,PPL,Karpaty,Transcarpathia,2491,Mukachivs'kyi,24017,22.8742,48.52159,ADM3,0,0,1,0,0,1,0,0,0,0,0,0,0,0,0,0,0,0,0,0,0,0,0,0,0,,,46027
bert_20260228023827,187994,20260106,1,2774886,liga,703448,PPLC,Kyiv,Kiev City,1210,Shevchenkivs'kyi,33738,30.52355,50.45044,ADM3,0,1,0,0,0,0,1,0,0,0,0,0,0,0,0,0,0,0,0,0,0,0,0,0,0,,,46027
bert_20260228023827,362550,20260106,1,2756124,liga,8519916,PPL,Obolon,Kiev City,1210,Obolons'kyi,26190,30.49826,50.50148,STREET,1,1,1,1,0,0,0,0,0,0,0,0,0,1,0,0,0,0,0,1,0,0,0,0,0,,,46027
bert_20260228023827,203482,20260106,1,2749222,espreso,704422,PPLA2,Pokrovsk,Donets'k,655,Krasnoarmiis'kyi,18918,37.1756,48.28035,ADM3,1,1,0,1,0,0,0,0,0,0,0,0,0,0,1,0,0,0,0,0,0,0,0,0,0,,,46027
bert_20260228023827,376801,20260106,1,2749223,espreso,9532052,PPL,Huliaipilske,Zaporizhzhya,2730,Huliaipil's'kyi,14713,36.06122,47.61272,ADM3,1,1,1,1,0,0,0,0,0,0,0,0,0,0,0,1,0,0,0,0,0,0,0,0,0,,,46027
bert_20260228023827,82399,20260106,1,2749224,espreso,695094,PPLX,Ruttschenkowo,Donets'k,655,Donets'ka,10139,37.67529,47.95508,ADM1,1,1,1,1,0,0,0,0,0,0,0,0,0,0,1,0,0,0,0,0,0,0,0,0,0,,,46027
bert_20260228023827,95031,20260106,1,2749225,espreso,696877,PPLX,Podil,Kiev City,1210,Shevchenkivs'kyi,33738,30.50463,50.4736,STREET,0,0,1,0,0,1,0,0,0,0,0,0,0,0,0,0,0,0,0,0,0,0,0,0,0,,,46027
bert_20260228023827,388025,20260106,1,2749226,espreso,11173717,PPL,Zapovit,Kherson,1195,Velykooleksandrivs'kyi,39276,32.9638,47.10318,ADM3,0,0,1,0,0,1,0,0,0,0,0,0,0,0,0,0,0,0,0,0,0,0,0,0,0,,,46027
bert_20260228023827,203484,20260106,1,2749227,espreso,704422,PPLA2,Pokrovsk,Donets'k,655,Krasnoarmiis'kyi,18918,37.1756,48.28035,ADM3,1,1,1,1,0,0,0,0,0,0,0,0,0,0,0,1,0,0,0,0,0,0,1,0,0,,,46027
bert_20260228023827,187996,20260106,1,2749537,liga,703448,PPLC,Kyiv,Kiev City,1210,Shevchenkivs'kyi,33738,30.52355,50.45044,ADM3,0,1,1,0,0,0,1,0,0,0,0,0,0,0,1,0,0,0,0,0,0,0,0,0,0,,,46027
bert_20260228023827,19243,20260106,1,2749538,liga,687700,PPLA,Zaporizhzhya,Zaporizhzhya,2730,Zaporiz'ka,41153,35.13885,47.83831,ADM3,1,1,1,0,1,0,0,0,0,0,0,0,0,0,1,0,0,0,0,0,0,0,0,0,0,,,46027
bert_20260228023827,131253,20260106,1,2749539,liga,700569,PPLA,Mykolayiv,Mykolayiv,1628,Mykola‹vs'ka,24267,31.99381,46.97557,ADM3,0,0,0,0,0,1,1,0,0,0,0,0,0,0,0,0,0,0,0,0,0,0,0,0,0,,,46027
bert_20260228023827,19245,20260106,1,2749540,liga,687700,PPLA,Zaporizhzhya,Zaporizhzhya,2730,Zaporiz'ka,41153,35.13885,47.83831,ADM3,1,1,1,1,0,0,0,0,0,0,0,0,0,1,1,0,0,0,1,1,0,0,0,0,0,,,46027
bert_20260228023827,94537,20260106,1,2749541,liga,696877,PPLX,Podil,Kiev City,1210,Shevchenkivs'kyi,33738,30.51193,50.46934,ADM3,0,0,0,0,0,1,1,0,0,0,0,0,0,0,0,0,0,0,0,0,0,0,0,0,0,,,46027
bert_20260228023827,361895,20260106,1,2749543,liga,8465680,PPL,Danylivka,Zhytomyr,2739,Volodars'ko-Volyns'kyi,39783,28.47583,50.63963,ADM1,0,0,0,0,0,1,0,0,0,0,0,0,0,0,0,0,0,0,0,0,0,0,0,1,0,,,46027
bert_20260228023827,235518,20260106,1,2749644,liveuamap,706466,PPL,Khartsyzk,Donets'k,655,n.a. ( 511),24298,38.14585,48.04026,ADM3,1,1,1,0,0,0,0,1,0,0,0,0,0,0,0,0,0,0,0,1,0,0,0,1,0,,,46027
bert_20260228023827,19242,20260106,1,2749645,liveuamap,687700,PPLA,Zaporizhzhya,Zaporizhzhya,2730,Zaporiz'ka,41153,35.13885,47.83831,ADM3,1,1,0,0,1,0,0,0,0,0,1,0,0,0,0,0,0,0,0,0,0,0,0,0,0,,,46027
bert_20260228023827,287063,20260106,1,2749646,liveuamap,709930,PPLA,Dnipro,Dnipropetrovs'k,650,Dnipropetrovs'ka,9966,35.04618,48.46472,ADM3,1,0,1,0,0,0,0,0,0,0,0,0,0,0,0,0,0,0,0,1,0,0,0,1,0,,,46027
bert_20260228023827,188001,20260106,1,2749647,liveuamap,703448,PPLC,Kyiv,Kiev City,1210,Shevchenkivs'kyi,33738,30.52355,50.45044,ADM3,0,1,1,1,0,1,0,0,0,0,0,0,1,0,0,0,1,0,0,1,0,0,0,0,0,,,46027
bert_20260228023827,362551,20260106,1,2749648,liveuamap,8519916,PPL,Obolon,Kiev City,1210,Obolons'kyi,26190,30.49826,50.50148,STREET,0,1,1,1,0,1,0,0,0,0,0,0,1,0,0,0,1,0,0,1,0,0,0,0,0,,,46027
bert_20260228023827,235295,20260106,1,2749649,liveuamap,706448,PPLA,Kherson,Kherson,1195,Khersons'ka,17890,32.61496,46.64032,ADM3,1,1,0,1,0,0,0,0,0,0,1,0,0,0,0,0,0,0,0,0,0,0,0,1,0,,,46027
bert_20260228023827,250157,20260106,1,2749650,liveuamap,706483,PPLA,Kharkiv,Kharkiv,1191,Kharkivs'ka,17850,36.2312,49.99217,ADM3,1,1,0,0,0,0,0,0,1,0,0,0,0,0,0,0,0,1,0,1,0,0,0,1,0,,,46027
bert_20260228023827,250158,20260106,1,2749651,liveuamap,706483,PPLA,Kharkiv,Kharkiv,1191,Kharkivs'ka,17850,36.2312,49.99217,ADM3,1,1,1,1,0,0,0,0,0,0,0,0,0,1,0,0,0,0,0,0,0,0,0,0,0,,,46027
bert_20260228023827,250159,20260106,2,"2749652, 2749653",liveuamap,706483,PPLA,Kharkiv,Kharkiv,1191,Kharkivs'ka,17850,36.2312,49.99217,ADM3,1,1,1,1,0,0,0,0,1,0,0,0,0,1,0,0,0,0,0,1,0,0,0,1,0,,,46027
bert_20260228023827,287062,20260106,1,2749655,liveuamap,709930,PPLA,Dnipro,Dnipropetrovs'k,650,Dnipropetrovs'ka,9966,35.04618,48.46472,ADM3,1,0,0,0,0,0,0,0,0,0,1,0,0,0,0,0,0,0,0,1,0,0,0,0,0,,,46027
bert_20260228023827,287066,20260106,1,2749656,liveuamap,709930,PPLA,Dnipro,Dnipropetrovs'k,650,Dnipropetrovs'ka,9966,35.04618,48.46472,ADM3,1,1,1,0,1,0,0,0,0,0,1,0,0,0,0,0,0,0,0,1,0,0,0,0,0,,,46027
bert_20260228023827,19247,20260106,1,2749657,liveuamap,687700,PPLA,Zaporizhzhya,Zaporizhzhya,2730,Zaporiz'ka,41153,35.13885,47.83831,ADM3,1,1,1,1,1,0,0,1,0,0,1,0,0,0,0,0,0,0,0,0,0,0,0,0,0,,,46027
bert_20260228023827,131252,20260106,1,2749658,liveuamap,700569,PPLA,Mykolayiv,Mykolayiv,1628,Mykola‹vs'ka,24267,31.99381,46.97557,ADM3,1,0,0,0,0,0,0,0,0,0,0,0,0,0,0,0,0,0,0,0,0,0,0,0,0,,,46027
bert_20260228023827,360520,20260106,1,2749659,liveuamap,8419787,PPL,Zakumske,Sumy,2356,Sums'kyi,35426,34.64912,50.95537,ADM2,1,1,1,1,0,0,0,0,0,0,0,0,0,0,1,0,0,0,1,0,0,0,0,0,0,,,46027
bert_20260228023827,55602,20260106,1,2749660,liveuamap,693065,PPLX,Sotsmisto,Donets'k,655,Kramators'ka,18898,37.5844,48.73898,ADM3,1,0,1,0,0,0,0,0,0,0,0,0,0,0,0,1,0,0,0,0,0,0,0,0,0,,,46027
bert_20260228023827,370601,20260106,1,2749661,liveuamap,9113948,PPL,Stupochky,Donets'k,655,Kostiantynivs'kyi,18739,37.82831,48.53838,STREET,1,0,1,0,0,0,0,0,0,0,0,0,0,0,0,1,0,0,0,0,0,0,0,0,0,,,46027
bert_20260228023827,287061,20260106,1,2749662,liveuamap,709930,PPLA,Dnipro,Dnipropetrovs'k,650,Dnipropetrovs'ka,9966,35.04618,48.46472,ADM3,0,0,0,0,0,0,0,0,0,0,0,0,0,0,0,0,1,0,0,1,0,0,0,0,0,,,46027
bert_20260228023827,250156,20260106,2,"2749663, 2749698",liveuamap,706483,PPLA,Kharkiv,Kharkiv,1191,Kharkivs'ka,17850,36.2312,49.99217,ADM3,1,0,1,0,0,0,0,0,0,0,0,0,0,0,0,1,0,0,0,0,0,0,0,0,0,,,46027
bert_20260228023827,32659,20260106,2,"2749664, 2749699",liveuamap,689304,PPLA2,Vovchansk,Kharkiv,1191,Vovchans'kyi,39837,36.9368,50.29401,ADM3,1,0,1,0,0,0,0,0,0,0,0,0,0,0,0,1,0,0,0,0,0,0,0,0,0,,,46027
bert_20260228023827,192401,20260106,2,"2749665, 2749694",liveuamap,703656,PPLA2,Kupiansk,Kharkiv,1191,Kupians'ka,19188,37.61478,49.7108,ADM3,1,0,1,0,0,0,0,0,0,0,0,0,0,0,0,1,0,0,0,0,0,0,0,0,0,,,46027
bert_20260228023827,197339,20260106,2,"2749666, 2749696",liveuamap,704204,PPL,Lyman,Donets'k,655,Krasnolymans'kyi,18941,37.82245,48.96409,ADM3,1,0,1,0,0,0,0,0,0,0,0,0,0,0,0,1,0,0,0,0,0,0,0,0,0,,,46027
bert_20260228023827,42287,20260106,1,2749667,liveuamap,691358,PPL,Torske,Donets'k,655,Krasnolymans'kyi,18941,37.96573,49.00937,STREET,1,0,1,0,0,0,0,0,0,0,0,0,0,0,0,1,0,0,0,0,0,0,0,0,0,,,46027
bert_20260228023827,287067,20260106,1,2749668,liveuamap,709930,PPLA,Dnipro,Dnipropetrovs'k,650,Dnipropetrovs'ka,9966,35.04618,48.46472,ADM3,1,1,1,1,0,0,0,0,1,0,0,0,0,0,0,0,0,0,0,1,0,0,0,0,0,,,46027
bert_20260228023827,103020,20260106,1,2749669,liveuamap,698428,PPLA2,Orikhiv,Zaporizhzhya,2730,Orikhivs'kyi,26748,35.77773,47.56947,ADM3,1,1,1,1,0,0,0,0,1,0,0,0,0,0,0,0,0,0,0,1,0,0,0,0,0,,,46027
bert_20260228023827,360749,20260106,1,2749670,liveuamap,8438363,PPL,Zelene,Rivne,2066,Dubens'kyi,10348,25.77252,50.45812,ADM3,1,1,1,1,0,0,0,0,1,0,0,0,0,0,0,0,0,0,0,1,0,0,0,0,0,,,46027
bert_20260228023827,19246,20260106,2,"2749671, 2749693",liveuamap,687700,PPLA,Zaporizhzhya,Zaporizhzhya,2730,Zaporiz'ka,41153,35.13885,47.83831,ADM3,1,1,1,1,0,0,0,0,1,0,0,0,0,0,0,0,0,0,0,1,0,0,0,0,0,,,46027
bert_20260228023827,57687,20260106,2,"2749672, 2749697",liveuamap,693468,PPL,Sloviansk,Donets'k,655,Slovians'ka,34511,37.60582,48.85227,ADM3,1,0,1,0,0,0,0,0,0,0,1,0,0,0,0,1,0,0,0,0,0,0,0,0,0,,,46027
bert_20260228023827,100674,20260106,1,2749673,liveuamap,698020,PPL,Pankivka,Luhans'k,1405,Luhans'ka,20910,39.34878,48.69979,ADM3,1,0,1,0,0,0,0,0,0,0,1,0,0,0,0,1,0,0,0,0,0,0,0,0,0,,,46027
bert_20260228023827,203483,20260106,1,2749674,liveuamap,704422,PPLA2,Pokrovsk,Donets'k,655,Krasnoarmiis'kyi,18918,37.1756,48.28035,ADM3,1,1,1,1,0,0,0,0,0,0,0,0,0,0,0,1,0,0,0,0,0,0,0,0,0,,,46027
bert_20260228023827,287926,20260106,1,2749675,liveuamap,710035,PPLA2,Myrnohrad,Donets'k,655,Krasnoarmiis'ka,18917,37.26806,48.29097,ADM3,1,1,1,1,0,0,0,0,0,0,0,0,0,0,0,1,0,0,0,0,0,0,0,0,0,,,46027
bert_20260228023827,55770,20260106,1,2749677,liveuamap,693086,PPL,Sosnivka,L'viv,1289,Sokal's'kyi,34627,24.25376,50.29435,ADM3,1,0,1,0,0,0,0,0,0,0,0,0,0,0,0,1,0,0,0,0,0,0,0,0,0,,,46027
bert_20260228023827,69478,20260106,1,2749678,liveuamap,694301,PPL,Shcherbaky,Kiev,1209,Volodars'kyi,39784,29.95282,49.63661,ADM3,1,0,1,0,0,0,0,0,0,0,0,0,0,0,0,1,0,0,0,0,0,0,0,0,0,,,46027
bert_20260228023827,387937,20260106,2,"2749679, 2749701",liveuamap,11151973,PPL,Stepove,Dnipropetrovs'k,650,Krynychans'kyi,19030,34.53593,48.44595,ADM3,1,0,1,0,0,0,0,0,0,0,0,0,0,0,0,1,0,0,0,0,0,0,0,0,0,,,46027
bert_20260228023827,261508,20260106,2,"2749680, 2749706",liveuamap,707898,PPLA2,Hulyaypole,Zaporizhzhya,2730,Huliaipil's'kyi,14713,36.25322,47.66644,ADM3,1,0,1,0,0,0,0,0,0,0,0,0,0,0,0,1,0,0,0,0,0,0,0,0,0,,,46027
bert_20260228023827,268917,20260106,2,"2749682, 2749708",liveuamap,709671,PPL,Dorozhnianka,Zaporizhzhya,2730,Huliaipil's'kyi,14713,36.26004,47.58678,ADM3,1,0,1,0,0,0,0,0,0,0,0,0,0,0,0,1,0,0,0,0,0,0,0,0,0,,,46027
bert_20260228023827,394066,20260106,1,2749683,liveuamap,11902779,PPLX,Vilnius Quarter,Chernihiv,498,Ripkyns'kyi,30555,30.75488,51.52166,ADM3,1,1,1,1,0,0,0,0,0,0,0,0,0,0,0,0,0,0,0,1,0,0,0,0,0,,,46027
bert_20260228023827,187997,20260106,1,2749684,liveuamap,703448,PPLC,Kyiv,Kiev City,1210,Shevchenkivs'kyi,33738,30.52716,50.44856,ADM3,1,1,1,1,0,0,0,0,0,0,0,0,0,0,0,0,0,0,0,1,0,0,0,0,0,,,46027
bert_20260228023827,287065,20260106,1,2749685,liveuamap,709930,PPLA,Dnipro,Dnipropetrovs'k,650,Dnipropetrovs'ka,9966,35.04618,48.46472,ADM3,1,1,1,0,1,0,0,0,0,0,0,0,0,0,0,0,0,1,0,1,0,0,0,0,0,,,46027
bert_20260228023827,188000,20260106,1,2749686,liveuamap,703448,PPLC,Kyiv,Kiev City,1210,Shevchenkivs'kyi,33738,30.52355,50.45044,ADM3,1,1,1,1,0,0,0,0,0,0,1,0,0,1,0,0,0,0,0,1,0,0,0,1,0,,,46027
bert_20260228023827,19244,20260106,1,2749687,liveuamap,687700,PPLA,Zaporizhzhya,Zaporizhzhya,2730,Zaporiz'ka,41153,35.13885,47.83831,ADM3,1,1,1,0,1,0,0,0,0,0,1,0,0,0,0,0,0,1,0,1,0,0,0,0,0,,,46027
bert_20260228023827,362549,20260106,1,2749688,liveuamap,8519916,PPL,Obolon,Kiev City,1210,Obolons'kyi,26190,30.49826,50.50148,STREET,1,0,0,0,0,0,1,0,0,0,0,0,0,0,0,0,1,0,0,0,0,0,0,1,0,,,46027
bert_20260228023827,187989,20260106,1,2749689,liveuamap,703448,PPLC,Kyiv,Kiev City,1210,Shevchenkivs'kyi,33738,30.52355,50.45044,ADM3,1,0,0,0,0,0,1,0,0,0,0,0,0,0,0,0,1,0,0,0,0,0,0,1,0,,,46027
bert_20260228023827,261509,20260106,1,2749690,liveuamap,707898,PPLA2,Hulyaypole,Zaporizhzhya,2730,Huliaipil's'kyi,14713,36.25322,47.66644,ADM3,1,1,1,1,0,0,0,0,1,0,0,0,0,0,0,0,0,0,0,1,0,0,0,0,0,,,46027
bert_20260228023827,364707,20260106,1,2749691,liveuamap,8729010,PPL,Varvarivka,Poltava,1956,Khorol's'kyi,17952,33.10109,49.80725,ADM3,1,1,1,1,0,0,0,0,1,0,0,0,0,0,0,0,0,0,0,1,0,0,0,0,0,,,46027
bert_20260228023827,313837,20260106,1,2749692,liveuamap,712582,PPLA2,Bilohirya,Khmel'nyts'kyy,1196,Bilohirs'kyi,4619,26.41669,50.00195,ADM3,1,1,1,1,0,0,0,0,1,0,0,0,0,0,0,0,0,0,0,1,0,0,0,0,0,,,46027
bert_20260228023827,257461,20260106,1,2749700,liveuamap,707464,PPL,Ivanopillia,Donets'k,655,Kostiantynivs'kyi,18739,37.76439,48.47357,ADM3,1,0,1,0,0,0,0,0,0,0,0,0,0,0,0,1,0,0,0,0,0,0,0,0,0,,,46027
bert_20260228023827,235296,20260106,1,2749702,liveuamap,706448,PPLA,Kherson,Kherson,1195,Khersons'ka,17890,32.61496,46.64032,ADM3,1,1,1,1,0,0,0,0,0,0,0,0,0,0,0,1,0,0,0,0,0,0,0,0,0,,,46027
bert_20260228023827,203481,20260106,1,2749703,liveuamap,704422,PPLA2,Pokrovsk,Donets'k,655,Krasnoarmiis'kyi,18918,37.1756,48.28035,ADM3,1,0,1,0,0,0,0,0,0,0,0,0,0,0,0,1,0,0,0,0,0,0,0,0,0,,,46027
bert_20260228023827,287925,20260106,1,2749705,liveuamap,710035,PPLA2,Myrnohrad,Donets'k,655,Krasnoarmiis'ka,18917,37.26806,48.29097,ADM3,1,0,1,0,0,0,0,0,0,0,0,0,0,0,0,1,0,0,0,0,0,0,0,0,0,,,46027
bert_20260228023827,250154,20260106,1,2755731,unian,706483,PPLA,Kharkiv,Kharkiv,1191,Kharkivs'ka,17850,36.2312,49.99217,ADM3,0,0,0,0,0,0,0,0,0,0,0,0,0,0,0,0,0,0,0,0,0,0,0,0,0,,,46027
bert_20260228023827,287060,20260106,1,2755732,unian,709930,PPLA,Dnipro,Dnipropetrovs'k,650,Dnipropetrovs'ka,9966,35.04618,48.46472,ADM3,0,0,0,0,0,0,0,0,0,0,0,0,0,0,0,0,0,0,0,0,0,0,0,0,0,,,46027
bert_20260228023827,55603,20260106,1,2755735,unian,693065,PPLX,Sotsmisto,Donets'k,655,Kramators'ka,18898,37.5844,48.73898,ADM3,1,1,0,1,0,0,0,0,0,0,0,0,0,0,1,0,0,0,1,0,0,0,0,0,0,,,46027
bert_20260228023827,112319,20260106,1,2755736,unian,698740,PPLA,Odessa,Odessa,1800,Odes'ka,26260,30.73169,46.48421,ADM3,1,1,1,1,0,0,0,0,0,0,0,0,0,0,1,0,0,0,1,0,0,0,0,0,0,,,46027
bert_20260228023827,187988,20260106,1,2755737,unian,703448,PPLC,Kyiv,Kiev City,1210,Shevchenkivs'kyi,33738,30.52355,50.45044,ADM3,0,0,0,0,0,0,1,0,0,0,0,0,0,0,0,0,0,0,0,0,0,0,0,1,0,,,46027
bert_20260228023827,250155,20260106,1,2755738,unian,706483,PPLA,Kharkiv,Kharkiv,1191,Kharkivs'ka,17850,36.2312,49.99217,ADM3,0,0,0,0,0,1,1,0,0,0,0,0,0,0,0,0,0,0,0,0,0,0,0,0,0,,,46027
bert_20260228023827,187995,20260106,1,2755740,unian,703448,PPLC,Kyiv,Kiev City,1210,Shevchenkivs'kyi,33738,30.52355,50.45044,ADM3,0,1,1,0,0,0,0,0,0,0,0,0,0,0,0,0,0,0,0,0,0,0,0,0,0,,,46027
bert_20260228023827,162458,20260106,1,2743275,liga,703037,PPL,Lypetske,Odessa,1800,Kotovs'kyi,18813,29.68492,47.74148,STREET,1,1,1,0,0,0,0,1,1,0,0,0,0,0,0,0,0,0,0,0,0,0,0,0,0,,,46027
bert_20260228023827,187993,20260106,1,2743276,liga,703448,PPLC,Kyiv,Kiev City,1210,Shevchenkivs'kyi,33738,30.52355,50.45044,ADM3,1,0,1,0,1,0,0,0,0,0,0,1,0,0,0,0,0,0,0,0,0,0,0,0,0,,,46027
bert_20260228023827,287064,20260106,1,2743277,liga,709930,PPLA,Dnipro,Dnipropetrovs'k,650,Dnipropetrovs'ka,9966,35.04618,48.46472,ADM3,1,1,0,1,0,1,0,0,0,0,0,0,0,0,1,0,0,0,1,0,0,0,0,0,0,,,46027
bert_20260228023827,188004,20260107,4,"2896076, 2774894, 2756131, 2762064","liga, unian",703448,PPLC,Kyiv,Kiev City,1210,Shevchenkivs'kyi,33738,30.52355,50.45044,ADM3,0,0,0,0,0,0,1,0,0,0,0,0,0,0,0,0,0,0,0,0,0,0,0,0,0,,,46028
bert_20260228023827,29683,20260107,1,2870240,liga,689103,PPL,Volovytsia,Chernihiv,498,Borznians'kyi,5262,32.00406,51.35543,ADM1,0,0,0,0,0,1,0,0,0,0,0,0,0,0,0,0,0,0,0,0,0,0,0,0,0,,,46028
bert_20260228023827,188005,20260107,2,"2870241, 2762068","liga, unian",703448,PPLC,Kyiv,Kiev City,1210,Shevchenkivs'kyi,33738,30.52355,50.45044,ADM3,0,0,0,0,0,1,0,0,0,0,0,0,0,0,0,0,0,0,0,0,0,0,0,0,0,,,46028
bert_20260228023827,188011,20260107,2,"2863936, 2825917",liga,703448,PPLC,Kyiv,Kiev City,1210,Shevchenkivs'kyi,33738,30.52355,50.45044,ADM3,1,1,1,1,0,0,0,0,0,0,0,0,0,0,0,0,0,0,0,1,0,0,0,1,0,,,46028
bert_20260228023827,188012,20260107,1,2857668,liga,703448,PPLC,Kyiv,Kiev City,1210,Shevchenkivs'kyi,33738,30.52355,50.45044,ADM3,1,1,1,1,0,0,0,0,0,0,0,0,0,1,0,0,0,0,0,1,0,0,0,0,0,,,46028
bert_20260228023827,154092,20260107,1,2851374,liga,702550,PPLA,Lviv,L'viv,1289,L'vivs'ka,19402,24.0299,49.83932,ADM3,0,0,0,0,0,1,1,0,0,0,0,0,0,0,0,0,0,0,0,0,0,0,0,0,0,,,46028
bert_20260228023827,188006,20260107,2,"2851375, 2762062","liga, unian",703448,PPLC,Kyiv,Kiev City,1210,Shevchenkivs'kyi,33738,30.52355,50.45044,ADM3,0,0,0,0,0,1,1,0,0,0,0,0,0,0,0,0,0,0,0,0,0,0,0,0,0,,,46028
bert_20260228023827,112321,20260107,1,2845076,liga,698740,PPLA,Odessa,Odessa,1800,Odes'ka,26260,30.73169,46.48421,ADM3,1,0,0,0,0,0,1,0,0,0,0,0,0,0,0,0,0,0,0,0,0,0,0,0,0,,,46028
bert_20260228023827,112320,20260107,1,2838685,liga,698740,PPLA,Odessa,Odessa,1800,Odes'ka,26260,30.73169,46.48421,ADM3,0,0,0,0,0,0,1,0,0,0,0,0,0,0,0,0,0,0,0,1,0,0,0,0,0,,,46028
bert_20260228023827,359348,20260107,1,2832314,liga,8281918,PPL,Posich,Transcarpathia,2491,Khusts'kyi,18005,23.41312,48.22076,ADM1,0,0,0,0,0,1,1,0,0,0,0,0,0,0,0,0,0,0,0,0,0,0,0,0,0,,,46028
bert_20260228023827,188007,20260107,1,2825916,liga,703448,PPLC,Kyiv,Kiev City,1210,Shevchenkivs'kyi,33738,30.52355,50.45044,ADM3,0,0,1,0,0,0,0,0,0,0,0,0,0,0,0,0,0,0,0,1,0,0,0,0,0,,,46028
bert_20260228023827,112322,20260107,1,2819488,liga,698740,PPLA,Odessa,Odessa,1800,Odes'ka,26260,30.73169,46.48421,ADM3,0,1,1,0,0,0,0,0,0,0,0,0,0,0,0,0,0,0,0,0,0,0,0,0,0,,,46028
bert_20260228023827,188002,20260107,1,2819489,liga,703448,PPLC,Kyiv,Kiev City,1210,Shevchenkivs'kyi,33738,30.52355,50.45044,ADM3,0,0,0,0,0,0,0,0,0,0,0,0,0,0,0,0,0,0,0,0,0,0,0,0,0,,,46028
bert_20260228023827,154091,20260107,3,"2806756, 2762066, 2762070","liga, unian",702550,PPLA,Lviv,L'viv,1289,L'vivs'ka,19402,24.0299,49.83932,ADM3,0,0,0,0,0,0,1,0,0,0,0,0,0,0,0,0,0,0,0,0,0,0,0,0,0,,,46028
bert_20260228023827,188003,20260107,2,"2781164, 2756134",liga,703448,PPLC,Kyiv,Kiev City,1210,Shevchenkivs'kyi,33738,30.52355,50.45044,ADM3,1,0,0,0,0,0,0,0,0,0,0,0,0,0,0,0,0,0,0,1,0,0,0,0,0,,,46028
bert_20260228023827,357639,20260107,1,2781165,liga,8250815,PPL,Karpaty,Transcarpathia,2491,Mukachivs'kyi,24017,22.8742,48.52159,ADM3,1,1,1,0,1,0,0,0,0,0,0,0,0,0,0,0,0,1,1,0,0,0,0,0,0,,,46028
bert_20260228023827,89708,20260107,1,2762403,liga,696032,PPLA2,Pustomyty,L'viv,1289,Pustomytivs'kyi,29580,23.91674,49.71749,ADM1,0,0,0,0,0,0,1,0,0,0,0,0,0,0,0,0,0,0,0,0,0,0,0,0,0,,,46028
bert_20260228023827,376802,20260107,1,2755742,espreso,9532052,PPL,Huliaipilske,Zaporizhzhya,2730,Huliaipil's'kyi,14713,36.06122,47.61272,ADM3,0,0,0,0,0,1,1,0,0,0,0,0,0,0,0,0,0,0,0,0,0,0,0,0,0,,,46028
bert_20260228023827,287072,20260107,1,2755743,espreso,709930,PPLA,Dnipro,Dnipropetrovs'k,650,Dnipropetrovs'ka,9966,35.04618,48.46472,ADM3,0,1,1,1,0,0,0,0,0,0,0,0,0,0,0,0,0,0,0,0,0,0,1,0,0,,,46028
bert_20260228023827,82401,20260107,1,2755744,espreso,695094,PPLX,Ruttschenkowo,Donets'k,655,Donets'ka,10139,37.67529,47.95508,ADM1,1,1,1,0,0,0,0,0,0,0,1,0,0,0,0,0,0,0,0,0,0,0,0,0,0,,,46028
bert_20260228023827,82400,20260107,1,2755745,espreso,695094,PPLX,Ruttschenkowo,Donets'k,655,Donets'ka,10139,37.67529,47.95508,ADM1,1,0,1,0,0,0,1,0,0,0,0,0,0,0,0,0,0,0,0,0,0,0,0,0,0,,,46028
bert_20260228023827,154093,20260107,1,2755746,espreso,702550,PPLA,Lviv,L'viv,1289,L'vivs'ka,19402,24.0299,49.83932,ADM3,1,0,1,0,0,0,1,1,0,0,0,0,0,0,0,0,0,0,0,0,0,0,0,0,0,,,46028
bert_20260228023827,197340,20260107,1,2755747,espreso,704204,PPL,Lyman,Donets'k,655,Krasnolymans'kyi,18941,37.82245,48.96409,ADM3,1,1,0,1,0,0,0,0,0,0,1,0,0,0,0,0,0,0,0,1,0,0,0,1,0,,,46028
bert_20260228023827,319012,20260107,1,2755748,espreso,712609,PPL,Bilka,Odessa,1800,Ivanivs'kyi,15842,30.40579,46.90822,ADM1,1,1,1,1,0,0,0,0,0,0,1,0,0,0,0,0,0,0,0,1,0,0,0,1,0,,,46028
bert_20260228023827,203485,20260107,1,2755749,espreso,704422,PPLA2,Pokrovsk,Donets'k,655,Krasnoarmiis'kyi,18918,37.1756,48.28035,ADM3,1,1,1,1,0,0,0,0,0,0,0,0,0,0,0,0,0,0,0,1,0,0,1,1,0,,,46028
bert_20260228023827,287071,20260107,1,2756126,liga,709930,PPLA,Dnipro,Dnipropetrovs'k,650,Dnipropetrovs'ka,9966,35.04618,48.46472,ADM3,1,0,1,0,0,0,1,0,0,0,0,0,0,0,0,0,0,0,0,0,0,0,0,0,0,,,46028
bert_20260228023827,386033,20260107,1,2756127,liga,10951287,PPL,Vesele,Zaporizhzhya,2730,Tokmats'kyi,37511,35.7672,47.17894,ADM1,1,0,1,0,0,0,1,0,0,0,0,0,0,0,0,0,0,0,0,0,0,0,0,0,0,,,46028
bert_20260228023827,89709,20260107,1,2756128,liga,696032,PPLA2,Pustomyty,L'viv,1289,Pustomytivs'kyi,29580,23.91674,49.71749,ADM1,0,1,0,0,0,0,1,0,0,0,0,0,1,0,0,0,0,0,0,0,0,0,0,0,0,,,46028
bert_20260228023827,188009,20260107,1,2756129,liga,703448,PPLC,Kyiv,Kiev City,1210,Shevchenkivs'kyi,33738,30.52355,50.45044,ADM3,0,1,0,0,0,0,1,0,0,0,0,0,0,0,0,0,0,0,0,0,0,0,0,0,0,,,46028
bert_20260228023827,154094,20260107,1,2756130,liga,702550,PPLA,Lviv,L'viv,1289,L'vivs'ka,19402,24.0299,49.83932,ADM3,1,1,1,1,0,0,0,0,0,0,0,0,0,0,0,0,0,0,0,0,0,0,0,0,0,,,46028
bert_20260228023827,287068,20260107,1,2756132,liga,709930,PPLA,Dnipro,Dnipropetrovs'k,650,Dnipropetrovs'ka,9966,35.04618,48.46472,ADM3,0,0,0,0,0,0,0,0,0,0,0,0,0,0,0,0,0,0,0,0,0,0,0,0,0,,,46028
bert_20260228023827,362552,20260107,1,2756133,liga,8519916,PPL,Obolon,Kiev City,1210,Obolons'kyi,26190,30.49826,50.50148,STREET,1,0,0,0,0,0,0,0,0,0,0,0,0,0,0,0,0,0,0,1,0,0,0,0,0,,,46028
bert_20260228023827,287070,20260107,1,2762060,unian,709930,PPLA,Dnipro,Dnipropetrovs'k,650,Dnipropetrovs'ka,9966,35.04618,48.46472,ADM3,0,0,0,0,0,0,1,0,0,0,0,0,0,0,0,0,0,0,0,1,0,0,0,0,0,,,46028
bert_20260228023827,373671,20260107,1,2762061,unian,9114542,PPL,Novyi,Luhans'k,1405,Krasnoluts'ka,18939,38.59081,48.49995,ADM3,0,0,1,0,0,0,1,0,0,0,0,0,0,0,0,0,0,0,0,0,0,0,0,0,0,,,46028
bert_20260228023827,154095,20260107,1,2762063,unian,702550,PPLA,Lviv,L'viv,1289,L'vivs'ka,19402,24.0299,49.83932,ADM3,1,1,1,1,0,0,0,1,0,0,1,0,0,1,0,0,0,0,0,1,0,0,0,0,0,,,46028
bert_20260228023827,154090,20260107,1,2762065,unian,702550,PPLA,Lviv,L'viv,1289,L'vivs'ka,19402,24.0299,49.83932,ADM3,0,0,0,0,0,0,0,0,0,0,0,0,0,0,0,0,0,0,0,0,0,0,0,0,0,,,46028
bert_20260228023827,319010,20260107,1,2762067,unian,712609,PPL,Bilka,Odessa,1800,Ivanivs'kyi,15842,30.40579,46.90822,ADM1,0,0,0,0,0,0,0,0,0,0,0,0,0,0,0,0,0,0,0,0,0,0,0,0,0,,,46028
bert_20260228023827,291989,20260107,1,2762069,unian,710719,PPLA,Chernivtsi,Chernivtsi,499,Chernivets'ka,7662,25.93518,48.29207,ADM3,1,1,1,1,0,0,0,0,0,0,0,0,0,0,1,0,0,0,0,0,0,0,0,0,0,,,46028
bert_20260228023827,188008,20260107,1,2762071,unian,703448,PPLC,Kyiv,Kiev City,1210,Shevchenkivs'kyi,33738,30.52355,50.45044,ADM3,0,0,1,0,0,1,1,0,0,0,0,0,0,0,0,0,0,0,0,0,0,0,0,0,0,,,46028
bert_20260228023827,38217,20260107,1,2762072,unian,690773,PPL,Ukrainka,Kiev,1209,Obukhivs'kyi,26204,30.74207,50.15372,ADM3,1,1,1,0,0,0,1,0,0,0,0,0,0,0,0,0,0,0,0,0,0,0,0,0,0,,,46028
bert_20260228023827,188010,20260107,1,2762073,unian,703448,PPLC,Kyiv,Kiev City,1210,Shevchenkivs'kyi,33738,30.52355,50.45044,ADM3,0,1,0,0,0,0,1,0,0,0,0,0,1,0,0,0,0,0,0,0,0,0,0,0,0,,,46028
bert_20260228023827,319011,20260107,1,2762074,unian,712609,PPL,Bilka,Odessa,1800,Ivanivs'kyi,15842,30.40579,46.90822,ADM1,0,0,0,0,0,1,1,0,0,0,0,0,0,0,0,0,0,0,0,0,0,0,0,0,0,,,46028
bert_20260228023827,287069,20260107,1,2762075,unian,709930,PPLA,Dnipro,Dnipropetrovs'k,650,Dnipropetrovs'ka,9966,35.04618,48.46472,ADM3,0,0,0,0,0,0,1,0,0,0,0,0,0,0,0,0,0,0,0,0,0,0,0,0,0,,,46028
bert_20260228023827,19248,20260107,1,2762076,unian,687700,PPLA,Zaporizhzhya,Zaporizhzhya,2730,Zaporiz'ka,41153,35.13885,47.83831,ADM3,0,0,0,0,0,0,1,0,0,0,0,0,0,0,0,0,0,0,0,0,0,0,0,0,0,,,46028
bert_20260228023827,188015,20260108,1,2896086,liga,703448,PPLC,Kyiv,Kiev City,1210,Shevchenkivs'kyi,33738,30.52355,50.45044,ADM3,0,0,0,0,0,0,1,0,0,0,0,0,0,0,0,0,0,0,0,0,0,0,0,0,0,,,46029
bert_20260228023827,29684,20260108,1,2870252,liga,689103,PPL,Volovytsia,Chernihiv,498,Borznians'kyi,5262,32.00406,51.35543,ADM1,0,0,0,0,0,1,0,0,0,0,0,0,0,0,0,0,0,0,0,0,0,0,0,0,0,,,46029
bert_20260228023827,188016,20260108,2,"2870253, 2768345","liga, unian",703448,PPLC,Kyiv,Kiev City,1210,Shevchenkivs'kyi,33738,30.52355,50.45044,ADM3,0,0,0,0,0,1,0,0,0,0,0,0,0,0,0,0,0,0,0,0,0,0,0,0,0,,,46029
bert_20260228023827,188022,20260108,2,"2863947, 2825930",liga,703448,PPLC,Kyiv,Kiev City,1210,Shevchenkivs'kyi,33738,30.52355,50.45044,ADM3,1,1,1,1,0,0,0,0,0,0,0,0,0,0,0,0,0,0,0,1,0,0,0,1,0,,,46029
bert_20260228023827,188025,20260108,1,2857680,liga,703448,PPLC,Kyiv,Kiev City,1210,Shevchenkivs'kyi,33738,30.52355,50.45044,ADM3,1,1,1,1,0,0,0,0,0,0,0,0,0,1,0,0,0,0,0,1,0,0,0,0,0,,,46029
bert_20260228023827,154097,20260108,1,2851386,liga,702550,PPLA,Lviv,L'viv,1289,L'vivs'ka,19402,24.0299,49.83932,ADM3,0,0,0,0,0,1,1,0,0,0,0,0,0,0,0,0,0,0,0,0,0,0,0,0,0,,,46029
bert_20260228023827,188017,20260108,1,2851387,liga,703448,PPLC,Kyiv,Kiev City,1210,Shevchenkivs'kyi,33738,30.52355,50.45044,ADM3,0,0,0,0,0,1,1,0,0,0,0,0,0,0,0,0,0,0,0,0,0,0,0,0,0,,,46029
bert_20260228023827,112326,20260108,1,2845088,liga,698740,PPLA,Odessa,Odessa,1800,Odes'ka,26260,30.73169,46.48421,ADM3,1,0,0,0,0,0,1,0,0,0,0,0,0,0,0,0,0,0,0,0,0,0,0,0,0,,,46029
bert_20260228023827,112325,20260108,1,2838696,liga,698740,PPLA,Odessa,Odessa,1800,Odes'ka,26260,30.73169,46.48421,ADM3,0,0,0,0,0,0,1,0,0,0,0,0,0,0,0,0,0,0,0,1,0,0,0,0,0,,,46029
bert_20260228023827,359349,20260108,1,2832326,liga,8281918,PPL,Posich,Transcarpathia,2491,Khusts'kyi,18005,23.41312,48.22076,ADM1,0,0,0,0,0,1,1,0,0,0,0,0,0,0,0,0,0,0,0,0,0,0,0,0,0,,,46029
bert_20260228023827,188018,20260108,1,2825929,liga,703448,PPLC,Kyiv,Kiev City,1210,Shevchenkivs'kyi,33738,30.52355,50.45044,ADM3,0,0,1,0,0,0,0,0,0,0,0,0,0,0,0,0,0,0,0,1,0,0,0,0,0,,,46029
bert_20260228023827,112327,20260108,1,2819500,liga,698740,PPLA,Odessa,Odessa,1800,Odes'ka,26260,30.73169,46.48421,ADM3,0,1,1,0,0,0,0,0,0,0,0,0,0,0,0,0,0,0,0,0,0,0,0,0,0,,,46029
bert_20260228023827,188013,20260108,2,"2819501, 2762090","liga, espreso",703448,PPLC,Kyiv,Kiev City,1210,Shevchenkivs'kyi,33738,30.52355,50.45044,ADM3,0,0,0,0,0,0,0,0,0,0,0,0,0,0,0,0,0,0,0,0,0,0,0,0,0,,,46029
bert_20260228023827,154096,20260108,3,"2806766, 2762412, 2768354","liga, unian",702550,PPLA,Lviv,L'viv,1289,L'vivs'ka,19402,24.0299,49.83932,ADM3,0,0,0,0,0,0,1,0,0,0,0,0,0,0,0,0,0,0,0,0,0,0,0,0,0,,,46029
bert_20260228023827,188024,20260108,1,2781176,liga,703448,PPLC,Kyiv,Kiev City,1210,Shevchenkivs'kyi,33738,30.52355,50.45044,ADM3,1,1,1,1,0,0,0,0,0,0,0,0,0,1,0,0,0,0,0,0,0,0,0,0,0,,,46029
bert_20260228023827,357640,20260108,1,2781177,liga,8250815,PPL,Karpaty,Transcarpathia,2491,Mukachivs'kyi,24017,22.8742,48.52159,ADM3,0,0,1,0,0,0,1,0,0,0,0,0,1,0,0,0,0,0,0,0,0,0,0,0,0,,,46029
bert_20260228023827,188020,20260108,1,2774904,liga,703448,PPLC,Kyiv,Kiev City,1210,Shevchenkivs'kyi,33738,30.52355,50.45044,ADM3,1,1,0,1,0,0,0,0,0,0,0,0,0,1,0,0,0,0,0,1,0,0,0,0,0,,,46029
bert_20260228023827,303409,20260108,1,2762082,espreso,710771,PPL,Chorna Dolyna,Kherson,1195,Kakhovs'kyi,16943,33.48173,46.55783,ADM1,0,1,0,1,0,0,0,0,0,0,0,0,0,0,0,0,0,0,0,0,0,0,0,0,0,,,46029
bert_20260228023827,203486,20260108,1,2762083,espreso,704422,PPLA2,Pokrovsk,Donets'k,655,Krasnoarmiis'kyi,18918,37.1756,48.28035,ADM3,0,0,1,0,0,0,0,0,0,0,0,0,0,0,0,0,0,0,0,0,0,0,0,0,0,,,46029
bert_20260228023827,376803,20260108,1,2762084,espreso,9532052,PPL,Huliaipilske,Zaporizhzhya,2730,Huliaipil's'kyi,14713,36.06122,47.61272,ADM3,0,0,1,0,0,0,0,0,0,0,0,0,0,0,0,0,0,0,0,0,0,0,0,0,0,,,46029
bert_20260228023827,351378,20260108,1,2762085,espreso,811111,PPL,Mar'yevka,Kharkiv,1191,Balakliis'kyi,3178,36.74917,49.49293,ADM3,1,1,1,1,0,0,0,0,0,0,0,0,0,0,0,0,0,0,0,0,0,0,0,0,0,,,46029
bert_20260228023827,345569,20260108,1,2762086,espreso,805500,PPL,Voronyne,Sumy,2356,Bilopils'kyi,4621,34.12376,51.10624,ADM1,1,1,1,1,0,0,0,0,0,0,0,0,0,0,0,0,0,0,0,0,0,0,0,0,0,,,46029
bert_20260228023827,369175,20260108,1,2762087,espreso,9113817,PPL,Novomarkove,Donets'k,655,Artemivs'kyi,2372,37.82826,48.67262,STREET,1,1,1,1,0,0,0,0,0,0,0,0,0,0,0,0,0,0,0,0,0,0,0,0,0,,,46029
bert_20260228023827,82403,20260108,1,2762088,espreso,695094,PPLX,Ruttschenkowo,Donets'k,655,Donets'ka,10139,37.67529,47.95508,ADM1,1,1,1,1,0,0,0,0,0,0,0,0,0,0,0,0,0,0,0,0,0,0,0,0,0,,,46029
bert_20260228023827,112328,20260108,1,2762089,espreso,698740,PPLA,Odessa,Odessa,1800,Odes'ka,26260,30.73169,46.48421,ADM3,0,1,1,0,0,0,1,0,0,0,0,0,0,0,0,0,0,0,0,0,0,0,0,0,0,,,46029
bert_20260228023827,235298,20260108,1,2762091,espreso,706448,PPLA,Kherson,Kherson,1195,Khersons'ka,17890,32.61496,46.64032,ADM3,0,0,1,0,0,0,1,0,0,0,0,0,0,0,0,0,0,0,0,0,0,0,0,0,0,,,46029
bert_20260228023827,303410,20260108,1,2762092,espreso,710771,PPL,Chorna Dolyna,Kherson,1195,Kakhovs'kyi,16943,33.48173,46.55783,ADM1,0,1,1,0,0,0,0,0,0,0,0,0,0,0,0,0,0,0,0,0,0,0,0,1,0,,,46029
bert_20260228023827,287073,20260108,4,"2762093, 2762415, 2768347, 2762080","espreso, liga, unian",709930,PPLA,Dnipro,Dnipropetrovs'k,650,Dnipropetrovs'ka,9966,35.04618,48.46472,ADM3,0,0,0,0,0,0,1,0,0,0,0,0,0,0,0,0,0,0,0,0,0,0,0,0,0,,,46029
bert_20260228023827,67809,20260108,1,2762094,espreso,693805,PPLA2,Simferopol,Crimea,579,Simferopol's'ka,34229,34.09941,44.95363,ADM3,1,1,1,1,0,0,0,0,0,0,0,0,0,0,0,1,0,0,0,0,0,0,0,0,0,,,46029
bert_20260228023827,203488,20260108,1,2762095,espreso,704422,PPLA2,Pokrovsk,Donets'k,655,Krasnoarmiis'kyi,18918,37.1756,48.28035,ADM3,1,1,0,1,0,0,0,0,0,0,0,0,0,1,0,0,0,0,0,1,0,0,0,1,0,,,46029
bert_20260228023827,287077,20260108,1,2762096,espreso,709930,PPLA,Dnipro,Dnipropetrovs'k,650,Dnipropetrovs'ka,9966,35.04618,48.46472,ADM3,1,1,0,1,0,0,0,0,0,0,0,0,0,1,0,0,0,0,0,1,0,0,0,0,0,,,46029
bert_20260228023827,188021,20260108,1,2762408,liga,703448,PPLC,Kyiv,Kiev City,1210,Shevchenkivs'kyi,33738,30.52355,50.45044,ADM3,1,1,1,0,1,0,0,0,0,0,0,0,0,0,0,0,0,1,1,0,0,0,0,0,0,,,46029
bert_20260228023827,203487,20260108,1,2762409,liga,704422,PPLA2,Pokrovsk,Donets'k,655,Krasnoarmiis'kyi,18918,37.1756,48.28035,ADM3,1,1,0,1,0,0,0,0,0,0,0,0,0,0,0,0,0,0,0,1,0,0,0,1,0,,,46029
bert_20260228023827,306858,20260108,1,2762410,liga,711503,PPLX,Bazhanovo,Dnipropetrovs'k,650,KryvyiRig,19033,33.436,47.96127,ADM3,0,0,0,0,0,0,1,0,0,0,0,0,0,0,0,0,0,0,0,0,0,0,0,0,0,,,46029
bert_20260228023827,188014,20260108,1,2762411,liga,703448,PPLC,Kyiv,Kiev City,1210,Shevchenkivs'kyi,33738,30.52355,50.45044,ADM3,1,0,0,0,0,0,0,0,0,0,0,0,0,0,0,0,0,0,0,0,0,0,0,0,0,,,46029
bert_20260228023827,131254,20260108,1,2762413,liga,700569,PPLA,Mykolayiv,Mykolayiv,1628,Mykola‹vs'ka,24267,31.99381,46.97557,ADM3,0,0,0,0,0,1,1,0,0,0,0,0,0,0,0,0,0,0,0,0,0,0,0,0,0,,,46029
bert_20260228023827,351377,20260108,1,2762414,liga,811111,PPL,Mar'yevka,Kharkiv,1191,Balakliis'kyi,3178,36.74917,49.49293,ADM3,0,0,0,0,0,1,1,0,0,0,0,0,1,0,0,0,0,0,0,0,0,0,0,1,0,,,46029
bert_20260228023827,19249,20260108,3,"2762416, 2768348, 2762081","liga, unian",687700,PPLA,Zaporizhzhya,Zaporizhzhya,2730,Zaporiz'ka,41153,35.13885,47.83831,ADM3,0,0,0,0,0,0,1,0,0,0,0,0,0,0,0,0,0,0,0,0,0,0,0,0,0,,,46029
bert_20260228023827,67808,20260108,1,2768346,unian,693805,PPLA2,Simferopol,Crimea,579,Simferopol's'ka,34229,34.09941,44.95363,ADM3,0,0,0,0,0,0,1,0,0,0,0,0,0,0,0,0,0,0,0,0,0,0,0,0,0,,,46029
bert_20260228023827,287078,20260108,1,2768349,unian,709930,PPLA,Dnipro,Dnipropetrovs'k,650,Dnipropetrovs'ka,9966,35.04618,48.46472,ADM3,0,1,1,0,0,0,0,0,0,0,0,0,0,0,0,0,0,0,0,0,0,0,0,0,0,,,46029
bert_20260228023827,112324,20260108,1,2768350,unian,698740,PPLA,Odessa,Odessa,1800,Odes'ka,26260,30.73169,46.48421,ADM3,0,0,0,0,0,0,1,0,0,0,0,0,0,0,0,0,0,0,0,0,0,0,0,0,0,,,46029
bert_20260228023827,154098,20260108,1,2768351,unian,702550,PPLA,Lviv,L'viv,1289,L'vivs'ka,19402,24.0299,49.83932,ADM3,1,1,1,0,0,0,0,0,0,0,0,0,0,0,0,0,0,0,0,0,0,0,0,0,0,,,46029
bert_20260228023827,289796,20260108,1,2768352,unian,710403,PPLQ,Chornobyl,Kiev,1209,Ivankivs'kyi,15844,30.211,51.27784,ADM3,0,1,0,0,0,0,1,0,0,0,0,0,0,0,0,0,0,0,0,0,0,0,0,0,0,,,46029
bert_20260228023827,372400,20260108,1,2768353,unian,9114253,PPL,Tykhe,Dnipropetrovs'k,650,Pokrovs'kyi,28862,36.37518,47.96537,ADM3,1,1,0,1,0,0,0,0,0,0,0,0,0,0,0,0,0,0,0,0,0,0,0,0,0,,,46029
bert_20260228023827,351376,20260108,1,2768355,unian,811111,PPL,Mar'yevka,Kharkiv,1191,Balakliis'kyi,3178,36.74917,49.49293,ADM3,0,0,0,0,0,1,0,0,0,0,0,0,0,0,0,0,0,0,0,0,0,0,0,0,0,,,46029
bert_20260228023827,345567,20260108,1,2768356,unian,805500,PPL,Voronyne,Sumy,2356,Bilopils'kyi,4621,34.12376,51.10624,ADM1,0,0,0,0,0,1,0,0,0,0,0,0,0,0,0,0,0,0,0,0,0,0,0,0,0,,,46029
bert_20260228023827,287079,20260108,1,2768357,unian,709930,PPLA,Dnipro,Dnipropetrovs'k,650,Dnipropetrovs'ka,9966,35.04618,48.46472,ADM3,0,1,1,0,0,0,1,0,0,0,0,0,0,0,0,0,0,0,0,0,0,0,0,0,0,,,46029
bert_20260228023827,287081,20260108,1,2768358,unian,709930,PPLA,Dnipro,Dnipropetrovs'k,650,Dnipropetrovs'ka,9966,35.04618,48.46472,ADM3,1,1,1,0,1,0,0,0,0,0,1,0,0,0,1,0,0,0,0,1,0,0,0,0,0,,,46029
bert_20260228023827,308770,20260108,1,2768359,unian,711955,PPL,Bohatyrivka,Zaporizhzhya,2730,Vil'nians'kyi,39487,35.19944,47.90672,ADM3,0,0,0,0,0,0,1,0,0,0,0,0,0,0,0,0,0,0,0,0,0,0,0,0,0,,,46029
bert_20260228023827,112323,20260108,1,2768360,unian,698740,PPLA,Odessa,Odessa,1800,Odes'ka,26260,30.73169,46.48421,ADM3,0,0,0,0,0,0,0,0,0,0,0,0,0,0,0,0,0,0,0,0,0,0,0,0,0,,,46029
bert_20260228023827,362951,20260108,1,2768361,unian,8543503,PPL,Sofiivska Borshchahivka,Kiev,1209,Kyievo-Sviatoshyns'kyi,19355,30.3657,50.42426,ADM3,0,0,0,0,0,0,0,0,0,0,0,0,0,0,0,0,0,0,0,0,0,0,0,0,0,,,46029
bert_20260228023827,38218,20260108,1,2768362,unian,690773,PPL,Ukrainka,Kiev,1209,Obukhivs'kyi,26204,30.74207,50.15372,ADM3,0,0,0,0,0,0,1,0,0,0,0,0,0,0,0,0,0,0,0,0,0,0,0,0,0,,,46029
bert_20260228023827,235297,20260108,1,2768363,unian,706448,PPLA,Kherson,Kherson,1195,Khersons'ka,17890,32.61496,46.64032,ADM3,0,0,0,0,0,0,0,0,0,0,0,0,0,0,0,0,0,0,0,0,0,0,0,0,0,,,46029
bert_20260228023827,188019,20260108,1,2768364,unian,703448,PPLC,Kyiv,Kiev City,1210,Shevchenkivs'kyi,33738,30.52355,50.45044,ADM3,0,1,0,0,0,0,1,0,0,0,0,0,0,0,0,0,0,0,0,0,0,0,0,0,0,,,46029
bert_20260228023827,287076,20260108,1,2768365,unian,709930,PPLA,Dnipro,Dnipropetrovs'k,650,Dnipropetrovs'ka,9966,35.04618,48.46472,ADM3,0,1,0,1,0,0,0,0,0,0,0,0,0,0,0,0,0,0,0,0,0,0,0,0,0,,,46029
bert_20260228023827,393684,20260108,1,2768366,unian,11777953,PPL,Deremezna,Kiev,1209,Obukhivs'kyi,26204,30.47662,50.02393,ADM1,0,0,1,0,0,0,1,0,0,0,0,0,0,0,0,0,0,0,0,0,0,0,0,0,0,,,46029
bert_20260228023827,188026,20260108,1,2768367,unian,703448,PPLC,Kyiv,Kiev City,1210,Shevchenkivs'kyi,33738,30.52355,50.45044,ADM3,1,1,1,1,0,0,0,0,1,0,0,0,0,1,0,0,0,0,0,1,0,0,0,1,0,,,46029
bert_20260228023827,306859,20260108,1,2768368,unian,711503,PPLX,Bazhanovo,Dnipropetrovs'k,650,KryvyiRig,19033,33.436,47.96127,ADM3,0,0,0,0,0,1,1,0,0,0,0,0,1,0,0,0,0,0,0,0,0,0,0,0,0,,,46029
bert_20260228023827,393683,20260108,1,2768369,unian,11777953,PPL,Deremezna,Kiev,1209,Obukhivs'kyi,26204,30.47662,50.02393,ADM1,0,0,0,0,0,0,1,0,0,0,0,0,0,0,0,0,0,0,0,0,0,0,0,0,0,,,46029
bert_20260228023827,287080,20260108,1,2755750,espreso,709930,PPLA,Dnipro,Dnipropetrovs'k,650,Dnipropetrovs'ka,9966,35.04618,48.46472,ADM3,1,1,1,0,1,0,0,0,0,0,0,0,0,0,1,0,0,0,1,0,0,0,0,0,0,,,46029
bert_20260228023827,19253,20260108,1,2755751,espreso,687700,PPLA,Zaporizhzhya,Zaporizhzhya,2730,Zaporiz'ka,41153,35.13885,47.83831,ADM3,1,1,1,0,1,0,0,0,0,0,0,0,0,0,1,0,0,0,1,0,0,0,0,0,0,,,46029
bert_20260228023827,287075,20260108,1,2755752,espreso,709930,PPLA,Dnipro,Dnipropetrovs'k,650,Dnipropetrovs'ka,9966,35.04618,48.46472,ADM3,0,0,1,0,0,0,1,0,0,0,0,0,0,0,0,0,0,0,0,0,0,0,0,0,0,,,46029
bert_20260228023827,19251,20260108,1,2755753,espreso,687700,PPLA,Zaporizhzhya,Zaporizhzhya,2730,Zaporiz'ka,41153,35.13885,47.83831,ADM3,0,0,1,0,0,0,1,0,0,0,0,0,0,0,0,0,0,0,0,0,0,0,0,0,0,,,46029
bert_20260228023827,287074,20260108,1,2756135,liga,709930,PPLA,Dnipro,Dnipropetrovs'k,650,Dnipropetrovs'ka,9966,35.04618,48.46472,ADM3,0,0,0,0,0,1,1,0,0,0,0,0,0,0,0,0,0,0,0,0,0,0,0,0,0,,,46029
bert_20260228023827,19250,20260108,1,2756136,liga,687700,PPLA,Zaporizhzhya,Zaporizhzhya,2730,Zaporiz'ka,41153,35.13885,47.83831,ADM3,0,0,0,0,0,1,1,0,0,0,0,0,0,0,0,0,0,0,0,0,0,0,0,0,0,,,46029
bert_20260228023827,362553,20260108,1,2756137,liga,8519916,PPL,Obolon,Kiev City,1210,Obolons'kyi,26190,30.49826,50.50148,STREET,1,1,1,1,0,0,0,0,0,0,0,0,0,0,1,0,0,0,1,0,0,0,0,0,0,,,46029
bert_20260228023827,188023,20260108,1,2756138,liga,703448,PPLC,Kyiv,Kiev City,1210,Shevchenkivs'kyi,33738,30.52355,50.45044,ADM3,1,1,1,1,0,0,0,0,0,0,0,0,0,0,1,0,0,0,1,0,0,0,0,0,0,,,46029
bert_20260228023827,19252,20260108,1,2762077,unian,687700,PPLA,Zaporizhzhya,Zaporizhzhya,2730,Zaporiz'ka,41153,35.13885,47.83831,ADM3,1,0,1,0,0,0,1,0,0,0,0,0,0,0,0,0,0,0,0,0,0,0,0,0,0,,,46029
bert_20260228023827,345568,20260108,1,2762078,unian,805500,PPL,Voronyne,Sumy,2356,Bilopils'kyi,4621,34.12376,51.10624,ADM1,0,1,1,1,0,0,0,0,0,0,0,0,0,0,0,0,0,0,0,0,0,0,0,0,0,,,46029
bert_20260228023827,82402,20260108,1,2762079,unian,695094,PPLX,Ruttschenkowo,Donets'k,655,Donets'ka,10139,37.67529,47.95508,ADM1,0,1,1,1,0,0,0,0,0,0,0,0,0,0,0,0,0,0,0,0,0,0,0,0,0,,,46029
bert_20260228023827,188028,20260109,12,"2896102, 2768393, 2774594, 2774597, 2774598, 2774611, 2774612, 2774615, 2774619, 2774627, 2774631, 2768375","liga, espreso, meduza, unian",703448,PPLC,Kyiv,Kiev City,1210,Shevchenkivs'kyi,33738,30.52355,50.45044,ADM3,0,0,0,0,0,0,1,0,0,0,0,0,0,0,0,0,0,0,0,0,0,0,0,0,0,,,46030
bert_20260228023827,29685,20260109,1,2870270,liga,689103,PPL,Volovytsia,Chernihiv,498,Borznians'kyi,5262,32.00406,51.35543,ADM1,0,0,0,0,0,1,0,0,0,0,0,0,0,0,0,0,0,0,0,0,0,0,0,0,0,,,46030
bert_20260228023827,188031,20260109,1,2870271,liga,703448,PPLC,Kyiv,Kiev City,1210,Shevchenkivs'kyi,33738,30.52355,50.45044,ADM3,0,0,0,0,0,1,0,0,0,0,0,0,0,0,0,0,0,0,0,0,0,0,0,0,0,,,46030
bert_20260228023827,188054,20260109,2,"2863964, 2825949",liga,703448,PPLC,Kyiv,Kiev City,1210,Shevchenkivs'kyi,33738,30.52355,50.45044,ADM3,1,1,1,1,0,0,0,0,0,0,0,0,0,0,0,0,0,0,0,1,0,0,0,1,0,,,46030
bert_20260228023827,188059,20260109,1,2857698,liga,703448,PPLC,Kyiv,Kiev City,1210,Shevchenkivs'kyi,33738,30.52355,50.45044,ADM3,1,1,1,1,0,0,0,0,0,0,0,0,0,1,0,0,0,0,0,1,0,0,0,0,0,,,46030
bert_20260228023827,154104,20260109,1,2851404,liga,702550,PPLA,Lviv,L'viv,1289,L'vivs'ka,19402,24.0299,49.83932,ADM3,0,0,0,0,0,1,1,0,0,0,0,0,0,0,0,0,0,0,0,0,0,0,0,0,0,,,46030
bert_20260228023827,188033,20260109,3,"2851405, 2774590, 2762421","liga, meduza",703448,PPLC,Kyiv,Kiev City,1210,Shevchenkivs'kyi,33738,30.52355,50.45044,ADM3,0,0,0,0,0,1,1,0,0,0,0,0,0,0,0,0,0,0,0,0,0,0,0,0,0,,,46030
bert_20260228023827,112331,20260109,1,2845106,liga,698740,PPLA,Odessa,Odessa,1800,Odes'ka,26260,30.73169,46.48421,ADM3,1,0,0,0,0,0,1,0,0,0,0,0,0,0,0,0,0,0,0,0,0,0,0,0,0,,,46030
bert_20260228023827,112330,20260109,1,2838713,liga,698740,PPLA,Odessa,Odessa,1800,Odes'ka,26260,30.73169,46.48421,ADM3,0,0,0,0,0,0,1,0,0,0,0,0,0,0,0,0,0,0,0,1,0,0,0,0,0,,,46030
bert_20260228023827,359350,20260109,1,2832344,liga,8281918,PPL,Posich,Transcarpathia,2491,Khusts'kyi,18005,23.41312,48.22076,ADM1,0,0,0,0,0,1,1,0,0,0,0,0,0,0,0,0,0,0,0,0,0,0,0,0,0,,,46030
bert_20260228023827,188036,20260109,1,2825948,liga,703448,PPLC,Kyiv,Kiev City,1210,Shevchenkivs'kyi,33738,30.52355,50.45044,ADM3,0,0,1,0,0,0,0,0,0,0,0,0,0,0,0,0,0,0,0,1,0,0,0,0,0,,,46030
bert_20260228023827,112333,20260109,1,2819518,liga,698740,PPLA,Odessa,Odessa,1800,Odes'ka,26260,30.73169,46.48421,ADM3,0,1,1,0,0,0,0,0,0,0,0,0,0,0,0,0,0,0,0,0,0,0,0,0,0,,,46030
bert_20260228023827,188027,20260109,1,2819519,liga,703448,PPLC,Kyiv,Kiev City,1210,Shevchenkivs'kyi,33738,30.52355,50.45044,ADM3,0,0,0,0,0,0,0,0,0,0,0,0,0,0,0,0,0,0,0,0,0,0,0,0,0,,,46030
bert_20260228023827,154101,20260109,10,"2806782, 2768386, 2774592, 2774606, 2774607, 2774608, 2774623, 2768372, 2768373, 2768377","liga, espreso, meduza, unian",702550,PPLA,Lviv,L'viv,1289,L'vivs'ka,19402,24.0299,49.83932,ADM3,0,0,0,0,0,0,1,0,0,0,0,0,0,0,0,0,0,0,0,0,0,0,0,0,0,,,46030
bert_20260228023827,154103,20260109,1,2787537,liveuamap,702550,PPLA,Lviv,L'viv,1289,L'vivs'ka,19402,24.0299,49.83932,ADM3,1,0,0,0,0,0,1,0,0,0,1,0,0,0,0,0,0,1,0,1,0,0,0,0,0,,,46030
bert_20260228023827,307068,20260109,2,"2787538, 2787542",liveuamap,711562,PPL,Bortnychi,Kiev City,1210,Darnyts'kyi,9350,30.69594,50.40952,STREET,1,0,1,0,0,0,0,0,0,0,0,0,0,0,0,1,0,0,0,0,0,0,0,0,0,,,46030
bert_20260228023827,188037,20260109,4,"2787539, 2787540, 2787543, 2787551",liveuamap,703448,PPLC,Kyiv,Kiev City,1210,Shevchenkivs'kyi,33738,30.52355,50.45044,ADM3,1,0,1,0,0,0,0,0,0,0,0,0,0,0,0,1,0,0,0,0,0,0,0,0,0,,,46030
bert_20260228023827,52704,20260109,1,2787541,liveuamap,692909,PPLX,Stara Darnytsya,Kiev City,1210,Dniprovs'kyi,9968,30.63588,50.4576,ADM3,1,0,1,0,0,0,0,0,0,0,0,0,0,0,0,1,0,0,0,0,0,0,0,0,0,,,46030
bert_20260228023827,89711,20260109,1,2787544,liveuamap,696032,PPLA2,Pustomyty,L'viv,1289,Pustomytivs'kyi,29580,23.91674,49.71749,ADM1,1,0,1,0,0,0,0,0,0,0,0,0,0,0,0,1,0,0,0,0,0,0,0,0,0,,,46030
bert_20260228023827,154107,20260109,2,"2787546, 2787547",liveuamap,702550,PPLA,Lviv,L'viv,1289,L'vivs'ka,19402,24.0299,49.83932,ADM3,1,0,1,0,0,0,0,0,0,0,0,0,0,0,0,1,0,0,0,0,0,0,0,0,0,,,46030
bert_20260228023827,188056,20260109,1,2787548,liveuamap,703448,PPLC,Kyiv,Kiev City,1210,Shevchenkivs'kyi,33738,30.52355,50.45044,ADM3,1,1,1,1,0,0,0,0,0,0,0,0,0,0,0,1,0,0,0,0,0,0,1,0,0,,,46030
bert_20260228023827,397079,20260109,1,2787549,liveuamap,,,,,,,,36.58734,50.59556,ADM3,1,1,1,1,0,0,0,0,0,0,0,0,0,0,0,1,0,0,0,0,0,0,0,0,0,,,46030
bert_20260228023827,188058,20260109,1,2787550,liveuamap,703448,PPLC,Kyiv,Kiev City,1210,Shevchenkivs'kyi,33738,30.52355,50.45044,ADM3,1,1,1,1,0,0,0,0,0,0,0,0,0,0,1,1,0,0,0,0,0,0,1,0,0,,,46030
bert_20260228023827,376118,20260109,1,2787553,liveuamap,9115777,PPL,Fedorivka,Donets'k,655,Horlivs'ka,14516,38.00254,48.30608,ADM3,1,1,1,1,0,0,0,0,0,0,0,0,0,1,1,0,0,0,0,1,0,0,0,1,0,,,46030
bert_20260228023827,287082,20260109,1,2787554,liveuamap,709930,PPLA,Dnipro,Dnipropetrovs'k,650,Dnipropetrovs'ka,9966,35.04618,48.46472,ADM3,1,0,0,0,0,0,0,0,0,0,0,0,0,0,0,0,0,0,0,0,0,0,0,0,0,,,46030
bert_20260228023827,19255,20260109,1,2787555,liveuamap,687700,PPLA,Zaporizhzhya,Zaporizhzhya,2730,Zaporiz'ka,41153,35.13885,47.83831,ADM3,0,0,1,0,0,1,0,0,0,0,0,0,0,0,0,0,0,0,0,0,0,0,0,0,0,,,46030
bert_20260228023827,95478,20260109,1,2787556,liveuamap,697135,PPL,Pivdenne,Kharkiv,1191,Kharkivs'kyi,17851,36.06665,49.88474,ADM3,0,1,0,0,0,0,0,0,0,0,0,0,0,0,0,0,0,0,0,1,0,0,0,0,0,,,46030
bert_20260228023827,319014,20260109,1,2787557,liveuamap,712609,PPL,Bilka,Odessa,1800,Ivanivs'kyi,15842,30.40579,46.90822,ADM1,0,1,0,0,0,0,0,0,0,0,0,0,0,0,0,0,0,0,0,1,0,0,0,0,0,,,46030
bert_20260228023827,235301,20260109,1,2787558,liveuamap,706448,PPLA,Kherson,Kherson,1195,Khersons'ka,17890,32.61496,46.64032,ADM3,1,1,1,0,1,0,0,0,0,0,0,0,0,0,0,0,0,1,0,1,0,0,0,0,0,,,46030
bert_20260228023827,112329,20260109,1,2787559,liveuamap,698740,PPLA,Odessa,Odessa,1800,Odes'ka,26260,30.73169,46.48421,ADM3,0,0,0,0,0,0,0,0,0,0,0,0,0,0,0,0,0,0,0,0,0,0,0,0,0,,,46030
bert_20260228023827,250160,20260109,1,2787560,liveuamap,706483,PPLA,Kharkiv,Kharkiv,1191,Kharkivs'ka,17850,36.2312,49.99217,ADM3,1,1,0,0,1,0,0,0,0,0,1,0,0,0,0,0,0,0,0,0,0,0,0,0,0,,,46030
bert_20260228023827,32660,20260109,1,2787561,liveuamap,689304,PPLA2,Vovchansk,Kharkiv,1191,Vovchans'kyi,39837,36.9368,50.29401,ADM3,1,1,0,0,1,0,0,0,0,0,1,0,0,0,0,0,0,0,0,0,0,0,0,0,0,,,46030
bert_20260228023827,44035,20260109,1,2787562,liveuamap,691606,PPL,Terny,Sumy,2356,Nedryhailivs'kyi,25039,33.98346,50.99407,ADM3,1,1,0,0,1,0,0,0,0,0,1,0,0,0,0,0,0,0,0,0,0,0,0,0,0,,,46030
bert_20260228023827,55605,20260109,1,2787563,liveuamap,693065,PPLX,Sotsmisto,Donets'k,655,Kramators'ka,18898,37.5844,48.73898,ADM3,1,1,0,0,1,0,0,0,0,0,0,0,0,0,0,0,0,0,0,0,0,0,0,0,0,,,46030
bert_20260228023827,208590,20260109,1,2787564,liveuamap,705104,PPL,Kostiantynivka,Donets'k,655,Kostiantynivs'ka,18738,37.69368,48.53467,ADM3,0,1,1,0,0,0,1,0,0,0,0,0,0,0,0,0,0,0,0,0,0,0,0,0,0,,,46030
bert_20260228023827,387938,20260109,1,2787565,liveuamap,11151973,PPL,Stepove,Dnipropetrovs'k,650,Krynychans'kyi,19030,34.53593,48.44595,ADM3,1,1,0,1,0,0,0,0,0,0,1,0,0,0,0,0,0,0,0,0,0,0,0,1,0,,,46030
bert_20260228023827,261511,20260109,1,2787566,liveuamap,707898,PPLA2,Hulyaypole,Zaporizhzhya,2730,Huliaipil's'kyi,14713,36.25322,47.66644,ADM3,0,1,1,0,0,0,1,0,0,0,0,0,0,0,0,0,0,0,0,0,0,0,0,0,0,,,46030
bert_20260228023827,313838,20260109,1,2787568,liveuamap,712582,PPLA2,Bilohirya,Khmel'nyts'kyy,1196,Bilohirs'kyi,4619,26.41185,50.00143,ADM3,0,1,1,0,0,0,1,0,0,0,0,0,0,0,0,0,0,0,0,0,0,0,0,0,0,,,46030
bert_20260228023827,217409,20260109,1,2787569,liveuamap,705408,PPL,Kolodiazi,Donets'k,655,Krasnolymans'kyi,18941,37.88154,49.08314,ADM3,1,1,1,0,1,0,0,0,0,0,1,0,0,0,0,0,0,0,0,1,0,0,0,0,0,,,46030
bert_20260228023827,235299,20260109,1,2787570,liveuamap,706448,PPLA,Kherson,Kherson,1195,Khersons'ka,17890,32.61496,46.64032,ADM3,1,0,1,0,0,0,1,0,0,0,0,0,0,0,0,0,0,0,0,0,0,0,0,0,0,,,46030
bert_20260228023827,203492,20260109,1,2787571,liveuamap,704422,PPLA2,Pokrovsk,Donets'k,655,Krasnoarmiis'kyi,18918,37.1756,48.28035,ADM3,1,1,0,1,0,0,0,0,0,0,0,0,0,1,0,0,0,0,0,1,0,0,0,1,0,,,46030
bert_20260228023827,287927,20260109,1,2787572,liveuamap,710035,PPLA2,Myrnohrad,Donets'k,655,Krasnoarmiis'ka,18917,37.26806,48.29097,ADM3,1,1,0,1,0,0,0,0,0,0,0,0,0,1,0,0,0,0,0,1,0,0,0,1,0,,,46030
bert_20260228023827,304915,20260109,1,2787574,liveuamap,710925,PPL,Charivne,Zaporizhzhya,2730,Orikhivs'kyi,26748,36.03595,47.58161,ADM3,1,1,0,1,0,0,0,0,0,0,1,0,0,0,0,0,0,0,0,0,0,0,0,1,0,,,46030
bert_20260228023827,19257,20260109,1,2787575,liveuamap,687700,PPLA,Zaporizhzhya,Zaporizhzhya,2730,Zaporiz'ka,41153,35.13885,47.83831,ADM3,1,1,0,1,0,0,0,0,0,0,1,0,0,0,0,0,0,0,0,0,0,0,0,1,0,,,46030
bert_20260228023827,192403,20260109,1,2787576,liveuamap,703656,PPLA2,Kupiansk,Kharkiv,1191,Kupians'ka,19188,37.61478,49.7108,ADM3,1,1,1,1,0,0,0,0,0,0,0,0,0,0,0,1,0,0,0,0,0,0,0,0,0,,,46030
bert_20260228023827,360521,20260109,1,2787578,liveuamap,8419787,PPL,Zakumske,Sumy,2356,Sums'kyi,35426,34.64912,50.95537,ADM2,1,0,1,1,0,0,0,0,0,0,0,0,0,0,0,1,0,0,0,0,0,0,0,0,0,,,46030
bert_20260228023827,57688,20260109,1,2787579,liveuamap,693468,PPL,Sloviansk,Donets'k,655,Slovians'ka,34511,37.60582,48.85227,ADM3,1,0,1,0,0,0,0,0,0,0,0,0,0,0,0,1,0,0,0,0,0,0,0,0,0,,,46030
bert_20260228023827,100675,20260109,1,2787580,liveuamap,698020,PPL,Pankivka,Luhans'k,1405,Luhans'ka,20910,39.34878,48.69979,ADM3,1,0,1,0,0,0,0,0,0,0,0,0,0,0,0,1,0,0,0,0,0,0,0,0,0,,,46030
bert_20260228023827,50086,20260109,1,2787581,liveuamap,692248,PPL,Stepnohirsk,Zaporizhzhya,2730,Vasylivs'kyi,39200,35.36408,47.58871,ADM3,1,0,1,0,0,0,0,0,0,0,0,0,0,0,0,1,0,0,0,0,0,0,0,0,0,,,46030
bert_20260228023827,381229,20260109,1,2787582,liveuamap,10323759,PPLX,Cheremushky,Donets'k,655,Mariupol's'ka,22073,37.50564,47.07557,ADM3,1,0,1,0,0,0,0,0,0,0,0,0,0,0,0,1,0,0,0,0,0,0,0,0,0,,,46030
bert_20260228023827,287084,20260109,3,"2787583, 2787584, 2787614",liveuamap,709930,PPLA,Dnipro,Dnipropetrovs'k,650,Dnipropetrovs'ka,9966,35.04618,48.46472,ADM3,1,0,1,0,0,0,0,0,0,0,0,0,0,0,0,1,0,0,0,0,0,0,0,0,0,,,46030
bert_20260228023827,19254,20260109,2,"2787585, 2787587",liveuamap,687700,PPLA,Zaporizhzhya,Zaporizhzhya,2730,Zaporiz'ka,41153,35.13885,47.83831,ADM3,1,0,1,0,0,0,0,0,0,0,0,0,0,0,0,1,0,0,0,0,0,0,0,0,0,,,46030
bert_20260228023827,143749,20260109,1,2787586,liveuamap,701822,PPL,Mariupol,Donets'k,655,Mariupol's'ka,22073,37.54144,47.0967,ADM3,1,0,1,0,0,0,0,0,0,0,0,0,0,0,0,1,0,0,0,0,0,0,0,0,0,,,46030
bert_20260228023827,287324,20260109,1,2787588,liveuamap,709932,PPLA2,Kamyanske,Dnipropetrovs'k,650,Dniprodzerzhyns'ka,9965,34.60688,48.51677,ADM3,1,1,1,0,1,0,0,1,0,0,1,0,0,0,0,0,0,0,0,1,0,0,0,0,0,,,46030
bert_20260228023827,287088,20260109,1,2787589,liveuamap,709930,PPLA,Dnipro,Dnipropetrovs'k,650,Dnipropetrovs'ka,9966,35.04618,48.46472,ADM3,1,1,1,0,1,0,0,1,0,0,1,0,0,0,0,0,0,0,0,1,0,0,0,0,0,,,46030
bert_20260228023827,287091,20260109,1,2787590,liveuamap,709930,PPLA,Dnipro,Dnipropetrovs'k,650,Dnipropetrovs'ka,9966,35.04618,48.46472,ADM3,1,1,1,1,0,0,0,1,0,0,1,0,0,0,0,0,0,0,0,0,0,0,0,0,0,,,46030
bert_20260228023827,287085,20260109,1,2787591,liveuamap,709930,PPLA,Dnipro,Dnipropetrovs'k,650,Dnipropetrovs'ka,9966,35.04618,48.46472,ADM3,1,1,0,0,0,0,0,0,0,0,1,0,0,0,0,0,0,0,0,0,0,0,0,1,0,,,46030
bert_20260228023827,112335,20260109,1,2787592,liveuamap,698740,PPLA,Odessa,Odessa,1800,Odes'ka,26260,30.73169,46.48421,ADM3,1,1,1,0,1,0,0,0,0,0,1,0,0,0,0,0,0,0,0,0,0,0,0,0,0,,,46030
bert_20260228023827,19256,20260109,1,2787593,liveuamap,687700,PPLA,Zaporizhzhya,Zaporizhzhya,2730,Zaporiz'ka,41153,35.13885,47.83831,ADM3,1,1,0,0,0,0,0,0,0,0,1,0,0,0,0,0,0,0,0,0,0,0,0,0,0,,,46030
bert_20260228023827,287083,20260109,1,2787594,liveuamap,709930,PPLA,Dnipro,Dnipropetrovs'k,650,Dnipropetrovs'ka,9966,35.04618,48.46472,ADM3,1,0,0,0,0,0,0,0,0,0,0,0,0,0,0,0,1,0,0,0,0,0,0,0,0,,,46030
bert_20260228023827,112336,20260109,1,2787595,liveuamap,698740,PPLA,Odessa,Odessa,1800,Odes'ka,26260,30.73169,46.48421,ADM3,1,1,1,1,0,0,1,0,0,0,0,0,0,0,0,0,0,0,0,0,0,0,0,0,0,,,46030
bert_20260228023827,287087,20260109,1,2787596,liveuamap,709930,PPLA,Dnipro,Dnipropetrovs'k,650,Dnipropetrovs'ka,9966,35.04618,48.46472,ADM3,1,1,1,0,0,0,0,0,0,0,1,0,0,0,0,0,0,1,0,0,0,0,0,0,0,,,46030
bert_20260228023827,235302,20260109,1,2787597,liveuamap,706448,PPLA,Kherson,Kherson,1195,Khersons'ka,17890,32.61496,46.64032,ADM3,1,1,1,1,0,0,0,0,0,0,0,0,0,1,0,0,0,0,0,1,0,0,0,0,0,,,46030
bert_20260228023827,57689,20260109,1,2787598,liveuamap,693468,PPL,Sloviansk,Donets'k,655,Slovians'ka,34511,37.60582,48.85227,ADM3,1,1,0,1,0,0,0,0,0,0,0,0,0,1,0,0,0,0,0,1,0,1,1,1,0,,,46030
bert_20260228023827,257462,20260109,1,2787599,liveuamap,707464,PPL,Ivanopillia,Donets'k,655,Kostiantynivs'kyi,18739,37.76439,48.47357,ADM3,1,1,1,1,0,0,0,0,0,0,1,0,0,0,0,0,0,0,0,1,0,0,0,1,0,,,46030
bert_20260228023827,203493,20260109,1,2787600,liveuamap,704422,PPLA2,Pokrovsk,Donets'k,655,Krasnoarmiis'kyi,18918,37.1756,48.28035,ADM3,1,1,1,1,0,0,0,0,0,0,0,0,0,1,0,0,0,0,0,0,0,0,0,0,0,,,46030
bert_20260228023827,197341,20260109,1,2787601,liveuamap,704204,PPL,Lyman,Donets'k,655,Krasnolymans'kyi,18941,37.82245,48.96409,ADM3,1,1,1,1,0,0,0,0,0,0,0,0,0,1,0,0,0,0,0,0,0,0,0,0,0,,,46030
bert_20260228023827,287928,20260109,1,2787602,liveuamap,710035,PPLA2,Myrnohrad,Donets'k,655,Krasnoarmiis'ka,18917,37.26806,48.29097,ADM3,1,1,1,1,0,0,0,0,0,0,0,0,0,1,0,0,0,0,0,0,0,0,0,0,0,,,46030
bert_20260228023827,261940,20260109,1,2787603,liveuamap,708060,PPL,Hryshyne,Donets'k,655,Krasnoarmiis'kyi,18918,37.0798,48.32938,ADM3,1,1,1,1,0,0,0,0,0,0,0,0,0,1,0,0,0,0,0,0,0,0,0,0,0,,,46030
bert_20260228023827,26156,20260109,1,2787604,liveuamap,688871,PPL,Vozdvyzhivka,Zaporizhzhya,2730,Novomykola‹vs'kyi,25913,36.07979,47.74727,ADM3,1,1,1,1,0,0,0,0,0,0,0,0,0,0,1,0,0,0,1,0,0,0,0,0,0,,,46030
bert_20260228023827,360750,20260109,1,2787605,liveuamap,8438363,PPL,Zelene,Rivne,2066,Dubens'kyi,10348,25.77252,50.45812,ADM3,1,1,1,1,0,0,0,0,0,0,0,0,0,0,1,0,0,0,1,0,0,0,0,0,0,,,46030
bert_20260228023827,19258,20260109,1,2787606,liveuamap,687700,PPLA,Zaporizhzhya,Zaporizhzhya,2730,Zaporiz'ka,41153,35.13885,47.83831,ADM3,1,1,1,1,0,0,0,0,0,0,0,0,0,0,1,0,0,0,1,0,0,0,0,0,0,,,46030
bert_20260228023827,264643,20260109,1,2787607,liveuamap,708937,PPL,Havrylivka,Dnipropetrovs'k,650,Pokrovs'kyi,28862,36.51993,48.07377,ADM3,1,1,1,1,0,0,0,0,0,0,0,0,0,0,1,0,0,0,1,0,0,0,0,0,0,,,46030
bert_20260228023827,287089,20260109,1,2787608,liveuamap,709930,PPLA,Dnipro,Dnipropetrovs'k,650,Dnipropetrovs'ka,9966,35.04618,48.46472,ADM3,1,1,1,1,0,0,0,0,0,0,0,0,0,0,1,0,0,0,1,0,0,0,0,0,0,,,46030
bert_20260228023827,250161,20260109,1,2787609,liveuamap,706483,PPLA,Kharkiv,Kharkiv,1191,Kharkivs'ka,17850,36.2312,49.99217,ADM3,1,1,1,1,0,0,0,0,0,0,0,0,0,0,0,0,0,1,0,1,0,0,0,0,0,,,46030
bert_20260228023827,32661,20260109,1,2787610,liveuamap,689304,PPLA2,Vovchansk,Kharkiv,1191,Vovchans'kyi,39837,36.9368,50.29401,ADM3,1,1,1,1,0,0,0,0,0,0,0,0,0,0,0,0,0,1,0,1,0,0,0,0,0,,,46030
bert_20260228023827,192402,20260109,1,2787611,liveuamap,703656,PPLA2,Kupiansk,Kharkiv,1191,Kupians'ka,19188,37.61478,49.7108,ADM3,1,0,1,1,0,0,0,0,0,0,0,0,0,0,0,1,0,0,0,0,0,0,0,0,0,,,46030
bert_20260228023827,55604,20260109,1,2787612,liveuamap,693065,PPLX,Sotsmisto,Donets'k,655,Kramators'ka,18898,37.5844,48.73898,ADM3,1,0,1,0,0,0,0,0,0,0,0,0,0,0,0,1,0,0,0,0,0,0,0,0,0,,,46030
bert_20260228023827,261510,20260109,1,2787613,liveuamap,707898,PPLA2,Hulyaypole,Zaporizhzhya,2730,Huliaipil's'kyi,14713,36.25322,47.66644,ADM3,1,0,1,0,0,0,0,0,0,0,0,0,0,0,0,1,0,0,0,0,0,0,0,0,0,,,46030
bert_20260228023827,188038,20260109,1,2781194,liga,703448,PPLC,Kyiv,Kiev City,1210,Shevchenkivs'kyi,33738,30.52355,50.45044,ADM3,1,0,1,0,0,0,1,0,0,0,0,0,0,0,0,0,0,0,0,0,0,0,0,0,0,,,46030
bert_20260228023827,357641,20260109,1,2781195,liga,8250815,PPL,Karpaty,Transcarpathia,2491,Mukachivs'kyi,24017,22.8742,48.52159,ADM3,1,1,1,1,0,0,0,0,0,0,1,0,0,0,0,0,0,0,0,1,0,0,0,1,0,,,46030
bert_20260228023827,287929,20260109,1,2774643,espreso,710035,PPLA2,Myrnohrad,Donets'k,655,Krasnoarmiis'ka,18917,37.26806,48.29097,ADM3,1,1,1,1,0,0,0,1,0,0,0,0,0,0,0,0,0,0,0,1,0,0,0,1,0,,,46030
bert_20260228023827,322977,20260109,1,2774644,espreso,712734,PPL,Baydivka,Luhans'k,1405,Starobil's'kyi,35084,38.90252,49.15874,ADM1,1,1,1,0,1,0,0,0,0,0,0,0,0,0,1,1,0,0,0,0,0,0,0,0,0,,,46030
bert_20260228023827,188050,20260109,1,2774920,liga,703448,PPLC,Kyiv,Kiev City,1210,Shevchenkivs'kyi,33738,30.52355,50.45044,ADM3,1,1,1,0,0,0,1,0,1,0,0,0,0,0,0,0,0,1,0,1,0,0,0,0,0,,,46030
bert_20260228023827,393687,20260109,1,2768378,unian,11777953,PPL,Deremezna,Kiev,1209,Obukhivs'kyi,26204,30.47662,50.02393,ADM1,1,1,1,0,1,0,0,0,0,0,0,0,0,0,1,0,0,0,0,1,0,0,0,0,0,,,46030
bert_20260228023827,203490,20260109,1,2768381,espreso,704422,PPLA2,Pokrovsk,Donets'k,655,Krasnoarmiis'kyi,18918,37.1756,48.28035,ADM3,1,0,1,0,1,0,0,0,0,0,0,0,0,0,0,0,0,0,0,0,0,0,0,0,0,,,46030
bert_20260228023827,154108,20260109,1,2768382,espreso,702550,PPLA,Lviv,L'viv,1289,L'vivs'ka,19402,24.0299,49.83932,ADM3,0,0,1,0,0,0,1,0,0,0,0,0,0,0,0,0,0,0,0,0,0,0,0,0,0,,,46030
bert_20260228023827,154110,20260109,1,2768383,espreso,702550,PPLA,Lviv,L'viv,1289,L'vivs'ka,19402,24.0299,49.83932,ADM3,0,1,0,0,0,0,1,0,0,0,0,0,0,0,0,0,0,0,0,0,0,0,0,0,0,,,46030
bert_20260228023827,154112,20260109,1,2768384,espreso,702550,PPLA,Lviv,L'viv,1289,L'vivs'ka,19402,24.0299,49.83932,ADM3,1,1,1,0,1,0,0,0,0,0,0,0,0,0,0,0,0,0,0,1,0,0,0,0,0,,,46030
bert_20260228023827,89715,20260109,1,2768385,espreso,696032,PPLA2,Pustomyty,L'viv,1289,Pustomytivs'kyi,29580,23.91674,49.71749,ADM1,1,1,1,1,0,0,0,0,0,0,0,0,0,0,1,0,0,0,0,0,0,0,0,0,0,,,46030
bert_20260228023827,393686,20260109,1,2768387,espreso,11777953,PPL,Deremezna,Kiev,1209,Obukhivs'kyi,26204,30.47662,50.02393,ADM1,0,1,1,0,0,0,1,0,0,0,0,0,0,0,0,0,0,0,0,0,0,0,0,0,0,,,46030
bert_20260228023827,188057,20260109,1,2768388,espreso,703448,PPLC,Kyiv,Kiev City,1210,Shevchenkivs'kyi,33738,30.52355,50.45044,ADM3,1,1,1,1,0,0,0,0,0,0,0,0,0,0,1,1,0,0,0,0,0,0,0,0,0,,,46030
bert_20260228023827,188048,20260109,1,2768389,espreso,703448,PPLC,Kyiv,Kiev City,1210,Shevchenkivs'kyi,33738,30.52355,50.45044,ADM3,0,1,1,0,0,0,1,0,0,0,0,0,0,0,0,0,0,0,0,0,0,0,0,0,0,,,46030
bert_20260228023827,89713,20260109,1,2768390,espreso,696032,PPLA2,Pustomyty,L'viv,1289,Pustomytivs'kyi,29580,23.91674,49.71749,ADM1,0,1,1,0,0,0,1,0,0,0,0,0,0,0,0,0,0,0,0,0,0,0,0,0,0,,,46030
bert_20260228023827,188060,20260109,1,2768391,espreso,703448,PPLC,Kyiv,Kiev City,1210,Shevchenkivs'kyi,33738,30.52355,50.45044,ADM3,1,1,1,1,0,0,0,0,0,0,0,1,0,1,0,0,0,0,0,0,0,0,1,0,0,,,46030
bert_20260228023827,154111,20260109,1,2768392,espreso,702550,PPLA,Lviv,L'viv,1289,L'vivs'ka,19402,24.0299,49.83932,ADM3,1,1,1,0,0,0,0,0,0,0,0,0,0,0,1,0,0,0,0,0,0,0,0,0,0,,,46030
bert_20260228023827,188040,20260109,1,2768394,espreso,703448,PPLC,Kyiv,Kiev City,1210,Shevchenkivs'kyi,33738,30.52355,50.45044,ADM3,1,0,1,0,0,1,0,0,0,0,0,0,1,0,0,0,0,0,0,0,0,0,0,0,0,,,46030
bert_20260228023827,154109,20260109,1,2768395,espreso,702550,PPLA,Lviv,L'viv,1289,L'vivs'ka,19402,24.0299,49.83932,ADM3,1,0,1,0,0,0,1,0,0,0,0,0,0,0,0,0,0,0,0,0,0,0,0,0,0,,,46030
bert_20260228023827,154114,20260109,1,2768396,espreso,702550,PPLA,Lviv,L'viv,1289,L'vivs'ka,19402,24.0299,49.83932,ADM3,1,1,1,1,0,0,0,0,0,0,0,0,0,0,1,0,0,0,0,0,0,0,0,0,0,,,46030
bert_20260228023827,51029,20260109,1,2768397,espreso,692661,PPL,Stavky,Rivne,2066,Rivnens'kyi,30583,26.14025,50.65555,ADM3,1,0,1,0,1,0,1,0,0,0,0,0,0,0,0,0,0,0,0,0,0,0,0,0,0,,,46030
bert_20260228023827,208589,20260109,1,2768398,espreso,705104,PPL,Kostiantynivka,Donets'k,655,Kostiantynivs'ka,18738,37.69368,48.53467,ADM3,1,0,1,0,1,0,0,0,0,0,1,0,0,0,0,0,0,0,0,0,0,0,0,0,0,,,46030
bert_20260228023827,221269,20260109,1,2768399,espreso,705812,PPLA,Kropyvnytskyy,Kirovohrad,1222,Kirovohrads'kyi,18226,32.26563,48.51058,ADM3,1,1,0,1,0,0,0,0,1,0,0,0,0,0,0,0,0,0,0,1,0,0,0,1,0,,,46030
bert_20260228023827,203489,20260109,1,2768400,espreso,704422,PPLA2,Pokrovsk,Donets'k,655,Krasnoarmiis'kyi,18918,37.1756,48.28035,ADM3,0,0,1,0,0,1,1,0,0,0,0,0,0,0,0,0,0,0,0,0,0,0,0,0,0,,,46030
bert_20260228023827,51030,20260109,1,2768659,liga,692661,PPL,Stavky,Rivne,2066,Rivnens'kyi,30583,26.14025,50.65555,ADM3,1,1,1,1,0,0,0,0,0,0,0,0,0,1,0,0,0,0,0,1,0,0,0,0,0,,,46030
bert_20260228023827,112334,20260109,1,2768660,liga,698740,PPLA,Odessa,Odessa,1800,Odes'ka,26260,30.73169,46.48421,ADM3,1,1,1,0,0,0,1,0,0,0,1,0,0,0,1,0,0,0,0,0,0,0,0,0,0,,,46030
bert_20260228023827,188053,20260109,1,2768661,liga,703448,PPLC,Kyiv,Kiev City,1210,Shevchenkivs'kyi,33738,30.52355,50.45044,ADM3,1,1,1,1,0,0,0,0,0,0,0,0,0,0,0,0,0,0,0,0,0,0,0,0,0,,,46030
bert_20260228023827,188041,20260109,1,2768662,liga,703448,PPLC,Kyiv,Kiev City,1210,Shevchenkivs'kyi,33738,30.52355,50.45044,ADM3,1,0,1,0,1,0,0,0,0,0,1,0,0,0,0,0,0,0,0,1,0,0,0,0,0,,,46030
bert_20260228023827,235300,20260109,1,2768663,liga,706448,PPLA,Kherson,Kherson,1195,Khersons'ka,17890,32.61496,46.64032,ADM3,1,1,1,0,0,0,0,1,1,0,0,0,0,0,0,0,0,0,0,0,0,0,0,0,0,,,46030
bert_20260228023827,89712,20260109,1,2768664,liga,696032,PPLA2,Pustomyty,L'viv,1289,Pustomytivs'kyi,29580,23.91674,49.71749,ADM1,1,1,0,1,0,0,0,0,0,0,0,1,0,0,0,0,0,0,0,0,0,0,0,0,0,,,46030
bert_20260228023827,361896,20260109,1,2768665,liga,8465680,PPL,Danylivka,Zhytomyr,2739,Volodars'ko-Volyns'kyi,39783,28.47583,50.63963,ADM1,1,1,1,0,0,0,0,0,0,0,0,1,0,0,0,0,0,0,0,0,0,0,0,0,0,,,46030
bert_20260228023827,188047,20260109,1,2768666,liga,703448,PPLC,Kyiv,Kiev City,1210,Shevchenkivs'kyi,33738,30.52355,50.45044,ADM3,1,1,1,0,0,0,0,0,0,0,0,1,0,0,0,0,0,0,0,0,0,0,0,0,0,,,46030
bert_20260228023827,154100,20260109,1,2768667,liga,702550,PPLA,Lviv,L'viv,1289,L'vivs'ka,19402,24.0299,49.83932,ADM3,1,0,0,0,0,0,0,0,0,0,0,0,0,1,0,0,0,0,0,1,0,0,0,0,0,,,46030
bert_20260228023827,188051,20260109,1,2768668,liga,703448,PPLC,Kyiv,Kiev City,1210,Shevchenkivs'kyi,33738,30.52355,50.45044,ADM3,1,1,1,0,1,0,0,0,0,0,0,1,0,0,0,0,0,0,0,0,0,0,0,0,0,,,46030
bert_20260228023827,89710,20260109,2,"2774591, 2774625","meduza, unian",696032,PPLA2,Pustomyty,L'viv,1289,Pustomytivs'kyi,29580,23.91674,49.71749,ADM1,0,0,0,0,0,0,1,0,0,0,0,0,0,0,0,0,0,0,0,0,0,0,0,0,0,,,46030
bert_20260228023827,154116,20260109,1,2774593,meduza,702550,PPLA,Lviv,L'viv,1289,L'vivs'ka,19402,24.0299,49.83932,ADM3,1,1,1,1,0,0,0,0,0,0,1,0,0,1,0,0,0,0,0,1,0,0,0,0,0,,,46030
bert_20260228023827,287086,20260109,1,2774595,meduza,709930,PPLA,Dnipro,Dnipropetrovs'k,650,Dnipropetrovs'ka,9966,35.04618,48.46472,ADM3,0,1,0,0,0,0,1,0,0,0,0,0,0,0,1,0,0,0,0,0,0,0,0,0,0,,,46030
bert_20260228023827,188032,20260109,1,2774596,meduza,703448,PPLC,Kyiv,Kiev City,1210,Shevchenkivs'kyi,33738,30.52355,50.45044,ADM3,0,0,0,0,0,1,0,0,0,0,0,0,0,0,0,0,0,0,0,1,0,0,0,0,0,,,46030
bert_20260228023827,188049,20260109,1,2774599,meduza,703448,PPLC,Kyiv,Kiev City,1210,Shevchenkivs'kyi,33738,30.52355,50.45044,ADM3,1,1,1,0,0,0,1,0,0,0,0,0,0,0,0,0,0,0,0,0,0,0,0,0,0,,,46030
bert_20260228023827,188044,20260109,1,2774600,meduza,703448,PPLC,Kyiv,Kiev City,1210,Shevchenkivs'kyi,33738,30.52355,50.45044,ADM3,1,1,0,1,0,0,0,0,0,0,0,0,0,0,0,0,0,0,0,0,0,0,0,0,0,,,46030
bert_20260228023827,188055,20260109,1,2774601,meduza,703448,PPLC,Kyiv,Kiev City,1210,Shevchenkivs'kyi,33738,30.52355,50.45044,ADM3,1,1,1,1,0,0,0,0,0,0,0,0,0,0,0,0,0,0,0,1,0,0,1,1,0,,,46030
bert_20260228023827,188061,20260109,1,2774602,meduza,703448,PPLC,Kyiv,Kiev City,1210,Shevchenkivs'kyi,33738,30.52355,50.45044,ADM3,1,1,1,1,0,0,0,0,0,0,1,0,0,1,0,0,0,0,0,1,0,0,0,1,0,,,46030
bert_20260228023827,397078,20260109,1,2774603,meduza,,,,,,,,42.17583,48.23806,ADM3,0,0,0,0,0,0,1,0,0,0,0,0,0,0,0,0,0,0,0,0,0,0,0,0,0,,,46030
bert_20260228023827,389065,20260109,1,2774604,meduza,11564392,PPL,Luch,Mykolayiv,1628,Zhovtnevyi,41330,32.22201,46.82795,ADM3,0,0,0,0,0,0,1,0,0,0,0,0,0,0,0,0,0,0,0,0,0,0,0,0,0,,,46030
bert_20260228023827,188062,20260109,1,2774605,unian,703448,PPLC,Kyiv,Kiev City,1210,Shevchenkivs'kyi,33738,30.52355,50.45044,ADM3,1,1,1,1,1,0,0,0,0,0,1,0,0,1,0,0,0,1,0,1,0,0,1,0,0,,,46030
bert_20260228023827,112332,20260109,1,2774609,unian,698740,PPLA,Odessa,Odessa,1800,Odes'ka,26260,30.73169,46.48421,ADM3,0,0,1,0,0,0,1,0,0,0,0,0,1,0,0,0,0,0,0,0,0,0,0,0,0,,,46030
bert_20260228023827,393688,20260109,1,2774610,unian,11777953,PPL,Deremezna,Kiev,1209,Obukhivs'kyi,26204,30.47662,50.02393,ADM1,1,1,1,1,0,0,0,0,0,0,1,0,0,1,1,0,0,0,0,1,0,0,0,1,0,,,46030
bert_20260228023827,154113,20260109,1,2774613,unian,702550,PPLA,Lviv,L'viv,1289,L'vivs'ka,19402,24.0299,49.83932,ADM3,1,1,1,1,0,0,0,0,0,0,0,0,0,0,0,0,0,1,0,1,0,0,0,1,0,,,46030
bert_20260228023827,373673,20260109,1,2774614,unian,9114542,PPL,Novyi,Luhans'k,1405,Krasnoluts'ka,18939,38.59081,48.49995,ADM3,1,1,1,1,0,0,0,0,0,0,0,0,0,1,0,0,0,0,0,1,0,0,0,1,0,,,46030
bert_20260228023827,188034,20260109,1,2774616,unian,703448,PPLC,Kyiv,Kiev City,1210,Shevchenkivs'kyi,33738,30.52355,50.45044,ADM3,0,0,0,0,0,1,1,0,0,0,0,0,0,0,0,0,0,0,0,1,0,0,0,1,0,,,46030
bert_20260228023827,188030,20260109,1,2774617,unian,703448,PPLC,Kyiv,Kiev City,1210,Shevchenkivs'kyi,33738,30.52355,50.45044,ADM3,1,0,0,0,0,0,1,0,0,0,0,0,0,1,0,0,0,0,0,1,0,0,0,0,0,,,46030
bert_20260228023827,188043,20260109,1,2774618,unian,703448,PPLC,Kyiv,Kiev City,1210,Shevchenkivs'kyi,33738,30.52355,50.45044,ADM3,1,1,0,0,0,0,0,0,0,0,0,0,0,0,1,0,0,0,0,0,0,0,0,0,0,,,46030
bert_20260228023827,188042,20260109,1,2774620,unian,703448,PPLC,Kyiv,Kiev City,1210,Shevchenkivs'kyi,33738,30.52355,50.45044,ADM3,1,0,1,1,0,0,0,0,0,0,1,0,0,0,0,0,0,0,0,0,0,0,0,0,0,,,46030
bert_20260228023827,154106,20260109,1,2774621,unian,702550,PPLA,Lviv,L'viv,1289,L'vivs'ka,19402,24.0299,49.83932,ADM3,0,0,1,0,0,0,0,0,0,0,0,0,0,0,0,0,0,0,0,0,0,0,0,0,0,,,46030
bert_20260228023827,373672,20260109,1,2774622,unian,9114542,PPL,Novyi,Luhans'k,1405,Krasnoluts'ka,18939,38.59081,48.49995,ADM3,0,0,0,0,0,0,1,0,0,0,0,0,0,0,0,0,0,0,0,0,0,0,0,0,0,,,46030
bert_20260228023827,363482,20260109,1,2774624,unian,8670099,PPL,Zvidky,Kharkiv,1191,Zmiïvs'kyi,41407,36.30004,49.7893,STREET,0,0,0,0,0,0,1,0,0,0,0,0,0,0,0,0,0,0,0,0,0,0,0,0,0,,,46030
bert_20260228023827,287090,20260109,1,2774626,unian,709930,PPLA,Dnipro,Dnipropetrovs'k,650,Dnipropetrovs'ka,9966,35.04618,48.46472,ADM3,1,1,1,1,0,0,0,0,1,0,1,0,0,1,0,0,0,0,0,0,0,0,0,0,0,,,46030
bert_20260228023827,89714,20260109,1,2774628,unian,696032,PPLA2,Pustomyty,L'viv,1289,Pustomytivs'kyi,29580,23.91674,49.71749,ADM1,0,1,1,1,0,0,0,0,0,0,0,0,0,0,0,0,0,0,0,0,0,0,0,0,0,,,46030
bert_20260228023827,188052,20260109,1,2774629,unian,703448,PPLC,Kyiv,Kiev City,1210,Shevchenkivs'kyi,33738,30.52355,50.45044,ADM3,0,1,1,1,0,0,0,0,0,0,0,0,0,0,1,0,0,0,1,0,0,0,0,0,0,,,46030
bert_20260228023827,319013,20260109,1,2774630,unian,712609,PPL,Bilka,Odessa,1800,Ivanivs'kyi,15842,30.40579,46.90822,ADM1,1,0,1,0,0,0,1,0,0,0,0,0,0,0,0,0,0,0,0,0,0,0,0,0,0,,,46030
bert_20260228023827,51028,20260109,1,2774632,unian,692661,PPL,Stavky,Rivne,2066,Rivnens'kyi,30583,26.14025,50.65555,ADM3,0,0,0,0,0,0,1,0,0,0,0,0,0,0,0,0,0,0,0,0,0,0,0,0,0,,,46030
bert_20260228023827,154099,20260109,1,2774633,unian,702550,PPLA,Lviv,L'viv,1289,L'vivs'ka,19402,24.0299,49.83932,ADM3,0,0,0,0,0,0,0,0,0,0,0,0,0,0,0,0,0,0,0,1,0,0,0,0,0,,,46030
bert_20260228023827,188046,20260109,1,2774634,unian,703448,PPLC,Kyiv,Kiev City,1210,Shevchenkivs'kyi,33738,30.52355,50.45044,ADM3,1,1,1,0,0,0,0,0,0,0,0,0,0,0,0,0,0,0,0,0,0,0,0,0,0,,,46030
bert_20260228023827,188045,20260109,1,2762417,liga,703448,PPLC,Kyiv,Kiev City,1210,Shevchenkivs'kyi,33738,30.52355,50.45044,ADM3,1,1,0,1,0,0,0,0,0,0,0,0,0,1,0,0,0,0,0,1,0,0,0,1,0,,,46030
bert_20260228023827,154115,20260109,1,2762418,liga,702550,PPLA,Lviv,L'viv,1289,L'vivs'ka,19402,24.0299,49.83932,ADM3,1,1,1,1,0,0,0,0,0,0,0,0,0,1,0,0,0,0,0,1,0,0,0,1,0,,,46030
bert_20260228023827,188035,20260109,1,2762419,liga,703448,PPLC,Kyiv,Kiev City,1210,Shevchenkivs'kyi,33738,30.52355,50.45044,ADM3,1,0,0,1,0,0,0,0,0,0,0,0,0,1,0,0,0,0,0,1,0,0,0,1,0,,,46030
bert_20260228023827,154105,20260109,1,2762420,liga,702550,PPLA,Lviv,L'viv,1289,L'vivs'ka,19402,24.0299,49.83932,ADM3,1,0,0,1,0,0,0,0,0,0,0,0,0,1,0,0,0,0,0,1,0,0,0,1,0,,,46030
bert_20260228023827,154102,20260109,1,2762422,liga,702550,PPLA,Lviv,L'viv,1289,L'vivs'ka,19402,24.0299,49.83932,ADM3,1,0,0,0,0,0,1,0,0,0,0,0,0,0,0,0,0,0,0,0,0,0,0,0,0,,,46030
bert_20260228023827,188029,20260109,1,2762423,liga,703448,PPLC,Kyiv,Kiev City,1210,Shevchenkivs'kyi,33738,30.52355,50.45044,ADM3,1,0,0,0,0,0,1,0,0,0,0,0,0,0,0,0,0,0,0,0,0,0,0,0,0,,,46030
bert_20260228023827,393685,20260109,1,2768370,unian,11777953,PPL,Deremezna,Kiev,1209,Obukhivs'kyi,26204,30.47662,50.02393,ADM1,0,0,0,0,0,0,1,0,0,0,0,0,0,0,0,0,0,0,0,0,0,0,0,0,0,,,46030
bert_20260228023827,394067,20260109,1,2768371,unian,11902779,PPLX,Vilnius Quarter,Chernihiv,498,Ripkyns'kyi,30555,30.75488,51.52166,ADM3,0,0,0,0,0,0,1,0,0,0,0,0,0,0,0,0,0,0,0,0,0,0,0,0,0,,,46030
bert_20260228023827,203491,20260109,1,2768374,unian,704422,PPLA2,Pokrovsk,Donets'k,655,Krasnoarmiis'kyi,18918,37.1756,48.28035,ADM3,1,1,0,1,0,0,0,0,0,0,0,0,0,0,0,0,0,0,0,1,0,0,0,1,0,,,46030
bert_20260228023827,188039,20260109,1,2768376,unian,703448,PPLC,Kyiv,Kiev City,1210,Shevchenkivs'kyi,33738,30.52355,50.45044,ADM3,1,0,1,0,0,0,1,0,0,0,1,0,0,0,0,0,0,0,0,0,0,0,0,0,0,,,46030
bert_20260228023827,188064,20260110,6,"2896108, 2781202, 2780853, 2780855, 2780856, 2780859","liga, unian",703448,PPLC,Kyiv,Kiev City,1210,Shevchenkivs'kyi,33738,30.52355,50.45044,ADM3,0,0,0,0,0,0,1,0,0,0,0,0,0,0,0,0,0,0,0,0,0,0,0,0,0,,,46031
bert_20260228023827,29686,20260110,1,2870278,liga,689103,PPL,Volovytsia,Chernihiv,498,Borznians'kyi,5262,32.00406,51.35543,ADM1,0,0,0,0,0,1,0,0,0,0,0,0,0,0,0,0,0,0,0,0,0,0,0,0,0,,,46031
bert_20260228023827,188065,20260110,1,2870279,liga,703448,PPLC,Kyiv,Kiev City,1210,Shevchenkivs'kyi,33738,30.52355,50.45044,ADM3,0,0,0,0,0,1,0,0,0,0,0,0,0,0,0,0,0,0,0,0,0,0,0,0,0,,,46031
bert_20260228023827,188075,20260110,2,"2863971, 2825958",liga,703448,PPLC,Kyiv,Kiev City,1210,Shevchenkivs'kyi,33738,30.52355,50.45044,ADM3,1,1,1,1,0,0,0,0,0,0,0,0,0,0,0,0,0,0,0,1,0,0,0,1,0,,,46031
bert_20260228023827,188078,20260110,1,2857706,liga,703448,PPLC,Kyiv,Kiev City,1210,Shevchenkivs'kyi,33738,30.52355,50.45044,ADM3,1,1,1,1,0,0,0,0,0,0,0,0,0,1,0,0,0,0,0,1,0,0,0,0,0,,,46031
bert_20260228023827,154118,20260110,1,2851412,liga,702550,PPLA,Lviv,L'viv,1289,L'vivs'ka,19402,24.0299,49.83932,ADM3,0,0,0,0,0,1,1,0,0,0,0,0,0,0,0,0,0,0,0,0,0,0,0,0,0,,,46031
bert_20260228023827,188066,20260110,1,2851413,liga,703448,PPLC,Kyiv,Kiev City,1210,Shevchenkivs'kyi,33738,30.52355,50.45044,ADM3,0,0,0,0,0,1,1,0,0,0,0,0,0,0,0,0,0,0,0,0,0,0,0,0,0,,,46031
bert_20260228023827,112338,20260110,1,2845114,liga,698740,PPLA,Odessa,Odessa,1800,Odes'ka,26260,30.73169,46.48421,ADM3,1,0,0,0,0,0,1,0,0,0,0,0,0,0,0,0,0,0,0,0,0,0,0,0,0,,,46031
bert_20260228023827,112337,20260110,1,2838720,liga,698740,PPLA,Odessa,Odessa,1800,Odes'ka,26260,30.73169,46.48421,ADM3,0,0,0,0,0,0,1,0,0,0,0,0,0,0,0,0,0,0,0,1,0,0,0,0,0,,,46031
bert_20260228023827,359351,20260110,1,2832352,liga,8281918,PPL,Posich,Transcarpathia,2491,Khusts'kyi,18005,23.41312,48.22076,ADM1,0,0,0,0,0,1,1,0,0,0,0,0,0,0,0,0,0,0,0,0,0,0,0,0,0,,,46031
bert_20260228023827,188067,20260110,1,2825957,liga,703448,PPLC,Kyiv,Kiev City,1210,Shevchenkivs'kyi,33738,30.52355,50.45044,ADM3,0,0,1,0,0,0,0,0,0,0,0,0,0,0,0,0,0,0,0,1,0,0,0,0,0,,,46031
bert_20260228023827,112341,20260110,1,2819526,liga,698740,PPLA,Odessa,Odessa,1800,Odes'ka,26260,30.73169,46.48421,ADM3,0,1,1,0,0,0,0,0,0,0,0,0,0,0,0,0,0,0,0,0,0,0,0,0,0,,,46031
bert_20260228023827,188063,20260110,2,"2819527, 2780860","liga, unian",703448,PPLC,Kyiv,Kiev City,1210,Shevchenkivs'kyi,33738,30.52355,50.45044,ADM3,0,0,0,0,0,0,0,0,0,0,0,0,0,0,0,0,0,0,0,0,0,0,0,0,0,,,46031
bert_20260228023827,154117,20260110,1,2806788,liga,702550,PPLA,Lviv,L'viv,1289,L'vivs'ka,19402,24.0299,49.83932,ADM3,0,0,0,0,0,0,1,0,0,0,0,0,0,0,0,0,0,0,0,0,0,0,0,0,0,,,46031
bert_20260228023827,188068,20260110,4,"2787615, 2787654, 2787655, 2787658",liveuamap,703448,PPLC,Kyiv,Kiev City,1210,Shevchenkivs'kyi,33738,30.52716,50.44856,ADM3,1,0,1,0,0,0,0,0,0,0,0,0,0,0,0,1,0,0,0,0,0,0,0,0,0,,,46031
bert_20260228023827,82404,20260110,1,2787616,liveuamap,695094,PPLX,Ruttschenkowo,Donets'k,655,Donets'ka,10139,37.67529,47.95508,ADM1,1,1,1,1,0,0,0,0,0,0,0,0,0,0,0,1,0,0,0,0,0,0,0,0,0,,,46031
bert_20260228023827,188077,20260110,1,2787617,liveuamap,703448,PPLC,Kyiv,Kiev City,1210,Shevchenkivs'kyi,33738,30.52355,50.45044,ADM3,1,1,1,1,0,0,0,0,0,0,0,0,0,0,1,1,0,0,0,0,0,0,1,0,0,,,46031
bert_20260228023827,19264,20260110,1,2787618,liveuamap,687700,PPLA,Zaporizhzhya,Zaporizhzhya,2730,Zaporiz'ka,41153,35.13885,47.83831,ADM3,1,1,1,1,0,0,0,1,0,0,1,0,0,1,0,0,0,0,0,0,0,0,0,0,0,,,46031
bert_20260228023827,250163,20260110,1,2787619,liveuamap,706483,PPLA,Kharkiv,Kharkiv,1191,Kharkivs'ka,17850,36.2312,49.99217,ADM3,1,1,1,1,0,0,0,0,0,0,0,0,0,1,0,0,0,0,0,1,0,0,0,1,0,,,46031
bert_20260228023827,378980,20260110,1,2787620,liveuamap,9982339,PPL,Port,Odessa,1800,Kominternivs'kyi,18555,31.00479,46.72451,ADM3,1,1,1,1,0,0,0,1,1,0,0,0,0,1,0,0,0,0,0,1,0,0,0,0,0,,,46031
bert_20260228023827,112343,20260110,1,2787622,liveuamap,698740,PPLA,Odessa,Odessa,1800,Odes'ka,26260,30.73169,46.48421,ADM3,1,1,1,1,0,0,0,1,1,0,0,0,0,1,0,0,0,0,0,1,0,0,0,0,0,,,46031
bert_20260228023827,112340,20260110,1,2787623,liveuamap,698740,PPLA,Odessa,Odessa,1800,Odes'ka,26260,30.73169,46.48421,ADM3,1,1,0,1,0,0,0,0,0,0,1,0,0,0,0,0,0,0,0,1,0,0,0,1,0,,,46031
bert_20260228023827,154122,20260110,1,2787624,liveuamap,702550,PPLA,Lviv,L'viv,1289,L'vivs'ka,19402,24.0299,49.83932,ADM3,1,1,1,1,0,0,0,0,0,0,1,0,0,0,0,0,0,0,0,1,0,0,0,0,0,,,46031
bert_20260228023827,235306,20260110,1,2787625,liveuamap,706448,PPLA,Kherson,Kherson,1195,Khersons'ka,17890,32.61496,46.64032,ADM3,1,1,1,0,0,0,0,0,0,0,0,0,0,0,0,0,0,0,0,1,0,0,0,0,0,,,46031
bert_20260228023827,188070,20260110,1,2787626,liveuamap,703448,PPLC,Kyiv,Kiev City,1210,Shevchenkivs'kyi,33738,30.52355,50.45044,ADM3,1,1,0,0,1,0,0,0,0,0,1,0,0,0,0,0,1,0,0,0,0,0,0,0,0,,,46031
bert_20260228023827,360751,20260110,1,2787627,liveuamap,8438363,PPL,Zelene,Rivne,2066,Dubens'kyi,10348,25.77252,50.45812,ADM3,1,0,0,0,0,0,0,0,0,0,0,0,0,0,0,0,1,1,0,1,0,0,0,0,0,,,46031
bert_20260228023827,19260,20260110,1,2787628,liveuamap,687700,PPLA,Zaporizhzhya,Zaporizhzhya,2730,Zaporiz'ka,41153,35.13885,47.83831,ADM3,1,0,0,0,0,0,0,0,0,0,0,0,0,0,0,0,1,1,0,1,0,0,0,0,0,,,46031
bert_20260228023827,268918,20260110,1,2787629,liveuamap,709671,PPL,Dorozhnianka,Zaporizhzhya,2730,Huliaipil's'kyi,14713,36.25694,47.58659,ADM3,1,0,0,0,0,0,0,0,0,0,0,0,0,0,0,0,1,1,0,0,0,0,0,0,0,,,46031
bert_20260228023827,19259,20260110,1,2787630,liveuamap,687700,PPLA,Zaporizhzhya,Zaporizhzhya,2730,Zaporiz'ka,41153,35.13885,47.83831,ADM3,1,0,0,0,0,0,0,0,0,0,0,0,0,0,0,0,1,1,0,0,0,0,0,0,0,,,46031
bert_20260228023827,6492,20260110,1,2787631,liveuamap,687557,PPL,Zatoka,Odessa,1800,Bilhorod-Dnistrovs'kyi,4609,30.45033,46.06396,ADM3,1,0,0,0,0,0,0,0,0,0,0,0,0,0,0,0,1,1,0,0,0,0,0,0,0,,,46031
bert_20260228023827,319015,20260110,1,2787632,liveuamap,712609,PPL,Bilka,Odessa,1800,Ivanivs'kyi,15842,30.40579,46.90822,ADM1,1,0,0,0,0,0,0,0,0,0,0,0,0,0,0,0,1,1,0,0,0,0,0,0,0,,,46031
bert_20260228023827,208592,20260110,1,2787633,liveuamap,705104,PPL,Kostiantynivka,Donets'k,655,Kostiantynivs'ka,18738,37.69368,48.53467,ADM3,0,0,1,0,0,0,1,0,0,0,0,0,0,0,0,0,0,0,0,0,0,0,0,0,0,,,46031
bert_20260228023827,257463,20260110,1,2787634,liveuamap,707464,PPL,Ivanopillia,Donets'k,655,Kostiantynivs'kyi,18739,37.76439,48.47357,ADM3,0,0,1,0,0,0,1,0,0,0,0,0,0,0,0,0,0,0,0,0,0,0,0,0,0,,,46031
bert_20260228023827,203494,20260110,1,2787635,liveuamap,704422,PPLA2,Pokrovsk,Donets'k,655,Krasnoarmiis'kyi,18918,37.1756,48.28035,ADM3,1,0,0,0,0,0,0,0,0,1,0,0,0,0,0,0,0,0,0,0,0,0,0,0,0,,,46031
bert_20260228023827,197342,20260110,1,2787636,liveuamap,704204,PPL,Lyman,Donets'k,655,Krasnolymans'kyi,18941,37.82245,48.96409,ADM3,1,0,0,0,0,0,0,0,0,1,0,0,0,0,0,0,0,0,0,0,0,0,0,0,0,,,46031
bert_20260228023827,287930,20260110,1,2787637,liveuamap,710035,PPLA2,Myrnohrad,Donets'k,655,Krasnoarmiis'ka,18917,37.26806,48.29097,ADM3,1,0,0,0,0,0,0,0,0,1,0,0,0,0,0,0,0,0,0,0,0,0,0,0,0,,,46031
bert_20260228023827,192405,20260110,1,2787639,liveuamap,703656,PPLA2,Kupiansk,Kharkiv,1191,Kupians'ka,19188,37.61478,49.7108,ADM3,1,1,1,0,0,0,1,0,0,0,0,0,0,0,1,0,0,0,0,0,0,0,0,0,0,,,46031
bert_20260228023827,197343,20260110,1,2787641,liveuamap,704204,PPL,Lyman,Donets'k,655,Krasnolymans'kyi,18941,37.82245,48.96409,ADM3,1,1,1,1,0,0,0,0,0,0,0,0,0,0,0,0,0,0,0,0,0,0,0,0,0,,,46031
bert_20260228023827,57691,20260110,1,2787643,liveuamap,693468,PPL,Sloviansk,Donets'k,655,Slovians'ka,34511,37.60582,48.85227,ADM3,1,1,1,1,0,0,0,0,0,0,0,0,0,1,0,0,0,0,0,1,0,0,0,1,0,,,46031
bert_20260228023827,100677,20260110,1,2787644,liveuamap,698020,PPL,Pankivka,Luhans'k,1405,Luhans'ka,20910,39.34878,48.69979,ADM3,1,1,1,1,0,0,0,0,0,0,0,0,0,1,0,0,0,0,0,1,0,0,0,1,0,,,46031
bert_20260228023827,261512,20260110,1,2787645,liveuamap,707898,PPLA2,Hulyaypole,Zaporizhzhya,2730,Huliaipil's'kyi,14713,36.25322,47.66644,ADM3,0,0,0,0,0,0,1,0,0,0,0,0,0,0,0,0,0,0,0,0,0,0,0,0,0,,,46031
bert_20260228023827,235307,20260110,1,2787647,liveuamap,706448,PPLA,Kherson,Kherson,1195,Khersons'ka,17890,32.61496,46.64032,ADM3,1,1,1,0,1,0,0,0,0,0,1,0,0,0,0,0,0,1,0,1,0,0,0,0,0,,,46031
bert_20260228023827,360522,20260110,1,2787648,liveuamap,8419787,PPL,Zakumske,Sumy,2356,Sums'kyi,35426,34.64912,50.95537,ADM2,1,1,1,1,0,0,0,0,1,0,0,0,0,0,0,0,0,0,0,1,0,0,0,0,0,,,46031
bert_20260228023827,188071,20260110,1,2787649,liveuamap,703448,PPLC,Kyiv,Kiev City,1210,Shevchenkivs'kyi,33738,30.52355,50.45044,ADM3,0,1,0,1,0,0,0,0,0,0,0,0,0,0,0,0,0,0,0,0,0,0,0,0,0,,,46031
bert_20260228023827,235304,20260110,1,2787650,liveuamap,706448,PPLA,Kherson,Kherson,1195,Khersons'ka,17890,32.61496,46.64032,ADM3,1,0,0,0,0,0,1,0,0,0,1,0,0,0,0,0,0,1,0,1,0,0,0,0,0,,,46031
bert_20260228023827,131255,20260110,1,2787651,liveuamap,700569,PPLA,Mykolayiv,Mykolayiv,1628,Mykola‹vs'ka,24267,31.99381,46.97557,ADM3,1,0,0,0,0,0,1,0,0,0,1,0,0,0,0,0,0,1,0,1,0,0,0,0,0,,,46031
bert_20260228023827,154119,20260110,2,"2787652, 2787661",liveuamap,702550,PPLA,Lviv,L'viv,1289,L'vivs'ka,19402,24.0299,49.83932,ADM3,1,0,1,0,0,0,0,0,0,0,0,0,0,0,0,1,0,0,0,0,0,0,0,0,0,,,46031
bert_20260228023827,307069,20260110,2,"2787653, 2787657",liveuamap,711562,PPL,Bortnychi,Kiev City,1210,Darnyts'kyi,9350,30.69594,50.40952,STREET,1,0,1,0,0,0,0,0,0,0,0,0,0,0,0,1,0,0,0,0,0,0,0,0,0,,,46031
bert_20260228023827,52705,20260110,1,2787656,liveuamap,692909,PPLX,Stara Darnytsya,Kiev City,1210,Dniprovs'kyi,9968,30.63588,50.4576,ADM3,1,0,1,0,0,0,0,0,0,0,0,0,0,0,0,1,0,0,0,0,0,0,0,0,0,,,46031
bert_20260228023827,89717,20260110,1,2787659,liveuamap,696032,PPLA2,Pustomyty,L'viv,1289,Pustomytivs'kyi,29580,23.91674,49.71749,ADM1,1,0,1,0,0,0,0,0,0,0,0,0,0,0,0,1,0,0,0,0,0,0,0,0,0,,,46031
bert_20260228023827,154121,20260110,1,2787662,liveuamap,702550,PPLA,Lviv,L'viv,1289,L'vivs'ka,19402,24.0299,49.83932,ADM3,1,1,1,1,0,0,0,0,0,0,0,0,0,0,0,1,0,0,0,0,0,0,1,0,0,,,46031
bert_20260228023827,188076,20260110,1,2787663,liveuamap,703448,PPLC,Kyiv,Kiev City,1210,Shevchenkivs'kyi,33738,30.52355,50.45044,ADM3,1,1,1,1,0,0,0,0,0,0,0,0,0,0,0,1,0,0,0,0,0,0,0,0,0,,,46031
bert_20260228023827,397080,20260110,1,2787664,liveuamap,,,,,,,,36.58734,50.59556,ADM3,1,1,1,1,0,0,0,0,1,0,0,0,0,0,0,0,0,0,0,0,0,0,0,0,0,,,46031
bert_20260228023827,188079,20260110,1,2787665,liveuamap,703448,PPLC,Kyiv,Kiev City,1210,Shevchenkivs'kyi,33738,30.52355,50.45044,ADM3,1,1,1,1,0,0,0,1,0,0,1,0,0,0,0,0,0,0,0,0,0,0,0,0,0,,,46031
bert_20260228023827,376119,20260110,1,2787667,liveuamap,9115777,PPL,Fedorivka,Donets'k,655,Horlivs'ka,14516,38.00254,48.30608,ADM3,1,1,1,0,1,0,0,1,0,0,1,0,0,0,0,0,0,1,0,1,0,0,0,0,0,,,46031
bert_20260228023827,287094,20260110,1,2787668,liveuamap,709930,PPLA,Dnipro,Dnipropetrovs'k,650,Dnipropetrovs'ka,9966,35.04618,48.46472,ADM3,1,1,1,0,1,0,0,0,0,0,1,0,0,0,0,0,0,1,0,1,0,0,0,0,0,,,46031
bert_20260228023827,19263,20260110,1,2787669,liveuamap,687700,PPLA,Zaporizhzhya,Zaporizhzhya,2730,Zaporiz'ka,41153,35.13885,47.83831,ADM3,1,1,1,1,0,0,0,0,0,0,0,0,0,1,0,0,0,0,0,1,0,0,0,0,0,,,46031
bert_20260228023827,95479,20260110,1,2787670,liveuamap,697135,PPL,Pivdenne,Kharkiv,1191,Kharkivs'kyi,17851,36.06665,49.88474,ADM3,1,1,0,1,0,0,0,0,0,0,1,0,0,1,0,0,0,0,0,1,0,0,0,1,0,,,46031
bert_20260228023827,319016,20260110,1,2787671,liveuamap,712609,PPL,Bilka,Odessa,1800,Ivanivs'kyi,15842,30.40579,46.90822,ADM1,1,1,0,1,0,0,0,0,0,0,1,0,0,1,0,0,0,0,0,1,0,0,0,1,0,,,46031
bert_20260228023827,235303,20260110,1,2787672,liveuamap,706448,PPLA,Kherson,Kherson,1195,Khersons'ka,17890,32.61496,46.64032,ADM3,0,0,0,0,0,0,0,0,0,0,0,0,0,0,0,0,0,0,0,0,0,0,0,0,0,,,46031
bert_20260228023827,112339,20260110,1,2787673,liveuamap,698740,PPLA,Odessa,Odessa,1800,Odes'ka,26260,30.73169,46.48421,ADM3,1,0,1,0,0,0,0,0,0,0,0,0,0,0,0,1,0,0,0,0,0,0,0,0,0,,,46031
bert_20260228023827,250162,20260110,1,2787674,liveuamap,706483,PPLA,Kharkiv,Kharkiv,1191,Kharkivs'ka,17850,36.2312,49.99217,ADM3,1,0,1,0,0,0,0,0,0,0,0,0,0,0,0,1,0,0,0,0,0,0,0,0,0,,,46031
bert_20260228023827,32662,20260110,1,2787675,liveuamap,689304,PPLA2,Vovchansk,Kharkiv,1191,Vovchans'kyi,39837,36.9368,50.29401,ADM3,1,0,1,0,0,0,0,0,0,0,0,0,0,0,0,1,0,0,0,0,0,0,0,0,0,,,46031
bert_20260228023827,44036,20260110,1,2787676,liveuamap,691606,PPL,Terny,Sumy,2356,Nedryhailivs'kyi,25039,33.98346,50.99407,ADM3,1,0,1,0,0,0,0,0,0,0,0,0,0,0,0,1,0,0,0,0,0,0,0,0,0,,,46031
bert_20260228023827,55606,20260110,1,2787677,liveuamap,693065,PPLX,Sotsmisto,Donets'k,655,Kramators'ka,18898,37.5844,48.73898,ADM3,1,0,1,0,0,0,0,0,0,0,0,0,0,0,0,1,0,0,0,0,0,0,0,0,0,,,46031
bert_20260228023827,208591,20260110,1,2787678,liveuamap,705104,PPL,Kostiantynivka,Donets'k,655,Kostiantynivs'ka,18738,37.69368,48.53467,ADM3,1,0,1,0,0,0,0,0,0,0,0,0,0,0,0,1,0,0,0,0,0,0,0,0,0,,,46031
bert_20260228023827,387939,20260110,1,2787679,liveuamap,11151973,PPL,Stepove,Dnipropetrovs'k,650,Krynychans'kyi,19030,34.53593,48.44595,ADM3,1,0,1,0,0,0,0,0,0,0,0,0,0,0,0,1,0,0,0,0,0,0,0,0,0,,,46031
bert_20260228023827,261513,20260110,1,2787680,liveuamap,707898,PPLA2,Hulyaypole,Zaporizhzhya,2730,Huliaipil's'kyi,14713,36.25322,47.66644,ADM3,1,0,1,0,0,0,0,0,0,0,0,0,0,0,0,1,0,0,0,0,0,0,0,0,0,,,46031
bert_20260228023827,313839,20260110,1,2787682,liveuamap,712582,PPLA2,Bilohirya,Khmel'nyts'kyy,1196,Bilohirs'kyi,4619,26.41185,50.00143,ADM3,1,0,1,0,0,0,0,0,0,0,0,0,0,0,0,1,0,0,0,0,0,0,0,0,0,,,46031
bert_20260228023827,217410,20260110,1,2787683,liveuamap,705408,PPL,Kolodiazi,Donets'k,655,Krasnolymans'kyi,18941,37.88154,49.08314,ADM3,1,0,1,0,0,0,0,0,0,0,0,0,0,0,0,1,0,0,0,0,0,0,0,0,0,,,46031
bert_20260228023827,235308,20260110,1,2787684,liveuamap,706448,PPLA,Kherson,Kherson,1195,Khersons'ka,17890,32.61496,46.64032,ADM3,1,1,1,1,0,0,0,0,0,0,0,0,0,0,0,1,0,0,0,0,0,0,0,0,0,,,46031
bert_20260228023827,203497,20260110,1,2787685,liveuamap,704422,PPLA2,Pokrovsk,Donets'k,655,Krasnoarmiis'kyi,18918,37.1756,48.28035,ADM3,1,1,1,1,0,0,0,0,0,0,0,0,0,0,0,1,0,0,0,0,0,0,0,0,0,,,46031
bert_20260228023827,287931,20260110,1,2787686,liveuamap,710035,PPLA2,Myrnohrad,Donets'k,655,Krasnoarmiis'ka,18917,37.26806,48.29097,ADM3,1,1,1,1,0,0,0,0,0,0,0,0,0,0,0,1,0,0,0,0,0,0,0,0,0,,,46031
bert_20260228023827,304916,20260110,1,2787688,liveuamap,710925,PPL,Charivne,Zaporizhzhya,2730,Orikhivs'kyi,26748,36.03595,47.58161,ADM3,1,0,1,0,0,0,0,0,0,0,0,0,0,0,0,1,0,0,0,0,0,0,0,0,0,,,46031
bert_20260228023827,19261,20260110,1,2787689,liveuamap,687700,PPLA,Zaporizhzhya,Zaporizhzhya,2730,Zaporiz'ka,41153,35.13885,47.83831,ADM3,1,0,1,0,0,0,0,0,0,0,0,0,0,0,0,1,0,0,0,0,0,0,0,0,0,,,46031
bert_20260228023827,192404,20260110,1,2787690,liveuamap,703656,PPLA2,Kupiansk,Kharkiv,1191,Kupians'ka,19188,37.61478,49.7108,ADM3,1,1,0,0,1,0,0,0,0,0,1,0,0,0,0,0,0,0,0,0,0,0,0,0,0,,,46031
bert_20260228023827,57690,20260110,1,2787692,liveuamap,693468,PPL,Sloviansk,Donets'k,655,Slovians'ka,34511,37.60582,48.85227,ADM3,1,0,0,0,0,0,0,0,0,0,0,0,0,0,0,0,0,0,0,0,0,0,0,0,0,,,46031
bert_20260228023827,100676,20260110,1,2787693,liveuamap,698020,PPL,Pankivka,Luhans'k,1405,Luhans'ka,20910,39.34878,48.69979,ADM3,1,0,0,0,0,0,0,0,0,0,0,0,0,0,0,0,0,0,0,0,0,0,0,0,0,,,46031
bert_20260228023827,50087,20260110,1,2787694,liveuamap,692248,PPL,Stepnohirsk,Zaporizhzhya,2730,Vasylivs'kyi,39200,35.36408,47.58871,ADM3,1,1,1,1,0,0,0,1,0,0,1,0,0,0,0,0,0,0,0,0,0,0,0,0,0,,,46031
bert_20260228023827,381230,20260110,1,2787695,liveuamap,10323759,PPLX,Cheremushky,Donets'k,655,Mariupol's'ka,22073,37.50564,47.07557,ADM3,1,1,1,1,0,0,0,1,0,0,1,0,0,0,0,0,0,0,0,0,0,0,0,0,0,,,46031
bert_20260228023827,235305,20260110,1,2787696,liveuamap,706448,PPLA,Kherson,Kherson,1195,Khersons'ka,17890,32.61496,46.64032,ADM3,1,1,0,0,0,0,0,0,0,0,1,0,0,0,0,0,0,0,0,0,0,0,0,0,0,,,46031
bert_20260228023827,131257,20260110,1,2787697,liveuamap,700569,PPLA,Mykolayiv,Mykolayiv,1628,Mykola‹vs'ka,24267,31.99381,46.97557,ADM3,1,1,0,0,0,0,0,0,0,0,1,0,0,0,0,0,0,0,0,0,0,0,0,0,0,,,46031
bert_20260228023827,345570,20260110,1,2780861,unian,805500,PPL,Voronyne,Sumy,2356,Bilopils'kyi,4621,34.12376,51.10624,ADM1,1,1,1,1,1,0,0,0,0,0,0,0,0,0,1,1,0,0,1,0,0,0,0,0,0,,,46031
bert_20260228023827,290120,20260110,1,2780862,unian,710514,PPL,Oskil,Kharkiv,1191,Iziums'kyi,15939,37.42799,49.17401,STREET,1,1,1,1,1,0,0,0,0,0,0,0,0,1,1,0,0,0,1,0,0,0,0,0,0,,,46031
bert_20260228023827,217138,20260110,1,2780863,unian,705183,PPL,Slobozhans'ke,Kharkiv,1191,Zmiïvs'kyi,41407,36.50512,49.61494,ADM1,1,1,1,1,1,0,0,0,0,0,0,0,0,1,1,0,0,0,1,0,0,0,0,0,0,,,46031
bert_20260228023827,357643,20260110,1,2781203,liga,8250815,PPL,Karpaty,Transcarpathia,2491,Mukachivs'kyi,24017,22.8742,48.52159,ADM3,1,1,1,0,0,0,1,0,1,0,0,0,0,0,0,0,0,1,0,1,0,0,0,0,0,,,46031
bert_20260228023827,203495,20260110,1,2774645,espreso,704422,PPLA2,Pokrovsk,Donets'k,655,Krasnoarmiis'kyi,18918,37.1756,48.28035,ADM3,0,0,1,0,1,0,0,0,0,0,0,0,0,0,1,0,0,0,0,0,0,0,0,0,0,,,46031
bert_20260228023827,19262,20260110,1,2774646,espreso,687700,PPLA,Zaporizhzhya,Zaporizhzhya,2730,Zaporiz'ka,41153,35.13885,47.83831,ADM3,1,1,0,1,0,0,0,0,0,0,0,0,0,0,0,0,0,0,0,1,0,0,0,1,0,,,46031
bert_20260228023827,82405,20260110,1,2774647,espreso,695094,PPLX,Ruttschenkowo,Donets'k,655,Donets'ka,10139,37.67529,47.95508,ADM1,1,1,1,1,0,0,0,0,0,0,1,0,0,1,0,0,0,0,0,1,0,0,0,1,0,,,46031
bert_20260228023827,287093,20260110,1,2774648,espreso,709930,PPLA,Dnipro,Dnipropetrovs'k,650,Dnipropetrovs'ka,9966,35.04618,48.46472,ADM3,0,0,1,0,0,0,1,0,0,0,0,0,0,0,0,0,0,0,0,0,0,0,0,0,0,,,46031
bert_20260228023827,131256,20260110,1,2774649,espreso,700569,PPLA,Mykolayiv,Mykolayiv,1628,Mykola‹vs'ka,24267,31.99381,46.97557,ADM3,0,0,0,0,0,1,1,0,0,0,0,0,0,0,0,0,0,0,0,0,0,0,0,0,0,,,46031
bert_20260228023827,158386,20260110,1,2774650,espreso,702760,PPLA2,Lozova,Kharkiv,1191,Lozivs'ka,20811,36.31137,48.89005,ADM3,0,0,0,0,0,1,1,0,0,0,0,0,0,0,0,0,0,0,0,0,0,0,0,0,0,,,46031
bert_20260228023827,217137,20260110,1,2774651,espreso,705183,PPL,Slobozhans'ke,Kharkiv,1191,Zmiïvs'kyi,41407,36.50512,49.61494,ADM1,0,0,0,0,0,1,1,0,0,0,0,0,0,0,0,0,0,0,0,0,0,0,0,0,0,,,46031
bert_20260228023827,203496,20260110,1,2774652,espreso,704422,PPLA2,Pokrovsk,Donets'k,655,Krasnoarmiis'kyi,18918,37.1756,48.28035,ADM3,1,1,1,0,1,0,0,0,0,0,1,0,0,0,0,0,0,0,0,0,0,0,0,0,0,,,46031
bert_20260228023827,258260,20260110,1,2774921,liga,707471,PPLA,Ivano-Frankivsk,Ivano-Frankivs'k,1023,Ivano-Frankivs'ka,15846,24.71116,48.92268,ADM3,1,0,1,0,0,0,0,1,0,0,0,0,0,0,0,0,0,0,0,0,0,0,0,0,0,,,46031
bert_20260228023827,188073,20260110,1,2774922,liga,703448,PPLC,Kyiv,Kiev City,1210,Shevchenkivs'kyi,33738,30.52355,50.45044,ADM3,1,1,0,1,0,1,0,0,0,0,0,0,0,0,1,0,0,0,1,0,0,0,0,0,0,,,46031
bert_20260228023827,112342,20260110,1,2774923,liga,698740,PPLA,Odessa,Odessa,1800,Odes'ka,26260,30.73169,46.48421,ADM3,1,1,1,0,0,0,0,0,0,0,0,0,0,0,0,0,0,0,0,0,0,0,0,0,0,,,46031
bert_20260228023827,287092,20260110,1,2774924,liga,709930,PPLA,Dnipro,Dnipropetrovs'k,650,Dnipropetrovs'ka,9966,35.04618,48.46472,ADM3,1,0,0,0,0,0,0,0,0,0,0,0,0,0,0,1,0,0,0,0,0,0,0,0,0,,,46031
bert_20260228023827,306860,20260110,1,2774925,liga,711503,PPLX,Bazhanovo,Dnipropetrovs'k,650,KryvyiRig,19033,33.436,47.96127,ADM3,1,0,0,0,0,0,0,0,0,0,0,0,0,0,0,1,0,0,0,0,0,0,0,0,0,,,46031
bert_20260228023827,188069,20260110,1,2774926,liga,703448,PPLC,Kyiv,Kiev City,1210,Shevchenkivs'kyi,33738,30.52355,50.45044,ADM3,1,0,1,0,1,0,0,0,0,0,0,0,0,0,0,0,0,0,0,1,0,0,0,0,0,,,46031
bert_20260228023827,287095,20260110,1,2780849,unian,709930,PPLA,Dnipro,Dnipropetrovs'k,650,Dnipropetrovs'ka,9966,35.04618,48.46472,ADM3,1,1,1,1,0,0,0,0,0,0,0,0,0,0,0,0,0,0,0,0,0,0,0,0,0,,,46031
bert_20260228023827,188074,20260110,1,2780850,unian,703448,PPLC,Kyiv,Kiev City,1210,Shevchenkivs'kyi,33738,30.52355,50.45044,ADM3,1,1,1,1,0,0,0,0,0,0,0,0,0,0,0,0,0,0,0,0,0,0,0,0,0,,,46031
bert_20260228023827,154120,20260110,1,2780851,unian,702550,PPLA,Lviv,L'viv,1289,L'vivs'ka,19402,24.0299,49.83932,ADM3,0,0,1,0,0,0,1,0,0,0,0,0,0,0,0,0,0,0,0,0,0,0,0,0,0,,,46031
bert_20260228023827,188072,20260110,1,2780852,unian,703448,PPLC,Kyiv,Kiev City,1210,Shevchenkivs'kyi,33738,30.52355,50.45044,ADM3,1,1,0,1,0,0,0,0,0,0,0,0,0,0,0,0,0,0,0,1,0,0,0,0,0,,,46031
bert_20260228023827,89716,20260110,1,2780854,unian,696032,PPLA2,Pustomyty,L'viv,1289,Pustomytivs'kyi,29580,23.91674,49.71749,ADM1,0,0,0,0,0,0,1,0,0,0,0,0,0,0,0,0,0,0,0,0,0,0,0,0,0,,,46031
bert_20260228023827,38219,20260110,1,2780857,unian,690773,PPL,Ukrainka,Kiev,1209,Obukhivs'kyi,26204,30.74207,50.15372,ADM3,1,1,1,1,0,0,0,0,0,0,0,0,0,0,0,0,0,0,0,0,0,0,0,0,0,,,46031
bert_20260228023827,357642,20260110,1,2780858,unian,8250815,PPL,Karpaty,Transcarpathia,2491,Mukachivs'kyi,24017,22.8742,48.52159,ADM3,0,1,1,0,0,0,1,0,0,0,0,0,0,0,0,0,0,0,0,0,0,0,0,0,0,,,46031
bert_20260228023827,188096,20260111,1,2946685,liga,703448,PPLC,Kyiv,Kiev City,1210,Shevchenkivs'kyi,33738,30.52355,50.45044,ADM3,1,1,1,1,0,0,0,0,0,0,0,0,0,0,0,0,0,0,0,1,0,0,0,0,0,,,46032
bert_20260228023827,188082,20260111,2,"2896113, 2787167","liga, unian",703448,PPLC,Kyiv,Kiev City,1210,Shevchenkivs'kyi,33738,30.52355,50.45044,ADM3,0,0,0,0,0,0,1,0,0,0,0,0,0,0,0,0,0,0,0,0,0,0,0,0,0,,,46032
bert_20260228023827,29687,20260111,1,2870285,liga,689103,PPL,Volovytsia,Chernihiv,498,Borznians'kyi,5262,32.00406,51.35543,ADM1,0,0,0,0,0,1,0,0,0,0,0,0,0,0,0,0,0,0,0,0,0,0,0,0,0,,,46032
bert_20260228023827,188084,20260111,1,2870286,liga,703448,PPLC,Kyiv,Kiev City,1210,Shevchenkivs'kyi,33738,30.52355,50.45044,ADM3,0,0,0,0,0,1,0,0,0,0,0,0,0,0,0,0,0,0,0,0,0,0,0,0,0,,,46032
bert_20260228023827,188097,20260111,2,"2863977, 2825966",liga,703448,PPLC,Kyiv,Kiev City,1210,Shevchenkivs'kyi,33738,30.52355,50.45044,ADM3,1,1,1,1,0,0,0,0,0,0,0,0,0,0,0,0,0,0,0,1,0,0,0,1,0,,,46032
bert_20260228023827,188100,20260111,1,2857713,liga,703448,PPLC,Kyiv,Kiev City,1210,Shevchenkivs'kyi,33738,30.52355,50.45044,ADM3,1,1,1,1,0,0,0,0,0,0,0,0,0,1,0,0,0,0,0,1,0,0,0,0,0,,,46032
bert_20260228023827,154125,20260111,1,2851419,liga,702550,PPLA,Lviv,L'viv,1289,L'vivs'ka,19402,24.0299,49.83932,ADM3,0,0,0,0,0,1,1,0,0,0,0,0,0,0,0,0,0,0,0,0,0,0,0,0,0,,,46032
bert_20260228023827,188086,20260111,1,2851420,liga,703448,PPLC,Kyiv,Kiev City,1210,Shevchenkivs'kyi,33738,30.52355,50.45044,ADM3,0,0,0,0,0,1,1,0,0,0,0,0,0,0,0,0,0,0,0,0,0,0,0,0,0,,,46032
bert_20260228023827,112345,20260111,1,2845121,liga,698740,PPLA,Odessa,Odessa,1800,Odes'ka,26260,30.73169,46.48421,ADM3,1,0,0,0,0,0,1,0,0,0,0,0,0,0,0,0,0,0,0,0,0,0,0,0,0,,,46032
bert_20260228023827,112344,20260111,1,2838726,liga,698740,PPLA,Odessa,Odessa,1800,Odes'ka,26260,30.73169,46.48421,ADM3,0,0,0,0,0,0,1,0,0,0,0,0,0,0,0,0,0,0,0,1,0,0,0,0,0,,,46032
bert_20260228023827,359352,20260111,1,2832359,liga,8281918,PPL,Posich,Transcarpathia,2491,Khusts'kyi,18005,23.41312,48.22076,ADM1,0,0,0,0,0,1,1,0,0,0,0,0,0,0,0,0,0,0,0,0,0,0,0,0,0,,,46032
bert_20260228023827,188088,20260111,1,2825965,liga,703448,PPLC,Kyiv,Kiev City,1210,Shevchenkivs'kyi,33738,30.52355,50.45044,ADM3,0,0,1,0,0,0,0,0,0,0,0,0,0,0,0,0,0,0,0,1,0,0,0,0,0,,,46032
bert_20260228023827,112349,20260111,1,2819533,liga,698740,PPLA,Odessa,Odessa,1800,Odes'ka,26260,30.73169,46.48421,ADM3,0,1,1,0,0,0,0,0,0,0,0,0,0,0,0,0,0,0,0,0,0,0,0,0,0,,,46032
bert_20260228023827,188080,20260111,5,"2819534, 2787767, 2787147, 2787150, 2787151","liga, liveuamap, meduza",703448,PPLC,Kyiv,Kiev City,1210,Shevchenkivs'kyi,33738,30.52355,50.45044,ADM3,0,0,0,0,0,0,0,0,0,0,0,0,0,0,0,0,0,0,0,0,0,0,0,0,0,,,46032
bert_20260228023827,154124,20260111,1,2806793,liga,702550,PPLA,Lviv,L'viv,1289,L'vivs'ka,19402,24.0299,49.83932,ADM3,0,0,0,0,0,0,1,0,0,0,0,0,0,0,0,0,0,0,0,0,0,0,0,0,0,,,46032
bert_20260228023827,250164,20260111,1,2787698,liveuamap,706483,PPLA,Kharkiv,Kharkiv,1191,Kharkivs'ka,17850,36.2312,49.99217,ADM3,1,0,0,0,0,0,0,0,0,0,0,0,0,0,0,0,1,0,0,0,0,0,0,0,0,,,46032
bert_20260228023827,294889,20260111,1,2787699,liveuamap,710735,PPLA,Chernihiv,Chernihiv,498,Chernihivs'ka,7660,31.29865,51.49101,ADM3,1,1,1,0,0,0,1,0,0,0,0,0,0,0,0,0,0,0,0,0,0,0,0,0,0,,,46032
bert_20260228023827,250165,20260111,1,2787700,liveuamap,706483,PPLA,Kharkiv,Kharkiv,1191,Kharkivs'ka,17850,36.2312,49.99217,ADM3,1,1,1,0,0,0,1,0,0,0,0,0,0,0,0,0,0,0,0,0,0,0,0,0,0,,,46032
bert_20260228023827,57694,20260111,1,2787701,liveuamap,693468,PPL,Sloviansk,Donets'k,655,Slovians'ka,34511,37.60582,48.85227,ADM3,1,1,1,1,0,0,1,0,0,0,0,0,0,0,0,0,0,0,0,0,0,0,0,0,0,,,46032
bert_20260228023827,188095,20260111,1,2787702,liveuamap,703448,PPLC,Kyiv,Kiev City,1210,Shevchenkivs'kyi,33738,30.52355,50.45044,ADM3,1,1,1,0,0,0,0,0,0,0,1,0,0,0,0,0,0,1,0,0,0,0,0,0,0,,,46032
bert_20260228023827,250166,20260111,1,2787704,liveuamap,706483,PPLA,Kharkiv,Kharkiv,1191,Kharkivs'ka,17850,36.2312,49.99217,ADM3,1,1,1,1,0,0,0,0,0,0,0,0,0,1,0,0,0,0,0,1,0,0,0,0,0,,,46032
bert_20260228023827,32664,20260111,1,2787705,liveuamap,689304,PPLA2,Vovchansk,Kharkiv,1191,Vovchans'kyi,39837,36.9368,50.29401,ADM3,1,1,1,1,0,0,0,0,0,0,0,0,0,1,0,0,0,0,0,1,0,0,0,0,0,,,46032
bert_20260228023827,192407,20260111,1,2787706,liveuamap,703656,PPLA2,Kupiansk,Kharkiv,1191,Kupians'ka,19188,37.61478,49.7108,ADM3,1,1,0,1,0,0,0,0,0,0,0,0,0,1,0,0,0,0,0,1,0,1,1,1,0,,,46032
bert_20260228023827,287098,20260111,1,2787707,liveuamap,709930,PPLA,Dnipro,Dnipropetrovs'k,650,Dnipropetrovs'ka,9966,35.04618,48.46472,ADM3,1,1,1,1,0,0,0,0,0,0,1,0,0,0,0,0,0,0,0,1,0,0,0,1,0,,,46032
bert_20260228023827,208597,20260111,1,2787708,liveuamap,705104,PPL,Kostiantynivka,Donets'k,655,Kostiantynivs'ka,18738,37.69368,48.53467,ADM3,1,1,1,1,0,0,0,0,0,0,1,0,0,0,0,0,0,0,0,1,0,0,0,1,0,,,46032
bert_20260228023827,82406,20260111,1,2787709,liveuamap,695094,PPLX,Ruttschenkowo,Donets'k,655,Donets'ka,10139,37.67529,47.95508,ADM1,1,1,1,1,0,0,0,0,0,0,1,0,0,0,0,0,0,0,0,1,0,0,0,1,0,,,46032
bert_20260228023827,373674,20260111,1,2787710,liveuamap,9114542,PPL,Novyi,Luhans'k,1405,Krasnoluts'ka,18939,38.59081,48.49995,ADM3,1,1,1,1,0,0,0,0,0,0,1,0,0,0,0,0,0,0,0,1,0,0,0,1,0,,,46032
bert_20260228023827,19894,20260111,1,2787711,liveuamap,688051,PPL,Yurkivka,Kiev,1209,Stavyshchens'kyi,35110,30.09323,49.32365,ADM3,1,1,1,1,0,0,0,0,0,0,1,0,0,0,0,0,0,0,0,1,0,0,0,1,0,,,46032
bert_20260228023827,19270,20260111,1,2787712,liveuamap,687700,PPLA,Zaporizhzhya,Zaporizhzhya,2730,Zaporiz'ka,41153,35.13885,47.83831,ADM3,1,1,1,1,0,0,0,0,0,0,1,0,0,0,0,0,0,0,0,1,0,0,0,1,0,,,46032
bert_20260228023827,57693,20260111,1,2787713,liveuamap,693468,PPL,Sloviansk,Donets'k,655,Slovians'ka,34511,37.60582,48.85227,ADM3,1,1,1,1,0,0,0,0,0,0,0,0,0,1,0,0,0,0,0,0,0,0,0,0,0,,,46032
bert_20260228023827,114424,20260111,1,2787714,liveuamap,699038,PPL,Novovodyane,Donets'k,655,Dobropil's'kyi,9997,37.14306,48.54556,ADM3,1,1,1,1,0,0,0,0,0,0,0,0,0,0,1,0,0,0,1,0,0,0,0,0,0,,,46032
bert_20260228023827,363621,20260111,1,2787715,liveuamap,8673776,PPLX,Kholodna Hora,Kharkiv,1191,Kharkivs'ka,17850,36.21038,49.96635,ADM3,1,1,1,1,0,0,0,0,0,0,0,0,0,0,1,0,0,0,1,0,0,0,0,0,0,,,46032
bert_20260228023827,217411,20260111,1,2787716,liveuamap,705408,PPL,Kolodiazi,Donets'k,655,Krasnolymans'kyi,18941,37.88154,49.08314,ADM3,1,1,1,1,0,0,0,0,0,0,0,0,0,0,1,0,0,0,1,0,0,0,0,0,0,,,46032
bert_20260228023827,268737,20260111,1,2787717,liveuamap,709614,PPLA3,Drobysheve,Donets'k,655,Krasnolymans'kyi,18941,37.73407,49.04347,ADM3,1,1,1,1,0,0,0,0,0,0,0,0,0,0,1,0,0,0,1,0,0,0,0,0,0,,,46032
bert_20260228023827,131901,20260111,1,2787718,liveuamap,701062,PPL,Myrne,Donets'k,655,Tel'manivs'kyi,36664,37.73444,47.42425,ADM3,1,1,1,1,0,0,0,0,0,0,0,0,0,0,1,0,0,0,1,0,0,0,0,0,0,,,46032
bert_20260228023827,208596,20260111,1,2787719,liveuamap,705104,PPL,Kostiantynivka,Donets'k,655,Kostiantynivs'ka,18738,37.69368,48.53467,ADM3,1,1,1,1,0,0,0,0,0,0,0,0,0,0,0,0,0,1,0,1,0,0,0,0,0,,,46032
bert_20260228023827,257465,20260111,1,2787720,liveuamap,707464,PPL,Ivanopillia,Donets'k,655,Kostiantynivs'kyi,18739,37.76439,48.47357,ADM3,1,1,1,1,0,0,0,0,0,0,0,0,0,0,0,0,0,1,0,1,0,0,0,0,0,,,46032
bert_20260228023827,55771,20260111,1,2787721,liveuamap,693086,PPL,Sosnivka,L'viv,1289,Sokal's'kyi,34627,24.25376,50.29435,ADM3,1,0,1,1,0,0,0,0,0,0,0,0,0,0,0,1,0,0,0,0,0,0,0,0,0,,,46032
bert_20260228023827,55607,20260111,1,2787722,liveuamap,693065,PPLX,Sotsmisto,Donets'k,655,Kramators'ka,18898,37.5844,48.73898,ADM3,1,1,1,1,0,0,0,0,1,0,0,0,0,0,0,0,0,0,0,1,0,0,0,0,0,,,46032
bert_20260228023827,370602,20260111,1,2787723,liveuamap,9113948,PPL,Stupochky,Donets'k,655,Kostiantynivs'kyi,18739,37.82831,48.53838,STREET,1,1,1,1,0,0,0,0,1,0,0,0,0,0,0,0,0,0,0,1,0,0,0,0,0,,,46032
bert_20260228023827,387940,20260111,1,2787724,liveuamap,11151973,PPL,Stepove,Dnipropetrovs'k,650,Krynychans'kyi,19030,34.53593,48.44595,ADM3,1,0,1,0,0,0,0,0,0,0,0,0,0,0,0,1,0,0,0,0,0,0,0,0,0,,,46032
bert_20260228023827,287932,20260111,2,"2787725, 2787756",liveuamap,710035,PPLA2,Myrnohrad,Donets'k,655,Krasnoarmiis'ka,18917,37.2591,48.30791,ADM3,1,0,1,0,0,0,0,0,0,0,0,0,0,0,0,1,0,0,0,0,0,0,0,0,0,,,46032
bert_20260228023827,203499,20260111,2,"2787726, 2787754",liveuamap,704422,PPLA2,Pokrovsk,Donets'k,655,Krasnoarmiis'kyi,18918,37.1756,48.28035,ADM3,1,0,1,0,0,0,0,0,0,0,0,0,0,0,0,1,0,0,0,0,0,0,0,0,0,,,46032
bert_20260228023827,364863,20260111,1,2787727,liveuamap,9112127,PPL,Kotlyne,Donets'k,655,Krasnoarmiis'kyi,18918,37.04956,48.25514,ADM3,1,0,1,0,0,0,0,0,0,0,0,0,0,0,0,1,0,0,0,0,0,0,0,0,0,,,46032
bert_20260228023827,40250,20260111,1,2787728,liveuamap,690841,PPL,Udachne,Donets'k,655,Krasnoarmiis'kyi,18918,36.98273,48.23942,ADM3,1,0,1,0,0,0,0,0,0,0,0,0,0,0,0,1,0,0,0,0,0,0,0,0,0,,,46032
bert_20260228023827,365735,20260111,1,2787729,liveuamap,9112581,PPL,Novoserhiivka,Donets'k,655,Krasnoarmiis'kyi,18918,36.96347,48.19837,ADM3,1,0,1,0,0,0,0,0,0,0,0,0,0,0,0,1,0,0,0,0,0,0,0,0,0,,,46032
bert_20260228023827,235309,20260111,3,"2787730, 2787744, 2787768",liveuamap,706448,PPLA,Kherson,Kherson,1195,Khersons'ka,17890,32.61496,46.64032,ADM3,1,0,1,0,0,0,0,0,0,0,0,0,0,0,0,1,0,0,0,0,0,0,0,0,0,,,46032
bert_20260228023827,261515,20260111,1,2787731,liveuamap,707898,PPLA2,Hulyaypole,Zaporizhzhya,2730,Huliaipil's'kyi,14713,36.25322,47.66644,ADM3,1,0,1,0,0,0,0,0,0,0,0,0,0,0,0,1,0,0,0,0,0,0,0,0,0,,,46032
bert_20260228023827,19265,20260111,2,"2787733, 2787749",liveuamap,687700,PPLA,Zaporizhzhya,Zaporizhzhya,2730,Zaporiz'ka,41153,35.13885,47.83831,ADM3,1,0,1,0,0,0,0,0,0,0,0,0,0,0,0,1,0,0,0,0,0,0,0,0,0,,,46032
bert_20260228023827,112347,20260111,1,2787734,liveuamap,698740,PPLA,Odessa,Odessa,1800,Odes'ka,26260,30.73169,46.48421,ADM3,1,0,1,0,0,0,0,0,0,0,0,0,0,0,0,1,0,0,0,0,0,0,0,0,0,,,46032
bert_20260228023827,188089,20260111,2,"2787735, 2787745",liveuamap,703448,PPLC,Kyiv,Kiev City,1210,Shevchenkivs'kyi,33738,30.52716,50.44856,ADM3,1,0,1,0,0,0,0,0,0,0,0,0,0,0,0,1,0,0,0,0,0,0,0,0,0,,,46032
bert_20260228023827,82407,20260111,1,2787736,liveuamap,695094,PPLX,Ruttschenkowo,Donets'k,655,Donets'ka,10139,37.67529,47.95508,ADM1,1,1,1,1,0,0,0,1,0,0,1,0,0,1,0,0,0,0,0,0,0,0,0,0,0,,,46032
bert_20260228023827,188101,20260111,1,2787737,liveuamap,703448,PPLC,Kyiv,Kiev City,1210,Shevchenkivs'kyi,33738,30.52355,50.45044,ADM3,1,1,1,1,0,0,0,0,0,0,0,0,0,1,0,0,0,0,0,1,0,0,0,1,0,,,46032
bert_20260228023827,19268,20260111,1,2787738,liveuamap,687700,PPLA,Zaporizhzhya,Zaporizhzhya,2730,Zaporiz'ka,41153,35.13885,47.83831,ADM3,1,1,0,1,0,0,0,0,0,0,0,0,0,1,0,0,0,0,0,0,0,0,0,1,0,,,46032
bert_20260228023827,378981,20260111,1,2787739,liveuamap,9982339,PPL,Port,Odessa,1800,Kominternivs'kyi,18555,31.00479,46.72451,ADM3,1,1,1,1,0,0,0,0,0,0,0,0,0,1,0,0,0,0,0,1,0,0,0,1,0,,,46032
bert_20260228023827,112350,20260111,1,2787741,liveuamap,698740,PPLA,Odessa,Odessa,1800,Odes'ka,26260,30.73169,46.48421,ADM3,1,1,1,1,0,0,0,0,0,0,0,0,0,1,0,0,0,0,0,1,0,0,0,1,0,,,46032
bert_20260228023827,112348,20260111,1,2787742,liveuamap,698740,PPLA,Odessa,Odessa,1800,Odes'ka,26260,30.73169,46.48421,ADM3,1,1,0,1,0,0,0,0,0,0,0,0,0,1,0,0,0,0,0,1,0,0,0,1,0,,,46032
bert_20260228023827,154123,20260111,1,2787743,liveuamap,702550,PPLA,Lviv,L'viv,1289,L'vivs'ka,19402,24.0299,49.83932,ADM3,0,0,0,0,0,0,0,0,0,0,0,0,0,0,0,0,0,0,0,0,0,0,0,0,0,,,46032
bert_20260228023827,360752,20260111,1,2787746,liveuamap,8438363,PPL,Zelene,Rivne,2066,Dubens'kyi,10348,25.77252,50.45812,ADM3,1,1,1,1,0,0,0,0,1,0,0,0,0,0,0,0,0,0,0,1,0,0,0,0,0,,,46032
bert_20260228023827,19271,20260111,1,2787747,liveuamap,687700,PPLA,Zaporizhzhya,Zaporizhzhya,2730,Zaporiz'ka,41153,35.13885,47.83831,ADM3,1,1,1,1,0,0,0,0,1,0,0,0,0,0,0,0,0,0,0,1,0,0,0,0,0,,,46032
bert_20260228023827,268919,20260111,1,2787748,liveuamap,709671,PPL,Dorozhnianka,Zaporizhzhya,2730,Huliaipil's'kyi,14713,36.25694,47.58659,ADM3,1,0,1,0,0,0,0,0,0,0,0,0,0,0,0,1,0,0,0,0,0,0,0,0,0,,,46032
bert_20260228023827,6493,20260111,1,2787750,liveuamap,687557,PPL,Zatoka,Odessa,1800,Bilhorod-Dnistrovs'kyi,4609,30.45033,46.06396,ADM3,1,0,1,0,0,0,0,0,0,0,0,0,0,0,0,1,0,0,0,0,0,0,0,0,0,,,46032
bert_20260228023827,319017,20260111,1,2787751,liveuamap,712609,PPL,Bilka,Odessa,1800,Ivanivs'kyi,15842,30.40579,46.90822,ADM1,1,0,1,0,0,0,0,0,0,0,0,0,0,0,0,1,0,0,0,0,0,0,0,0,0,,,46032
bert_20260228023827,208594,20260111,1,2787752,liveuamap,705104,PPL,Kostiantynivka,Donets'k,655,Kostiantynivs'ka,18738,37.69368,48.53467,ADM3,1,0,1,1,0,0,0,0,0,0,1,0,0,0,0,1,0,0,0,0,0,0,0,0,0,,,46032
bert_20260228023827,257464,20260111,1,2787753,liveuamap,707464,PPL,Ivanopillia,Donets'k,655,Kostiantynivs'kyi,18739,37.76439,48.47357,ADM3,1,0,1,1,0,0,0,0,0,0,1,0,0,0,0,1,0,0,0,0,0,0,0,0,0,,,46032
bert_20260228023827,197344,20260111,1,2787755,liveuamap,704204,PPL,Lyman,Donets'k,655,Krasnolymans'kyi,18941,37.82245,48.96409,ADM3,1,0,1,0,0,0,0,0,0,0,0,0,0,0,0,1,0,0,0,0,0,0,0,0,0,,,46032
bert_20260228023827,192408,20260111,1,2787758,liveuamap,703656,PPLA2,Kupiansk,Kharkiv,1191,Kupians'ka,19188,37.61478,49.7108,ADM3,1,1,1,1,0,0,0,0,0,0,0,0,0,0,1,1,0,0,0,0,0,0,1,0,0,,,46032
bert_20260228023827,197345,20260111,1,2787760,liveuamap,704204,PPL,Lyman,Donets'k,655,Krasnolymans'kyi,18941,37.82245,48.96409,ADM3,1,1,1,1,0,0,0,0,0,0,1,0,0,0,0,0,0,0,0,0,0,0,0,0,0,,,46032
bert_20260228023827,57692,20260111,1,2787762,liveuamap,693468,PPL,Sloviansk,Donets'k,655,Slovians'ka,34511,37.60582,48.85227,ADM3,1,1,1,0,1,0,0,1,0,0,1,0,0,0,0,0,0,1,0,1,0,0,0,0,0,,,46032
bert_20260228023827,100678,20260111,1,2787763,liveuamap,698020,PPL,Pankivka,Luhans'k,1405,Luhans'ka,20910,39.34878,48.69979,ADM3,1,1,1,0,1,0,0,1,0,0,1,0,0,0,0,0,0,1,0,1,0,0,0,0,0,,,46032
bert_20260228023827,261517,20260111,1,2787764,liveuamap,707898,PPLA2,Hulyaypole,Zaporizhzhya,2730,Huliaipil's'kyi,14713,36.25322,47.66644,ADM3,1,1,1,0,1,0,0,0,0,0,0,0,0,0,0,0,0,0,0,1,0,0,0,0,0,,,46032
bert_20260228023827,360523,20260111,1,2787766,liveuamap,8419787,PPL,Zakumske,Sumy,2356,Sums'kyi,35426,34.64912,50.95537,ADM2,1,1,1,0,1,0,0,0,0,0,1,0,0,0,0,0,0,1,0,1,0,0,0,0,0,,,46032
bert_20260228023827,131258,20260111,1,2787769,liveuamap,700569,PPLA,Mykolayiv,Mykolayiv,1628,Mykola‹vs'ka,24267,31.99381,46.97557,ADM3,1,0,1,0,0,0,0,0,0,0,0,0,0,0,0,1,0,0,0,0,0,0,0,0,0,,,46032
bert_20260228023827,235310,20260111,1,2787770,liveuamap,706448,PPLA,Kherson,Kherson,1195,Khersons'ka,17890,32.61496,46.64032,ADM3,1,1,1,1,0,0,0,0,1,0,0,0,0,0,0,0,0,0,0,1,0,0,0,0,0,,,46032
bert_20260228023827,131259,20260111,1,2787771,liveuamap,700569,PPLA,Mykolayiv,Mykolayiv,1628,Mykola‹vs'ka,24267,31.99381,46.97557,ADM3,1,1,1,1,0,0,0,0,1,0,0,0,0,0,0,0,0,0,0,1,0,0,0,0,0,,,46032
bert_20260228023827,208595,20260111,1,2780864,unian,705104,PPL,Kostiantynivka,Donets'k,655,Kostiantynivs'ka,18738,37.69368,48.53467,ADM3,1,1,1,1,0,0,0,0,0,0,0,0,0,0,0,0,0,0,0,1,0,0,0,0,0,,,46032
bert_20260228023827,203502,20260111,1,2780867,espreso,704422,PPLA2,Pokrovsk,Donets'k,655,Krasnoarmiis'kyi,18918,37.1756,48.28035,ADM3,1,1,1,1,0,0,0,0,0,0,1,0,0,1,0,0,0,0,0,0,0,0,0,0,0,,,46032
bert_20260228023827,188093,20260111,1,2780868,espreso,703448,PPLC,Kyiv,Kiev City,1210,Shevchenkivs'kyi,33738,30.52406,50.45024,ADM3,0,1,0,1,0,0,0,0,0,0,0,0,0,0,0,0,0,0,0,0,0,0,0,0,0,,,46032
bert_20260228023827,188085,20260111,1,2780869,espreso,703448,PPLC,Kyiv,Kiev City,1210,Shevchenkivs'kyi,33738,30.52355,50.45044,ADM3,0,0,0,0,0,1,0,0,0,0,0,0,0,0,0,0,0,0,0,1,0,0,0,0,0,,,46032
bert_20260228023827,19267,20260111,1,2780870,espreso,687700,PPLA,Zaporizhzhya,Zaporizhzhya,2730,Zaporiz'ka,41153,35.13885,47.83831,ADM3,1,1,0,1,0,0,0,0,0,0,0,0,0,0,1,0,0,0,0,0,0,0,0,0,0,,,46032
bert_20260228023827,45752,20260111,1,2780871,espreso,691650,PPLA,Ternopil,Ternopil',2432,Ternopil's'ka,36855,25.59073,49.55596,ADM3,1,1,1,1,0,0,0,0,0,0,0,0,0,0,0,0,0,0,0,0,0,0,0,0,0,,,46032
bert_20260228023827,19269,20260111,1,2780872,espreso,687700,PPLA,Zaporizhzhya,Zaporizhzhya,2730,Zaporiz'ka,41153,35.13885,47.83831,ADM3,1,1,1,1,0,0,0,0,0,0,0,0,0,1,0,0,0,0,0,0,0,0,0,0,0,,,46032
bert_20260228023827,203500,20260111,1,2780873,espreso,704422,PPLA2,Pokrovsk,Donets'k,655,Krasnoarmiis'kyi,18918,37.1756,48.28035,ADM3,0,1,1,1,0,0,0,0,0,0,0,0,0,0,0,0,0,0,0,0,0,0,0,1,0,,,46032
bert_20260228023827,19266,20260111,3,"2780874, 2780876, 2787154","espreso, unian",687700,PPLA,Zaporizhzhya,Zaporizhzhya,2730,Zaporiz'ka,41153,35.13885,47.83831,ADM3,0,0,1,0,0,0,1,0,0,0,0,0,0,0,0,0,0,0,0,0,0,0,0,0,0,,,46032
bert_20260228023827,67810,20260111,1,2780875,espreso,693805,PPLA2,Simferopol,Crimea,579,Simferopol's'ka,34229,34.09941,44.95363,ADM3,1,1,1,1,0,0,0,0,0,0,0,0,0,0,1,1,0,0,1,1,0,0,0,0,0,,,46032
bert_20260228023827,381231,20260111,1,2780877,espreso,10323759,PPLX,Cheremushky,Donets'k,655,Mariupol's'ka,22073,37.50564,47.07557,ADM3,0,0,1,0,0,0,1,0,0,0,0,0,0,0,0,0,0,0,0,0,0,0,0,0,0,,,46032
bert_20260228023827,103021,20260111,1,2780878,espreso,698428,PPLA2,Orikhiv,Zaporizhzhya,2730,Orikhivs'kyi,26748,35.77773,47.56947,ADM3,0,0,1,0,0,0,1,0,0,0,0,0,0,0,0,0,0,0,0,0,0,0,0,0,0,,,46032
bert_20260228023827,261516,20260111,1,2780879,espreso,707898,PPLA2,Hulyaypole,Zaporizhzhya,2730,Huliaipil's'kyi,14713,36.25322,47.66644,ADM3,0,0,1,0,0,0,1,0,0,0,0,0,0,0,0,0,0,0,0,0,0,0,0,0,0,,,46032
bert_20260228023827,188092,20260111,1,2781205,liga,703448,PPLC,Kyiv,Kiev City,1210,Shevchenkivs'kyi,33738,30.52355,50.45044,ADM3,0,0,1,0,0,1,1,0,0,0,0,0,1,0,0,0,0,0,0,0,0,0,0,0,0,,,46032
bert_20260228023827,49218,20260111,1,2781206,liga,692194,PPLA,Sumy,Sumy,2356,Sums'ka,35425,34.80276,50.91198,ADM3,1,0,0,0,0,0,1,0,0,0,0,0,0,0,0,0,0,0,0,0,0,0,0,0,0,,,46032
bert_20260228023827,203498,20260111,2,"2781207, 2787157","liga, unian",704422,PPLA2,Pokrovsk,Donets'k,655,Krasnoarmiis'kyi,18918,37.1756,48.28035,ADM3,0,0,0,0,0,0,1,0,0,0,0,0,0,0,0,0,0,0,0,0,0,0,0,0,0,,,46032
bert_20260228023827,361897,20260111,1,2781208,liga,8465680,PPL,Danylivka,Zhytomyr,2739,Volodars'ko-Volyns'kyi,39783,28.47583,50.63963,ADM1,1,1,1,0,0,0,1,0,0,0,0,0,0,0,1,0,0,0,0,0,0,0,0,0,0,,,46032
bert_20260228023827,188098,20260111,1,2781209,liga,703448,PPLC,Kyiv,Kiev City,1210,Shevchenkivs'kyi,33738,30.52355,50.45044,ADM3,1,1,1,1,0,0,0,0,0,0,0,0,0,0,1,0,0,0,0,1,0,0,0,0,0,,,46032
bert_20260228023827,357644,20260111,1,2781210,liga,8250815,PPL,Karpaty,Transcarpathia,2491,Mukachivs'kyi,24017,22.8742,48.52159,ADM3,0,0,0,0,0,1,1,0,0,0,0,0,0,0,0,0,0,0,0,0,0,0,0,0,0,,,46032
bert_20260228023827,188081,20260111,3,"2787138, 2787149, 2787159","meduza, unian",703448,PPLC,Kyiv,Kiev City,1210,Shevchenkivs'kyi,33738,30.52355,50.45044,ADM3,0,0,0,0,0,0,0,0,0,0,0,0,0,0,0,0,0,0,0,1,0,0,0,0,0,,,46032
bert_20260228023827,188103,20260111,1,2787139,meduza,703448,PPLC,Kyiv,Kiev City,1210,Shevchenkivs'kyi,33738,30.52355,50.45044,ADM3,1,1,1,1,0,0,0,0,0,0,1,0,0,1,0,0,0,0,0,0,0,0,0,0,0,,,46032
bert_20260228023827,188094,20260111,1,2787142,meduza,703448,PPLC,Kyiv,Kiev City,1210,Shevchenkivs'kyi,33738,30.52355,50.45044,ADM3,1,1,1,0,0,0,0,0,0,0,0,0,0,0,0,0,0,0,0,0,0,0,0,0,0,,,46032
bert_20260228023827,287097,20260111,1,2787144,meduza,709930,PPLA,Dnipro,Dnipropetrovs'k,650,Dnipropetrovs'ka,9966,35.04618,48.46472,ADM3,1,1,1,1,0,0,0,0,0,0,0,1,0,0,0,0,0,0,0,0,0,0,0,0,0,,,46032
bert_20260228023827,188102,20260111,1,2787145,meduza,703448,PPLC,Kyiv,Kiev City,1210,Shevchenkivs'kyi,33738,30.52355,50.45044,ADM3,1,1,1,1,0,0,0,0,0,0,0,1,0,0,0,0,0,0,0,0,0,0,0,0,0,,,46032
bert_20260228023827,188091,20260111,1,2787148,meduza,703448,PPLC,Kyiv,Kiev City,1210,Shevchenkivs'kyi,33738,30.52355,50.45044,ADM3,0,0,1,0,0,1,0,0,0,0,0,0,0,0,0,0,0,0,0,0,0,0,0,0,0,,,46032
bert_20260228023827,188087,20260111,1,2787152,meduza,703448,PPLC,Kyiv,Kiev City,1210,Shevchenkivs'kyi,33738,30.52355,50.45044,ADM3,0,0,0,1,0,0,0,0,0,0,0,0,0,0,0,0,0,0,0,1,0,0,0,0,0,,,46032
bert_20260228023827,188090,20260111,1,2787153,meduza,703448,PPLC,Kyiv,Kiev City,1210,Shevchenkivs'kyi,33738,30.52355,50.45044,ADM3,1,0,1,0,0,0,0,0,0,0,1,0,0,0,0,0,0,0,0,1,0,0,0,0,0,,,46032
bert_20260228023827,287096,20260111,1,2787155,unian,709930,PPLA,Dnipro,Dnipropetrovs'k,650,Dnipropetrovs'ka,9966,35.04618,48.46472,ADM3,0,0,1,0,0,0,1,0,0,0,0,0,0,0,0,0,0,0,0,0,0,0,0,0,0,,,46032
bert_20260228023827,393689,20260111,1,2787156,unian,11777953,PPL,Deremezna,Kiev,1209,Obukhivs'kyi,26204,30.47662,50.02393,ADM1,0,1,0,0,0,1,1,0,0,0,0,0,0,0,0,0,0,0,0,0,0,0,0,0,0,,,46032
bert_20260228023827,208593,20260111,1,2787158,unian,705104,PPL,Kostiantynivka,Donets'k,655,Kostiantynivs'ka,18738,37.69368,48.53467,ADM3,0,0,0,0,0,0,0,0,0,0,0,0,0,0,0,0,0,0,0,0,0,0,0,0,0,,,46032
bert_20260228023827,112346,20260111,1,2787160,unian,698740,PPLA,Odessa,Odessa,1800,Odes'ka,26260,30.73169,46.48421,ADM3,0,0,0,0,0,1,0,0,0,0,0,0,0,0,0,0,0,0,0,0,0,0,0,0,0,,,46032
bert_20260228023827,192406,20260111,1,2787161,unian,703656,PPLA2,Kupiansk,Kharkiv,1191,Kupians'ka,19188,37.61478,49.7108,ADM3,0,0,0,0,0,0,1,0,0,0,0,0,0,0,0,0,0,0,0,0,0,0,0,0,0,,,46032
bert_20260228023827,188104,20260111,1,2787162,unian,703448,PPLC,Kyiv,Kiev City,1210,Shevchenkivs'kyi,33738,30.52355,50.45044,ADM3,1,1,1,1,1,0,0,0,1,0,1,0,0,1,1,1,0,0,1,1,0,0,1,0,0,,,46032
bert_20260228023827,261514,20260111,1,2787163,unian,707898,PPLA2,Hulyaypole,Zaporizhzhya,2730,Huliaipil's'kyi,14713,36.25322,47.66644,ADM3,0,0,0,0,0,0,1,0,0,0,0,0,0,0,0,0,0,0,0,0,0,0,0,0,0,,,46032
bert_20260228023827,188083,20260111,1,2787164,unian,703448,PPLC,Kyiv,Kiev City,1210,Shevchenkivs'kyi,33738,30.52355,50.45044,ADM3,1,0,0,0,0,0,1,0,1,0,0,0,0,0,0,0,0,0,0,0,0,0,0,0,0,,,46032
bert_20260228023827,388748,20260111,1,2787165,unian,11233161,PPL,Monastyr-Derezhytskyi,L'viv,1289,Drohobyts'kyi,10334,23.47086,49.34574,ADM3,0,0,0,0,0,0,1,0,0,0,0,0,0,0,0,0,0,0,0,0,0,0,0,0,0,,,46032
bert_20260228023827,397081,20260111,1,2787166,unian,,,,,,,,30.20331,45.25481,ADM3,0,0,0,0,0,0,1,0,0,0,0,0,0,0,0,0,0,0,0,0,0,0,0,0,0,,,46032
bert_20260228023827,32663,20260111,1,2787168,unian,689304,PPLA2,Vovchansk,Kharkiv,1191,Vovchans'kyi,39837,36.9368,50.29401,ADM3,0,1,1,1,0,0,0,0,0,0,0,0,0,0,1,0,0,0,0,0,0,0,0,1,0,,,46032
bert_20260228023827,203501,20260111,1,2787169,unian,704422,PPLA2,Pokrovsk,Donets'k,655,Krasnoarmiis'kyi,18918,37.1756,48.28035,ADM3,0,1,1,1,0,0,0,0,0,0,0,0,0,0,1,0,0,0,0,0,0,0,0,1,0,,,46032
bert_20260228023827,362554,20260111,1,2787170,unian,8519916,PPL,Obolon,Kiev City,1210,Obolons'kyi,26190,30.49826,50.50148,STREET,0,0,0,0,0,0,1,0,0,0,0,0,0,0,0,0,0,0,0,0,0,0,0,0,0,,,46032
bert_20260228023827,93756,20260111,1,2787171,unian,696643,PPLA,Poltava,Poltava,1956,Poltavs'ka,28898,34.55125,49.58953,ADM3,1,0,1,0,0,0,1,0,0,0,0,0,0,0,0,0,0,0,0,0,0,0,0,0,0,,,46032
bert_20260228023827,188099,20260111,1,2774927,liga,703448,PPLC,Kyiv,Kiev City,1210,Shevchenkivs'kyi,33738,30.52355,50.45044,ADM3,1,1,1,1,0,0,0,0,0,0,0,0,0,1,0,0,0,0,0,0,0,0,0,0,0,,,46032
bert_20260228023827,188120,20260112,1,2946692,liga,703448,PPLC,Kyiv,Kiev City,1210,Shevchenkivs'kyi,33738,30.52355,50.45044,ADM3,1,1,1,1,0,0,0,0,0,0,0,0,0,0,0,0,0,0,0,1,0,0,0,0,0,,,46033
bert_20260228023827,188106,20260112,7,"2896120, 2793884, 2793885, 2793886, 2793900, 2793905, 2781213","liga, meduza, unian",703448,PPLC,Kyiv,Kiev City,1210,Shevchenkivs'kyi,33738,30.52355,50.45044,ADM3,0,0,0,0,0,0,1,0,0,0,0,0,0,0,0,0,0,0,0,0,0,0,0,0,0,,,46033
bert_20260228023827,29688,20260112,1,2870294,liga,689103,PPL,Volovytsia,Chernihiv,498,Borznians'kyi,5262,32.00406,51.35543,ADM1,0,0,0,0,0,1,0,0,0,0,0,0,0,0,0,0,0,0,0,0,0,0,0,0,0,,,46033
bert_20260228023827,188108,20260112,1,2870295,liga,703448,PPLC,Kyiv,Kiev City,1210,Shevchenkivs'kyi,33738,30.52355,50.45044,ADM3,0,0,0,0,0,1,0,0,0,0,0,0,0,0,0,0,0,0,0,0,0,0,0,0,0,,,46033
bert_20260228023827,188121,20260112,2,"2863985, 2825976",liga,703448,PPLC,Kyiv,Kiev City,1210,Shevchenkivs'kyi,33738,30.52355,50.45044,ADM3,1,1,1,1,0,0,0,0,0,0,0,0,0,0,0,0,0,0,0,1,0,0,0,1,0,,,46033
bert_20260228023827,188123,20260112,1,2857722,liga,703448,PPLC,Kyiv,Kiev City,1210,Shevchenkivs'kyi,33738,30.52355,50.45044,ADM3,1,1,1,1,0,0,0,0,0,0,0,0,0,1,0,0,0,0,0,1,0,0,0,0,0,,,46033
bert_20260228023827,154127,20260112,1,2851428,liga,702550,PPLA,Lviv,L'viv,1289,L'vivs'ka,19402,24.0299,49.83932,ADM3,0,0,0,0,0,1,1,0,0,0,0,0,0,0,0,0,0,0,0,0,0,0,0,0,0,,,46033
bert_20260228023827,188109,20260112,1,2851429,liga,703448,PPLC,Kyiv,Kiev City,1210,Shevchenkivs'kyi,33738,30.52355,50.45044,ADM3,0,0,0,0,0,1,1,0,0,0,0,0,0,0,0,0,0,0,0,0,0,0,0,0,0,,,46033
bert_20260228023827,112354,20260112,1,2845130,liga,698740,PPLA,Odessa,Odessa,1800,Odes'ka,26260,30.73169,46.48421,ADM3,1,0,0,0,0,0,1,0,0,0,0,0,0,0,0,0,0,0,0,0,0,0,0,0,0,,,46033
bert_20260228023827,112353,20260112,2,"2838734, 2781211",liga,698740,PPLA,Odessa,Odessa,1800,Odes'ka,26260,30.73169,46.48421,ADM3,0,0,0,0,0,0,1,0,0,0,0,0,0,0,0,0,0,0,0,1,0,0,0,0,0,,,46033
bert_20260228023827,359353,20260112,1,2832368,liga,8281918,PPL,Posich,Transcarpathia,2491,Khusts'kyi,18005,23.41312,48.22076,ADM1,0,0,0,0,0,1,1,0,0,0,0,0,0,0,0,0,0,0,0,0,0,0,0,0,0,,,46033
bert_20260228023827,188111,20260112,1,2825975,liga,703448,PPLC,Kyiv,Kiev City,1210,Shevchenkivs'kyi,33738,30.52355,50.45044,ADM3,0,0,1,0,0,0,0,0,0,0,0,0,0,0,0,0,0,0,0,1,0,0,0,0,0,,,46033
bert_20260228023827,112356,20260112,1,2819542,liga,698740,PPLA,Odessa,Odessa,1800,Odes'ka,26260,30.73169,46.48421,ADM3,0,1,1,0,0,0,0,0,0,0,0,0,0,0,0,0,0,0,0,0,0,0,0,0,0,,,46033
bert_20260228023827,188105,20260112,1,2819543,liga,703448,PPLC,Kyiv,Kiev City,1210,Shevchenkivs'kyi,33738,30.52355,50.45044,ADM3,0,0,0,0,0,0,0,0,0,0,0,0,0,0,0,0,0,0,0,0,0,0,0,0,0,,,46033
bert_20260228023827,154126,20260112,2,"2806800, 2793897","liga, unian",702550,PPLA,Lviv,L'viv,1289,L'vivs'ka,19402,24.0299,49.83932,ADM3,0,0,0,0,0,0,1,0,0,0,0,0,0,0,0,0,0,0,0,0,0,0,0,0,0,,,46033
bert_20260228023827,188116,20260112,1,2787174,unian,703448,PPLC,Kyiv,Kiev City,1210,Shevchenkivs'kyi,33738,30.52355,50.45044,ADM3,1,1,0,1,0,0,0,0,0,0,0,0,0,1,0,0,0,0,0,0,0,0,0,0,0,,,46033
bert_20260228023827,376806,20260112,1,2787178,espreso,9532052,PPL,Huliaipilske,Zaporizhzhya,2730,Huliaipil's'kyi,14713,36.06122,47.61272,ADM3,1,1,1,1,0,0,0,0,0,0,1,0,0,1,0,0,0,0,0,1,0,0,0,0,0,,,46033
bert_20260228023827,112357,20260112,1,2787179,espreso,698740,PPLA,Odessa,Odessa,1800,Odes'ka,26260,30.73169,46.48421,ADM3,1,1,1,0,0,0,0,0,0,0,0,0,0,0,0,0,0,0,0,0,0,0,0,0,0,,,46033
bert_20260228023827,188119,20260112,1,2787180,espreso,703448,PPLC,Kyiv,Kiev City,1210,Shevchenkivs'kyi,33738,30.52355,50.45044,ADM3,1,1,1,0,0,0,0,0,0,0,0,0,0,0,0,0,0,0,0,0,0,0,0,0,0,,,46033
bert_20260228023827,203503,20260112,2,"2787181, 2787530","espreso, liga",704422,PPLA2,Pokrovsk,Donets'k,655,Krasnoarmiis'kyi,18918,37.1756,48.28035,ADM3,0,0,0,0,0,0,0,0,0,0,0,0,0,0,0,0,0,0,0,0,0,0,0,0,0,,,46033
bert_20260228023827,58646,20260112,1,2787182,espreso,693709,PPLA2,Skadovsk,,,,,32.90879,46.11287,ADM3,1,1,0,1,0,0,0,0,0,0,0,0,0,1,0,0,0,0,0,1,0,0,0,1,0,,,46033
bert_20260228023827,89718,20260112,1,2787183,espreso,696032,PPLA2,Pustomyty,L'viv,1289,Pustomytivs'kyi,29580,23.91674,49.71749,ADM1,1,0,1,0,0,0,1,0,0,0,0,0,0,0,0,0,0,0,0,0,0,0,0,0,0,,,46033
bert_20260228023827,379317,20260112,1,2787184,espreso,9983721,PPL,Arkadiia,Odessa,1800,Odes'ka,26260,30.75096,46.45639,ADM3,1,1,1,0,1,0,0,1,0,0,0,0,0,0,0,0,0,0,0,0,0,0,0,0,0,,,46033
bert_20260228023827,82410,20260112,1,2787185,espreso,695094,PPLX,Ruttschenkowo,Donets'k,655,Donets'ka,10139,37.67529,47.95508,ADM1,1,1,1,0,0,0,0,0,0,0,0,0,0,0,1,0,0,0,1,0,0,0,0,0,0,,,46033
bert_20260228023827,188110,20260112,1,2787186,espreso,703448,PPLC,Kyiv,Kiev City,1210,Shevchenkivs'kyi,33738,30.52355,50.45044,ADM3,0,0,0,0,0,1,1,0,0,0,0,0,0,0,0,1,0,0,0,1,0,0,0,1,0,,,46033
bert_20260228023827,376805,20260112,1,2787187,espreso,9532052,PPL,Huliaipilske,Zaporizhzhya,2730,Huliaipil's'kyi,14713,36.06122,47.61272,ADM3,1,1,1,1,0,0,0,0,0,0,0,0,0,1,0,0,0,0,0,1,0,0,0,1,0,,,46033
bert_20260228023827,30005,20260112,1,2787527,liga,689131,PPL,Voloshky,Volyn,2623,Kovel's'kyi,18846,24.87053,51.19091,ADM1,1,0,1,0,0,0,1,0,0,0,0,0,0,1,0,0,0,0,0,0,0,0,0,0,0,,,46033
bert_20260228023827,192410,20260112,1,2787528,liga,703656,PPLA2,Kupiansk,Kharkiv,1191,Kupians'ka,19188,37.61478,49.7108,ADM3,0,1,1,0,0,0,1,0,0,0,0,0,0,0,0,0,0,0,0,0,0,0,0,0,0,,,46033
bert_20260228023827,188117,20260112,2,"2787529, 2787531",liga,703448,PPLC,Kyiv,Kiev City,1210,Shevchenkivs'kyi,33738,30.52355,50.45044,ADM3,1,1,0,1,0,0,0,0,0,0,1,0,0,0,0,0,0,0,0,1,0,0,0,1,0,,,46033
bert_20260228023827,112355,20260112,1,2787532,liga,698740,PPLA,Odessa,Odessa,1800,Odes'ka,26260,30.73169,46.48421,ADM3,0,1,0,0,0,0,1,0,0,0,0,0,0,0,0,0,0,0,0,0,0,0,0,0,0,,,46033
bert_20260228023827,275146,20260112,1,2787772,liveuamap,709717,PPLA,Donetsk,Donets'k,655,Donets'ka,10139,37.80285,48.01588,ADM3,1,0,1,0,0,0,0,0,0,0,0,0,0,0,0,1,0,0,0,0,0,0,0,0,0,,,46033
bert_20260228023827,287099,20260112,2,"2787773, 2787800",liveuamap,709930,PPLA,Dnipro,Dnipropetrovs'k,650,Dnipropetrovs'ka,9966,35.04618,48.46472,ADM3,1,0,1,0,0,0,0,0,0,0,0,0,0,0,0,1,0,0,0,0,0,0,0,0,0,,,46033
bert_20260228023827,257466,20260112,2,"2787774, 2787813",liveuamap,707464,PPL,Ivanopillia,Donets'k,655,Kostiantynivs'kyi,18739,37.76439,48.47357,ADM3,1,0,1,0,0,0,0,0,0,0,0,0,0,0,0,1,0,0,0,0,0,0,0,0,0,,,46033
bert_20260228023827,42288,20260112,1,2787775,liveuamap,691358,PPL,Torske,Donets'k,655,Krasnolymans'kyi,18941,37.96573,49.00937,STREET,1,0,1,0,0,0,0,0,0,0,0,0,0,0,0,1,0,0,0,0,0,0,0,0,0,,,46033
bert_20260228023827,32666,20260112,1,2787776,liveuamap,689304,PPLA2,Vovchansk,Kharkiv,1191,Vovchans'kyi,39837,36.9368,50.29401,ADM3,1,0,1,0,0,0,0,0,0,0,0,0,0,0,0,1,0,0,0,0,0,0,0,0,0,,,46033
bert_20260228023827,192411,20260112,1,2787777,liveuamap,703656,PPLA2,Kupiansk,Kharkiv,1191,Kupians'ka,19188,37.61478,49.7108,ADM3,1,1,1,1,0,0,0,0,0,0,0,0,0,0,0,1,0,0,0,0,0,0,0,0,0,,,46033
bert_20260228023827,354995,20260112,1,2787779,liveuamap,829795,PPL,Kirove,Zaporizhzhya,2730,Orikhivs'kyi,26748,35.69274,47.65945,ADM3,1,1,1,1,0,0,0,0,0,0,0,0,0,0,0,1,0,0,0,0,0,0,0,0,0,,,46033
bert_20260228023827,19274,20260112,1,2787780,liveuamap,687700,PPLA,Zaporizhzhya,Zaporizhzhya,2730,Zaporiz'ka,41153,35.13885,47.83831,ADM3,1,1,1,1,0,0,0,0,0,0,0,0,0,0,0,1,0,0,0,0,0,0,0,0,0,,,46033
bert_20260228023827,114669,20260112,1,2787781,liveuamap,699078,PPLA2,Novoukrayinka,Kirovohrad,1222,Novoukra‹ns'kyi,25938,31.52205,48.32506,ADM3,1,1,1,1,0,0,0,0,0,0,0,0,0,0,0,1,0,0,0,0,0,0,0,0,0,,,46033
bert_20260228023827,82411,20260112,1,2787782,liveuamap,695094,PPLX,Ruttschenkowo,Donets'k,655,Donets'ka,10139,37.67529,47.95508,ADM1,1,1,1,1,0,0,0,0,0,0,0,0,0,0,0,1,0,0,0,0,0,0,0,0,0,,,46033
bert_20260228023827,387941,20260112,1,2787783,liveuamap,11151973,PPL,Stepove,Dnipropetrovs'k,650,Krynychans'kyi,19030,34.53593,48.44595,ADM3,1,1,0,0,1,0,0,0,0,0,1,0,0,0,0,0,0,0,0,0,0,0,0,0,0,,,46033
bert_20260228023827,376804,20260112,1,2787784,liveuamap,9532052,PPL,Huliaipilske,Zaporizhzhya,2730,Huliaipil's'kyi,14713,36.06122,47.61272,ADM3,1,0,0,0,0,0,0,0,0,0,0,0,0,0,0,0,0,0,0,0,0,0,0,0,0,,,46033
bert_20260228023827,261518,20260112,1,2787785,liveuamap,707898,PPLA2,Hulyaypole,Zaporizhzhya,2730,Huliaipil's'kyi,14713,36.25322,47.66644,ADM3,1,0,0,0,0,0,0,0,0,0,0,0,0,0,0,0,0,0,0,0,0,0,0,0,0,,,46033
bert_20260228023827,268920,20260112,1,2787786,liveuamap,709671,PPL,Dorozhnianka,Zaporizhzhya,2730,Huliaipil's'kyi,14713,36.26004,47.58678,ADM3,1,0,0,0,0,0,0,0,0,0,0,0,0,0,0,0,0,0,0,0,0,0,0,0,0,,,46033
bert_20260228023827,57697,20260112,1,2787787,liveuamap,693468,PPL,Sloviansk,Donets'k,655,Slovians'ka,34511,37.60582,48.85227,ADM3,1,1,1,1,0,0,0,1,0,0,1,0,0,0,0,0,0,0,0,0,0,0,0,0,0,,,46033
bert_20260228023827,55773,20260112,1,2787788,liveuamap,693086,PPL,Sosnivka,L'viv,1289,Sokal's'kyi,34627,24.25376,50.29435,ADM3,1,1,1,1,0,0,0,0,0,0,1,0,0,0,0,0,0,0,0,0,0,0,0,0,0,,,46033
bert_20260228023827,235312,20260112,1,2787789,liveuamap,706448,PPLA,Kherson,Kherson,1195,Khersons'ka,17890,32.61496,46.64032,ADM3,1,1,1,0,1,0,0,1,0,0,1,0,0,0,0,0,0,0,0,1,0,0,0,0,0,,,46033
bert_20260228023827,360524,20260112,1,2787790,liveuamap,8419787,PPL,Zakumske,Sumy,2356,Sums'kyi,35426,34.64912,50.95537,ADM2,1,1,1,0,1,0,0,1,0,0,1,0,0,0,0,0,0,0,0,0,0,0,0,0,0,,,46033
bert_20260228023827,250167,20260112,1,2787791,liveuamap,706483,PPLA,Kharkiv,Kharkiv,1191,Kharkivs'ka,17850,36.2312,49.99217,ADM3,1,0,0,0,0,0,0,0,0,0,0,0,0,0,0,0,1,1,0,0,0,0,0,0,0,,,46033
bert_20260228023827,294890,20260112,1,2787792,liveuamap,710735,PPLA,Chernihiv,Chernihiv,498,Chernihivs'ka,7660,31.29865,51.49101,ADM3,0,0,1,0,0,0,1,0,0,0,0,0,0,0,0,0,0,0,0,0,0,0,0,0,0,,,46033
bert_20260228023827,250169,20260112,1,2787793,liveuamap,706483,PPLA,Kharkiv,Kharkiv,1191,Kharkivs'ka,17850,36.2312,49.99217,ADM3,1,1,1,1,0,0,0,0,0,0,0,0,0,0,1,0,0,0,1,0,0,0,0,0,0,,,46033
bert_20260228023827,57696,20260112,2,"2787794, 2787806",liveuamap,693468,PPL,Sloviansk,Donets'k,655,Slovians'ka,34511,37.60582,48.85227,ADM3,1,0,1,0,0,0,0,0,0,0,0,0,0,0,0,1,0,0,0,0,0,0,0,0,0,,,46033
bert_20260228023827,188115,20260112,1,2787795,liveuamap,703448,PPLC,Kyiv,Kiev City,1210,Shevchenkivs'kyi,33738,30.52355,50.45044,ADM3,1,1,0,0,1,0,0,1,0,0,1,0,0,0,0,0,0,0,0,0,0,0,0,0,0,,,46033
bert_20260228023827,250168,20260112,1,2787797,liveuamap,706483,PPLA,Kharkiv,Kharkiv,1191,Kharkivs'ka,17850,36.2312,49.99217,ADM3,0,0,0,0,0,1,1,0,0,0,0,0,1,0,0,0,0,0,0,0,0,0,0,1,0,,,46033
bert_20260228023827,32665,20260112,1,2787798,liveuamap,689304,PPLA2,Vovchansk,Kharkiv,1191,Vovchans'kyi,39837,36.9368,50.29401,ADM3,0,0,0,0,0,1,1,0,0,0,0,0,1,0,0,0,0,0,0,0,0,0,0,1,0,,,46033
bert_20260228023827,192409,20260112,1,2787799,liveuamap,703656,PPLA2,Kupiansk,Kharkiv,1191,Kupians'ka,19188,37.61478,49.7108,ADM3,1,0,1,0,0,0,0,0,0,0,0,0,0,0,0,1,0,0,0,0,0,0,0,0,0,,,46033
bert_20260228023827,208598,20260112,2,"2787801, 2787812",liveuamap,705104,PPL,Kostiantynivka,Donets'k,655,Kostiantynivs'ka,18738,37.69368,48.53467,ADM3,1,0,1,0,0,0,0,0,0,0,0,0,0,0,0,1,0,0,0,0,0,0,0,0,0,,,46033
bert_20260228023827,82409,20260112,1,2787802,liveuamap,695094,PPLX,Ruttschenkowo,Donets'k,655,Donets'ka,10139,37.67529,47.95508,ADM1,1,0,1,0,0,0,0,0,0,0,0,0,0,0,0,1,0,0,0,0,0,0,0,0,0,,,46033
bert_20260228023827,373677,20260112,1,2787803,liveuamap,9114542,PPL,Novyi,Luhans'k,1405,Krasnoluts'ka,18939,38.59081,48.49995,ADM3,1,0,1,0,0,0,0,0,0,0,0,0,0,0,0,1,0,0,0,0,0,0,0,0,0,,,46033
bert_20260228023827,19895,20260112,1,2787804,liveuamap,688051,PPL,Yurkivka,Kiev,1209,Stavyshchens'kyi,35110,30.09323,49.32365,ADM3,1,0,1,0,0,0,0,0,0,0,0,0,0,0,0,1,0,0,0,0,0,0,0,0,0,,,46033
bert_20260228023827,19272,20260112,1,2787805,liveuamap,687700,PPLA,Zaporizhzhya,Zaporizhzhya,2730,Zaporiz'ka,41153,35.13885,47.83831,ADM3,1,0,1,0,0,0,0,0,0,0,0,0,0,0,0,1,0,0,0,0,0,0,0,0,0,,,46033
bert_20260228023827,114425,20260112,1,2787807,liveuamap,699038,PPL,Novovodyane,Donets'k,655,Dobropil's'kyi,9997,37.14306,48.54556,ADM3,1,1,1,1,0,0,0,0,1,0,0,0,0,0,0,0,0,0,0,1,0,0,0,0,0,,,46033
bert_20260228023827,363622,20260112,1,2787808,liveuamap,8673776,PPLX,Kholodna Hora,Kharkiv,1191,Kharkivs'ka,17850,36.21038,49.96635,ADM3,1,1,1,1,0,0,0,0,1,0,0,0,0,0,0,0,0,0,0,1,0,0,0,0,0,,,46033
bert_20260228023827,217412,20260112,1,2787809,liveuamap,705408,PPL,Kolodiazi,Donets'k,655,Krasnolymans'kyi,18941,37.88154,49.08314,ADM3,1,1,1,1,0,0,0,0,1,0,0,0,0,0,0,0,0,0,0,1,0,0,0,0,0,,,46033
bert_20260228023827,268738,20260112,1,2787810,liveuamap,709614,PPLA3,Drobysheve,Donets'k,655,Krasnolymans'kyi,18941,37.73407,49.04347,ADM3,1,1,1,1,0,0,0,0,1,0,0,0,0,0,0,0,0,0,0,1,0,0,0,0,0,,,46033
bert_20260228023827,131902,20260112,1,2787811,liveuamap,701062,PPL,Myrne,Donets'k,655,Tel'manivs'kyi,36664,37.73444,47.42425,ADM3,1,1,1,1,0,0,0,0,1,0,0,0,0,0,0,0,0,0,0,1,0,0,0,0,0,,,46033
bert_20260228023827,55772,20260112,1,2787814,liveuamap,693086,PPL,Sosnivka,L'viv,1289,Sokal's'kyi,34627,24.25376,50.29435,ADM3,1,0,1,0,0,0,0,0,0,0,0,0,0,0,0,1,0,0,0,0,0,0,0,0,0,,,46033
bert_20260228023827,55608,20260112,1,2787815,liveuamap,693065,PPLX,Sotsmisto,Donets'k,655,Kramators'ka,18898,37.5844,48.73898,ADM3,1,0,1,0,0,0,0,0,0,0,0,0,0,0,0,1,0,0,0,0,0,0,0,0,0,,,46033
bert_20260228023827,370603,20260112,1,2787816,liveuamap,9113948,PPL,Stupochky,Donets'k,655,Kostiantynivs'kyi,18739,37.82831,48.53838,STREET,1,0,1,0,0,0,0,0,0,0,0,0,0,0,0,1,0,0,0,0,0,0,0,0,0,,,46033
bert_20260228023827,287933,20260112,1,2787817,liveuamap,710035,PPLA2,Myrnohrad,Donets'k,655,Krasnoarmiis'ka,18917,37.2591,48.30791,ADM3,1,0,1,0,0,0,0,0,0,0,0,0,0,0,0,1,0,0,0,0,0,0,0,0,0,,,46033
bert_20260228023827,203505,20260112,1,2787818,liveuamap,704422,PPLA2,Pokrovsk,Donets'k,655,Krasnoarmiis'kyi,18918,37.1756,48.28035,ADM3,1,0,1,0,0,0,0,0,0,0,0,0,0,0,0,1,0,0,0,0,0,0,0,0,0,,,46033
bert_20260228023827,364864,20260112,1,2787819,liveuamap,9112127,PPL,Kotlyne,Donets'k,655,Krasnoarmiis'kyi,18918,37.04956,48.25514,ADM3,1,0,1,0,0,0,0,0,0,0,0,0,0,0,0,1,0,0,0,0,0,0,0,0,0,,,46033
bert_20260228023827,40251,20260112,1,2787820,liveuamap,690841,PPL,Udachne,Donets'k,655,Krasnoarmiis'kyi,18918,36.98273,48.23942,ADM3,1,0,1,0,0,0,0,0,0,0,0,0,0,0,0,1,0,0,0,0,0,0,0,0,0,,,46033
bert_20260228023827,365736,20260112,1,2787821,liveuamap,9112581,PPL,Novoserhiivka,Donets'k,655,Krasnoarmiis'kyi,18918,36.96347,48.19837,ADM3,1,0,1,0,0,0,0,0,0,0,0,0,0,0,0,1,0,0,0,0,0,0,0,0,0,,,46033
bert_20260228023827,235311,20260112,1,2787822,liveuamap,706448,PPLA,Kherson,Kherson,1195,Khersons'ka,17890,32.61496,46.64032,ADM3,1,0,1,0,0,0,0,0,0,0,0,0,0,0,0,1,0,0,0,0,0,0,0,0,0,,,46033
bert_20260228023827,261519,20260112,1,2787823,liveuamap,707898,PPLA2,Hulyaypole,Zaporizhzhya,2730,Huliaipil's'kyi,14713,36.25322,47.66644,ADM3,1,0,1,0,0,0,0,0,0,0,0,0,0,0,0,1,0,0,0,0,0,0,0,0,0,,,46033
bert_20260228023827,19273,20260112,1,2787825,liveuamap,687700,PPLA,Zaporizhzhya,Zaporizhzhya,2730,Zaporiz'ka,41153,35.13885,47.83831,ADM3,1,1,1,0,1,0,0,0,0,0,1,0,0,0,0,0,0,1,0,1,0,0,0,0,0,,,46033
bert_20260228023827,112358,20260112,1,2787826,liveuamap,698740,PPLA,Odessa,Odessa,1800,Odes'ka,26260,30.73169,46.48421,ADM3,1,1,1,1,0,0,0,0,0,0,1,0,0,0,0,0,0,0,0,0,0,0,0,0,0,,,46033
bert_20260228023827,82408,20260112,1,2793887,meduza,695094,PPLX,Ruttschenkowo,Donets'k,655,Donets'ka,10139,37.67529,47.95508,ADM1,0,0,0,0,0,0,1,0,0,0,0,0,0,0,0,0,0,0,0,0,0,0,0,0,0,,,46033
bert_20260228023827,373675,20260112,1,2793888,unian,9114542,PPL,Novyi,Luhans'k,1405,Krasnoluts'ka,18939,38.59081,48.49995,ADM3,0,0,0,0,0,0,1,0,0,0,0,0,0,0,0,0,0,0,0,0,0,0,0,0,0,,,46033
bert_20260228023827,188107,20260112,1,2793889,unian,703448,PPLC,Kyiv,Kiev City,1210,Shevchenkivs'kyi,33738,30.52355,50.45044,ADM3,1,0,0,0,0,0,1,0,0,0,0,0,0,0,0,0,0,0,0,1,0,0,0,0,0,,,46033
bert_20260228023827,373676,20260112,1,2793890,unian,9114542,PPL,Novyi,Luhans'k,1405,Krasnoluts'ka,18939,38.59081,48.49995,ADM3,0,0,1,0,0,0,0,0,0,0,0,0,0,0,0,0,0,0,0,0,0,0,0,0,0,,,46033
bert_20260228023827,112351,20260112,1,2793891,unian,698740,PPLA,Odessa,Odessa,1800,Odes'ka,26260,30.73169,46.48421,ADM3,0,0,0,0,0,0,0,0,0,0,0,0,0,0,0,0,0,0,0,0,0,0,0,0,0,,,46033
bert_20260228023827,112359,20260112,1,2793892,unian,698740,PPLA,Odessa,Odessa,1800,Odes'ka,26260,30.73169,46.48421,ADM3,1,1,1,1,0,0,0,0,1,0,0,0,0,0,0,0,0,0,0,1,0,0,0,0,0,,,46033
bert_20260228023827,154128,20260112,1,2793893,unian,702550,PPLA,Lviv,L'viv,1289,L'vivs'ka,19402,24.0299,49.83932,ADM3,0,1,0,1,0,0,0,0,0,0,0,0,0,0,0,0,0,0,0,0,0,0,0,0,0,,,46033
bert_20260228023827,345571,20260112,1,2793894,unian,805500,PPL,Voronyne,Sumy,2356,Bilopils'kyi,4621,34.12376,51.10624,ADM1,0,0,0,0,0,0,0,0,0,0,0,0,0,0,0,0,0,0,0,0,0,0,0,0,0,,,46033
bert_20260228023827,373679,20260112,1,2793895,unian,9114542,PPL,Novyi,Luhans'k,1405,Krasnoluts'ka,18939,38.59081,48.49995,ADM3,1,1,1,1,0,0,0,0,0,0,0,0,0,0,1,0,0,0,0,0,0,0,0,0,0,,,46033
bert_20260228023827,319018,20260112,1,2793896,unian,712609,PPL,Bilka,Odessa,1800,Ivanivs'kyi,15842,30.40579,46.90822,ADM1,1,1,0,1,0,0,0,0,0,0,0,0,0,0,0,0,0,0,0,1,0,0,0,0,0,,,46033
bert_20260228023827,188114,20260112,1,2793898,unian,703448,PPLC,Kyiv,Kiev City,1210,Shevchenkivs'kyi,33738,30.52355,50.45044,ADM3,1,0,1,0,1,0,0,0,0,0,0,0,0,0,1,0,0,0,0,0,0,0,0,0,0,,,46033
bert_20260228023827,49219,20260112,1,2793899,unian,692194,PPLA,Sumy,Sumy,2356,Sums'ka,35425,34.80276,50.91198,ADM3,0,0,0,0,0,0,1,0,0,0,0,0,0,0,0,0,0,0,0,1,0,0,0,0,0,,,46033
bert_20260228023827,188112,20260112,1,2793901,unian,703448,PPLC,Kyiv,Kiev City,1210,Shevchenkivs'kyi,33738,30.52355,50.45044,ADM3,1,0,1,0,0,0,0,0,0,0,0,0,0,0,0,0,0,0,0,0,0,0,0,0,0,,,46033
bert_20260228023827,373678,20260112,1,2793902,unian,9114542,PPL,Novyi,Luhans'k,1405,Krasnoluts'ka,18939,38.59081,48.49995,ADM3,0,1,1,0,0,0,1,0,0,0,0,0,0,0,0,0,0,0,0,0,0,0,0,0,0,,,46033
bert_20260228023827,188118,20260112,1,2793903,unian,703448,PPLC,Kyiv,Kiev City,1210,Shevchenkivs'kyi,33738,30.52355,50.45044,ADM3,1,1,0,1,0,0,1,0,0,0,0,0,0,0,1,0,0,0,0,0,0,0,0,0,0,,,46033
bert_20260228023827,112352,20260112,2,"2793904, 2781212","unian, liga",698740,PPLA,Odessa,Odessa,1800,Odes'ka,26260,30.73169,46.48421,ADM3,0,0,0,0,0,0,1,0,0,0,0,0,0,0,0,0,0,0,0,0,0,0,0,0,0,,,46033
bert_20260228023827,203504,20260112,1,2793906,unian,704422,PPLA2,Pokrovsk,Donets'k,655,Krasnoarmiis'kyi,18918,37.1756,48.28035,ADM3,1,0,0,0,0,0,1,1,0,0,0,0,0,0,0,0,0,0,0,0,0,0,0,0,0,,,46033
bert_20260228023827,188113,20260112,1,2781214,liga,703448,PPLC,Kyiv,Kiev City,1210,Shevchenkivs'kyi,33738,30.52355,50.45044,ADM3,0,0,1,0,0,1,1,0,0,0,0,0,0,0,0,0,0,0,0,0,0,0,0,0,0,,,46033
bert_20260228023827,188122,20260112,1,2781215,liga,703448,PPLC,Kyiv,Kiev City,1210,Shevchenkivs'kyi,33738,30.52355,50.45044,ADM3,1,1,1,1,0,0,0,0,0,0,0,0,0,0,1,0,0,0,1,0,0,0,0,0,0,,,46033
bert_20260228023827,357645,20260112,1,2781216,liga,8250815,PPL,Karpaty,Transcarpathia,2491,Mukachivs'kyi,24017,22.8742,48.52159,ADM3,1,1,1,0,1,0,0,0,0,0,0,0,0,1,0,0,0,1,0,1,0,0,0,0,0,,,46033
bert_20260228023827,197346,20260112,1,2787172,unian,704204,PPL,Lyman,Donets'k,655,Krasnolymans'kyi,18941,37.82245,48.96409,ADM3,0,0,0,0,0,0,1,0,0,0,0,0,0,0,0,0,0,0,0,0,0,0,0,0,0,,,46033
bert_20260228023827,57695,20260112,1,2787173,unian,693468,PPL,Sloviansk,Donets'k,655,Slovians'ka,34511,37.60582,48.85227,ADM3,0,0,0,0,0,0,1,0,0,0,0,0,0,0,0,0,0,0,0,0,0,0,0,0,0,,,46033
bert_20260228023827,188135,20260113,1,2946703,liga,703448,PPLC,Kyiv,Kiev City,1210,Shevchenkivs'kyi,33738,30.52355,50.45044,ADM3,1,1,1,1,0,0,0,0,0,0,0,0,0,0,0,0,0,0,0,1,0,0,0,0,0,,,46034
bert_20260228023827,188126,20260113,2,"2896131, 2800109","liga, unian",703448,PPLC,Kyiv,Kiev City,1210,Shevchenkivs'kyi,33738,30.52355,50.45044,ADM3,0,0,0,0,0,0,1,0,0,0,0,0,0,0,0,0,0,0,0,0,0,0,0,0,0,,,46034
bert_20260228023827,29689,20260113,1,2870307,liga,689103,PPL,Volovytsia,Chernihiv,498,Borznians'kyi,5262,32.00406,51.35543,ADM1,0,0,0,0,0,1,0,0,0,0,0,0,0,0,0,0,0,0,0,0,0,0,0,0,0,,,46034
bert_20260228023827,188127,20260113,1,2870308,liga,703448,PPLC,Kyiv,Kiev City,1210,Shevchenkivs'kyi,33738,30.52355,50.45044,ADM3,0,0,0,0,0,1,0,0,0,0,0,0,0,0,0,0,0,0,0,0,0,0,0,0,0,,,46034
bert_20260228023827,188136,20260113,2,"2863997, 2825990",liga,703448,PPLC,Kyiv,Kiev City,1210,Shevchenkivs'kyi,33738,30.52355,50.45044,ADM3,1,1,1,1,0,0,0,0,0,0,0,0,0,0,0,0,0,0,0,1,0,0,0,1,0,,,46034
bert_20260228023827,188138,20260113,2,"2857735, 2800114","liga, unian",703448,PPLC,Kyiv,Kiev City,1210,Shevchenkivs'kyi,33738,30.52355,50.45044,ADM3,1,1,1,1,0,0,0,0,0,0,0,0,0,1,0,0,0,0,0,1,0,0,0,0,0,,,46034
bert_20260228023827,154131,20260113,1,2851441,liga,702550,PPLA,Lviv,L'viv,1289,L'vivs'ka,19402,24.0299,49.83932,ADM3,0,0,0,0,0,1,1,0,0,0,0,0,0,0,0,0,0,0,0,0,0,0,0,0,0,,,46034
bert_20260228023827,188129,20260113,1,2851442,liga,703448,PPLC,Kyiv,Kiev City,1210,Shevchenkivs'kyi,33738,30.52355,50.45044,ADM3,0,0,0,0,0,1,1,0,0,0,0,0,0,0,0,0,0,0,0,0,0,0,0,0,0,,,46034
bert_20260228023827,112362,20260113,1,2845143,liga,698740,PPLA,Odessa,Odessa,1800,Odes'ka,26260,30.73169,46.48421,ADM3,1,0,0,0,0,0,1,0,0,0,0,0,0,0,0,0,0,0,0,0,0,0,0,0,0,,,46034
bert_20260228023827,112361,20260113,1,2838746,liga,698740,PPLA,Odessa,Odessa,1800,Odes'ka,26260,30.73169,46.48421,ADM3,0,0,0,0,0,0,1,0,0,0,0,0,0,0,0,0,0,0,0,1,0,0,0,0,0,,,46034
bert_20260228023827,359354,20260113,1,2832381,liga,8281918,PPL,Posich,Transcarpathia,2491,Khusts'kyi,18005,23.41312,48.22076,ADM1,0,0,0,0,0,1,1,0,0,0,0,0,0,0,0,0,0,0,0,0,0,0,0,0,0,,,46034
bert_20260228023827,188131,20260113,1,2825989,liga,703448,PPLC,Kyiv,Kiev City,1210,Shevchenkivs'kyi,33738,30.52355,50.45044,ADM3,0,0,1,0,0,0,0,0,0,0,0,0,0,0,0,0,0,0,0,1,0,0,0,0,0,,,46034
bert_20260228023827,112369,20260113,1,2819555,liga,698740,PPLA,Odessa,Odessa,1800,Odes'ka,26260,30.73169,46.48421,ADM3,0,1,1,0,0,0,0,0,0,0,0,0,0,0,0,0,0,0,0,0,0,0,0,0,0,,,46034
bert_20260228023827,188124,20260113,3,"2819556, 2800125, 2800127","liga, unian",703448,PPLC,Kyiv,Kiev City,1210,Shevchenkivs'kyi,33738,30.52355,50.45044,ADM3,0,0,0,0,0,0,0,0,0,0,0,0,0,0,0,0,0,0,0,0,0,0,0,0,0,,,46034
bert_20260228023827,154130,20260113,1,2806811,liga,702550,PPLA,Lviv,L'viv,1289,L'vivs'ka,19402,24.0299,49.83932,ADM3,0,0,0,0,0,0,1,0,0,0,0,0,0,0,0,0,0,0,0,0,0,0,0,0,0,,,46034
bert_20260228023827,205887,20260113,1,2793907,unian,704568,PPL,Kozerohy,Chernihiv,498,Chernihivs'kyi,7661,31.0412,51.30626,ADM3,0,0,0,0,0,0,1,0,0,0,0,0,0,0,0,0,0,0,0,0,0,0,0,0,0,,,46034
bert_20260228023827,373680,20260113,3,"2793908, 2800101, 2800124",unian,9114542,PPL,Novyi,Luhans'k,1405,Krasnoluts'ka,18939,38.59081,48.49995,ADM3,0,0,0,0,0,0,1,0,0,0,0,0,0,0,0,0,0,0,0,0,0,0,0,0,0,,,46034
bert_20260228023827,376808,20260113,1,2793909,espreso,9532052,PPL,Huliaipilske,Zaporizhzhya,2730,Huliaipil's'kyi,14713,36.06122,47.61272,ADM3,1,1,1,1,0,0,0,0,0,0,0,0,0,0,0,1,0,0,0,0,0,0,0,0,0,,,46034
bert_20260228023827,29690,20260113,1,2793910,espreso,689103,PPL,Volovytsia,Chernihiv,498,Borznians'kyi,5262,32.00406,51.35543,ADM1,0,0,1,0,0,0,0,1,0,0,0,0,0,0,0,0,0,0,0,0,0,0,0,0,0,,,46034
bert_20260228023827,397084,20260113,1,2793911,espreso,,,,,,,,38.92852,47.21537,ADM3,1,1,1,0,1,0,0,0,0,0,1,0,0,1,0,0,0,0,0,1,0,0,0,0,0,,,46034
bert_20260228023827,287103,20260113,1,2793912,espreso,709930,PPLA,Dnipro,Dnipropetrovs'k,650,Dnipropetrovs'ka,9966,35.04618,48.46472,ADM3,1,1,1,1,0,0,0,0,0,0,0,0,0,0,0,0,0,0,0,1,0,0,0,0,0,,,46034
bert_20260228023827,319020,20260113,1,2793913,espreso,712609,PPL,Bilka,Odessa,1800,Ivanivs'kyi,15842,30.40579,46.90822,ADM1,1,1,1,1,0,0,0,0,0,0,0,0,0,0,0,0,0,0,0,1,0,0,0,0,0,,,46034
bert_20260228023827,393693,20260113,1,2793914,espreso,11777953,PPL,Deremezna,Kiev,1209,Obukhivs'kyi,26204,30.47662,50.02393,ADM1,1,1,1,1,0,0,0,0,0,0,0,0,0,0,0,0,0,0,0,1,0,0,0,0,0,,,46034
bert_20260228023827,89719,20260113,1,2793915,espreso,696032,PPLA2,Pustomyty,L'viv,1289,Pustomytivs'kyi,29580,23.91674,49.71749,ADM1,1,1,1,1,0,0,0,0,0,0,1,0,0,0,0,0,0,0,0,1,0,0,0,1,0,,,46034
bert_20260228023827,188140,20260113,1,2793916,espreso,703448,PPLC,Kyiv,Kiev City,1210,Shevchenkivs'kyi,33738,30.52355,50.45044,ADM3,1,1,1,1,0,0,0,0,0,0,1,0,0,1,0,0,0,1,0,1,0,0,0,1,0,,,46034
bert_20260228023827,154133,20260113,1,2793917,espreso,702550,PPLA,Lviv,L'viv,1289,L'vivs'ka,19402,24.0299,49.83932,ADM3,1,1,1,1,0,0,0,0,0,0,1,0,0,1,0,0,0,1,0,1,0,0,0,1,0,,,46034
bert_20260228023827,250173,20260113,1,2793918,espreso,706483,PPLA,Kharkiv,Kharkiv,1191,Kharkivs'ka,17850,36.2312,49.99217,ADM3,1,1,0,1,0,0,0,0,0,0,1,0,0,1,0,0,0,0,0,1,0,0,0,1,0,,,46034
bert_20260228023827,112368,20260113,1,2793919,espreso,698740,PPLA,Odessa,Odessa,1800,Odes'ka,26260,30.73169,46.48421,ADM3,1,1,0,1,0,0,0,0,0,0,1,0,0,1,0,0,0,0,0,1,0,0,0,1,0,,,46034
bert_20260228023827,143751,20260113,1,2793920,espreso,701822,PPL,Mariupol,Donets'k,655,Mariupol's'ka,22073,37.54144,47.0967,ADM3,1,1,1,0,1,0,0,0,0,0,1,0,0,0,0,0,0,1,0,1,0,0,0,0,0,,,46034
bert_20260228023827,148505,20260113,1,2793921,espreso,702320,PPLA2,Makiivka,Donets'k,655,Maki‹vs'ka,21496,37.96583,48.04653,ADM3,1,1,1,0,1,0,0,0,0,0,1,0,0,0,0,0,0,1,0,1,0,0,0,0,0,,,46034
bert_20260228023827,112372,20260113,2,"2793922, 2800113","espreso, unian",698740,PPLA,Odessa,Odessa,1800,Odes'ka,26260,30.73169,46.48421,ADM3,1,1,1,1,0,0,0,0,0,0,0,0,0,0,0,0,0,0,0,1,0,0,0,0,0,,,46034
bert_20260228023827,188125,20260113,1,2794169,liga,703448,PPLC,Kyiv,Kiev City,1210,Shevchenkivs'kyi,33738,30.52355,50.45044,ADM3,0,0,0,0,0,0,0,0,0,0,0,0,0,0,0,0,0,0,0,1,0,0,0,0,0,,,46034
bert_20260228023827,259681,20260113,1,2794170,liga,707565,PPL,Irpin,Kiev,1209,Kyievo-Sviatoshyns'kyi,19355,30.24459,50.51976,ADM3,0,0,0,0,0,0,0,0,0,0,0,0,0,0,0,0,0,0,0,1,0,0,0,0,0,,,46034
bert_20260228023827,154132,20260113,1,2794171,liga,702550,PPLA,Lviv,L'viv,1289,L'vivs'ka,19402,24.0299,49.83932,ADM3,1,0,1,0,0,1,0,0,0,0,0,0,1,0,0,0,0,0,0,0,0,0,0,1,0,,,46034
bert_20260228023827,112365,20260113,1,2794172,liga,698740,PPLA,Odessa,Odessa,1800,Odes'ka,26260,30.73169,46.48421,ADM3,1,1,0,1,0,0,0,0,0,0,0,0,0,0,0,0,0,0,0,1,0,0,0,1,0,,,46034
bert_20260228023827,235314,20260113,1,2794173,liga,706448,PPLA,Kherson,Kherson,1195,Khersons'ka,17890,32.61496,46.64032,ADM3,0,1,1,1,0,0,0,0,0,0,0,0,1,0,0,0,1,0,0,1,0,0,0,1,0,,,46034
bert_20260228023827,143752,20260113,1,2794174,liga,701822,PPL,Mariupol,Donets'k,655,Mariupol's'ka,22073,37.54144,47.0967,ADM3,1,1,1,0,1,0,0,0,0,0,1,0,0,1,0,0,0,0,0,1,0,0,0,0,0,,,46034
bert_20260228023827,188130,20260113,1,2794175,liga,703448,PPLC,Kyiv,Kiev City,1210,Shevchenkivs'kyi,33738,30.52355,50.45044,ADM3,0,0,0,0,0,1,1,0,0,0,0,0,0,0,0,0,0,0,0,0,0,0,0,1,0,,,46034
bert_20260228023827,188132,20260113,1,2794176,liga,703448,PPLC,Kyiv,Kiev City,1210,Shevchenkivs'kyi,33738,30.52355,50.45044,ADM3,1,1,0,0,0,0,0,0,0,0,0,0,0,0,0,0,0,0,0,1,0,0,0,0,0,,,46034
bert_20260228023827,112367,20260113,2,"2794177, 2800105","liga, unian",698740,PPLA,Odessa,Odessa,1800,Odes'ka,26260,30.73169,46.48421,ADM3,1,1,0,1,0,0,0,0,0,0,1,0,0,0,0,0,0,0,0,1,0,0,0,1,0,,,46034
bert_20260228023827,250172,20260113,1,2794178,liga,706483,PPLA,Kharkiv,Kharkiv,1191,Kharkivs'ka,17850,36.2312,49.99217,ADM3,1,1,0,1,0,0,0,0,0,0,1,0,0,0,0,0,0,0,0,1,0,0,0,1,0,,,46034
bert_20260228023827,287100,20260113,1,2800102,unian,709930,PPLA,Dnipro,Dnipropetrovs'k,650,Dnipropetrovs'ka,9966,35.04618,48.46472,ADM3,0,0,1,0,0,0,0,0,0,0,0,0,0,0,0,0,0,0,0,0,0,0,0,0,0,,,46034
bert_20260228023827,373681,20260113,1,2800103,unian,9114542,PPL,Novyi,Luhans'k,1405,Krasnoluts'ka,18939,38.59081,48.49995,ADM3,0,0,1,0,0,0,0,0,0,0,0,0,0,0,0,0,0,0,0,0,0,0,0,0,0,,,46034
bert_20260228023827,154129,20260113,1,2800104,unian,702550,PPLA,Lviv,L'viv,1289,L'vivs'ka,19402,24.0299,49.83932,ADM3,0,0,0,0,0,0,0,0,0,0,0,0,0,0,0,0,0,0,0,0,0,0,0,0,0,,,46034
bert_20260228023827,250174,20260113,1,2800106,unian,706483,PPLA,Kharkiv,Kharkiv,1191,Kharkivs'ka,17850,36.2312,49.99217,ADM3,1,1,0,1,0,0,0,0,1,0,0,0,0,1,0,0,0,0,0,1,0,0,0,1,0,,,46034
bert_20260228023827,393691,20260113,1,2800107,unian,11777953,PPL,Deremezna,Kiev,1209,Obukhivs'kyi,26204,30.47662,50.02393,ADM1,0,1,0,0,0,0,0,0,0,0,0,0,0,0,0,0,0,0,0,0,0,0,0,0,0,,,46034
bert_20260228023827,373682,20260113,1,2800108,unian,9114542,PPL,Novyi,Luhans'k,1405,Krasnoluts'ka,18939,38.59081,48.49995,ADM3,1,1,1,1,1,0,0,0,0,0,1,1,0,1,0,0,0,0,0,1,0,0,1,0,0,,,46034
bert_20260228023827,397082,20260113,1,2800110,unian,,,,,,,,38.92852,47.21537,ADM3,1,1,1,0,1,0,0,0,0,0,1,0,0,0,0,0,0,1,0,0,0,0,0,0,0,,,46034
bert_20260228023827,188139,20260113,1,2800111,unian,703448,PPLC,Kyiv,Kiev City,1210,Shevchenkivs'kyi,33738,30.52355,50.45044,ADM3,1,1,1,1,0,0,0,0,0,0,1,0,0,0,0,0,0,0,0,1,0,0,0,1,0,,,46034
bert_20260228023827,319019,20260113,1,2800112,unian,712609,PPL,Bilka,Odessa,1800,Ivanivs'kyi,15842,30.40579,46.90822,ADM1,0,0,0,0,0,1,1,0,0,0,0,0,0,0,0,0,0,0,0,0,0,0,0,0,0,,,46034
bert_20260228023827,393690,20260113,1,2800115,unian,11777953,PPL,Deremezna,Kiev,1209,Obukhivs'kyi,26204,30.47662,50.02393,ADM1,0,0,0,0,0,0,0,0,0,0,0,0,0,0,0,0,0,0,0,0,0,0,0,0,0,,,46034
bert_20260228023827,250175,20260113,1,2800116,unian,706483,PPLA,Kharkiv,Kharkiv,1191,Kharkivs'ka,17850,36.2312,49.99217,ADM3,1,1,1,0,0,0,0,0,0,0,0,0,0,1,0,0,0,0,0,1,0,0,1,1,0,,,46034
bert_20260228023827,91965,20260113,1,2800117,unian,696605,PPL,Palianytsia,Ivano-Frankivs'k,1023,Iaremchans'ka,14828,24.4443,48.34886,ADM3,1,1,1,0,1,0,0,1,0,0,1,0,0,1,0,0,0,0,0,0,0,0,0,0,0,,,46034
bert_20260228023827,112371,20260113,1,2800118,unian,698740,PPLA,Odessa,Odessa,1800,Odes'ka,26260,30.73169,46.48421,ADM3,0,1,1,1,0,0,0,0,0,0,0,0,0,0,1,0,0,0,1,0,0,0,0,0,0,,,46034
bert_20260228023827,289797,20260113,1,2800119,unian,710403,PPLQ,Chornobyl,Kiev,1209,Ivankivs'kyi,15844,30.211,51.27784,ADM3,0,0,0,0,0,0,1,0,0,0,0,0,0,0,0,0,0,0,0,0,0,0,0,0,0,,,46034
bert_20260228023827,103023,20260113,1,2800120,unian,698428,PPLA2,Orikhiv,Zaporizhzhya,2730,Orikhivs'kyi,26748,35.77773,47.56947,ADM3,1,1,1,1,0,0,0,0,0,0,0,0,0,0,1,0,0,0,1,0,0,0,0,0,0,,,46034
bert_20260228023827,188133,20260113,1,2800121,unian,703448,PPLC,Kyiv,Kiev City,1210,Shevchenkivs'kyi,33738,30.52355,50.45044,ADM3,0,1,0,1,0,0,0,0,0,0,0,0,0,0,0,0,0,0,0,1,0,0,0,0,0,,,46034
bert_20260228023827,82413,20260113,1,2800122,unian,695094,PPLX,Ruttschenkowo,Donets'k,655,Donets'ka,10139,37.67529,47.95508,ADM1,1,1,1,1,0,0,0,0,0,0,0,0,0,0,1,0,0,0,1,0,0,0,0,0,0,,,46034
bert_20260228023827,188134,20260113,1,2800123,unian,703448,PPLC,Kyiv,Kiev City,1210,Shevchenkivs'kyi,33738,30.52355,50.45044,ADM3,1,1,1,0,1,0,0,0,0,0,0,0,0,1,0,0,0,0,0,1,0,0,0,0,0,,,46034
bert_20260228023827,38220,20260113,1,2800126,unian,690773,PPL,Ukrainka,Kiev,1209,Obukhivs'kyi,26204,30.74207,50.15372,ADM3,0,0,0,0,0,1,1,0,0,0,0,0,0,0,0,0,0,0,0,0,0,0,0,0,0,,,46034
bert_20260228023827,393692,20260113,1,2800128,unian,11777953,PPL,Deremezna,Kiev,1209,Obukhivs'kyi,26204,30.47662,50.02393,ADM1,0,1,1,1,0,0,0,0,0,0,0,0,0,0,0,0,0,0,0,0,0,0,0,0,0,,,46034
bert_20260228023827,188141,20260113,1,2800129,unian,703448,PPLC,Kyiv,Kiev City,1210,Shevchenkivs'kyi,33738,30.52355,50.45044,ADM3,1,1,1,1,0,0,0,1,1,0,0,0,0,1,0,0,0,0,0,1,0,0,0,1,0,,,46034
bert_20260228023827,397083,20260113,1,2800130,unian,,,,,,,,38.92852,47.21537,ADM3,1,1,1,0,1,0,0,0,0,0,1,0,0,0,0,0,0,1,0,1,0,0,0,0,0,,,46034
bert_20260228023827,188128,20260113,1,2800131,unian,703448,PPLC,Kyiv,Kiev City,1210,Shevchenkivs'kyi,33738,30.52355,50.45044,ADM3,0,0,0,0,0,1,0,0,0,0,0,0,0,0,0,0,0,0,0,1,0,0,0,0,0,,,46034
bert_20260228023827,250170,20260113,1,2787188,espreso,706483,PPLA,Kharkiv,Kharkiv,1191,Kharkivs'ka,17850,36.2312,49.99217,ADM3,0,0,0,0,0,1,1,0,0,0,0,0,0,0,0,0,0,0,0,0,0,0,0,0,0,,,46034
bert_20260228023827,112363,20260113,1,2787189,espreso,698740,PPLA,Odessa,Odessa,1800,Odes'ka,26260,30.73169,46.48421,ADM3,0,0,0,0,0,1,1,0,0,0,0,0,0,0,0,0,0,0,0,0,0,0,0,0,0,,,46034
bert_20260228023827,250171,20260113,1,2787533,liga,706483,PPLA,Kharkiv,Kharkiv,1191,Kharkivs'ka,17850,36.2312,49.99217,ADM3,1,1,0,1,0,0,0,0,0,0,0,0,0,1,0,0,0,0,0,1,0,0,0,1,0,,,46034
bert_20260228023827,112366,20260113,1,2787534,liga,698740,PPLA,Odessa,Odessa,1800,Odes'ka,26260,30.73169,46.48421,ADM3,1,1,0,1,0,0,0,0,0,0,0,0,0,1,0,0,0,0,0,1,0,0,0,1,0,,,46034
bert_20260228023827,112370,20260113,1,2787535,liga,698740,PPLA,Odessa,Odessa,1800,Odes'ka,26260,30.73169,46.48421,ADM3,1,1,1,0,0,0,1,0,0,0,0,0,0,0,1,0,0,0,0,0,0,0,0,0,0,,,46034
bert_20260228023827,250176,20260113,1,2787536,liga,706483,PPLA,Kharkiv,Kharkiv,1191,Kharkivs'ka,17850,36.2312,49.99217,ADM3,1,1,1,1,0,0,0,0,0,0,0,0,0,0,0,0,0,0,0,0,0,0,0,0,0,,,46034
bert_20260228023827,112360,20260113,1,2787827,liveuamap,698740,PPLA,Odessa,Odessa,1800,Odes'ka,26260,30.73169,46.48421,ADM3,0,0,0,0,0,0,0,0,0,0,0,0,0,0,0,0,0,0,0,0,0,0,0,0,0,,,46034
bert_20260228023827,99099,20260113,1,2787828,liveuamap,697889,PPLA2,Pavlohrad,Dnipropetrovs'k,650,Pavlograd,27918,35.87012,48.53181,ADM3,1,0,1,0,0,0,0,0,0,0,0,0,0,0,0,1,0,0,0,0,0,0,0,0,0,,,46034
bert_20260228023827,287101,20260113,2,"2787829, 2787857",liveuamap,709930,PPLA,Dnipro,Dnipropetrovs'k,650,Dnipropetrovs'ka,9966,35.04618,48.46472,ADM3,1,0,1,0,0,0,0,0,0,0,0,0,0,0,0,1,0,0,0,0,0,0,0,0,0,,,46034
bert_20260228023827,143750,20260113,1,2787830,liveuamap,701822,PPL,Mariupol,Donets'k,655,Mariupol's'ka,22073,37.54144,47.0967,ADM3,1,0,1,0,0,0,0,0,0,0,0,0,0,0,0,1,0,0,0,0,0,0,0,0,0,,,46034
bert_20260228023827,148506,20260113,1,2787831,liveuamap,702320,PPLA2,Makiivka,Donets'k,655,Maki‹vs'ka,21496,37.96583,48.04653,ADM3,1,1,1,1,0,0,0,0,1,0,0,0,0,0,0,0,0,0,0,1,0,0,0,0,0,,,46034
bert_20260228023827,19275,20260113,2,"2787832, 2787864",liveuamap,687700,PPLA,Zaporizhzhya,Zaporizhzhya,2730,Zaporiz'ka,41153,35.13885,47.83831,ADM3,1,0,1,0,0,0,0,0,0,0,0,0,0,0,0,1,0,0,0,0,0,0,0,0,0,,,46034
bert_20260228023827,208599,20260113,1,2787833,liveuamap,705104,PPL,Kostiantynivka,Donets'k,655,Kostiantynivs'ka,18738,37.69368,48.53467,ADM3,1,0,1,1,0,0,0,0,0,0,1,0,0,0,0,1,0,0,0,0,0,0,0,0,0,,,46034
bert_20260228023827,257468,20260113,1,2787834,liveuamap,707464,PPL,Ivanopillia,Donets'k,655,Kostiantynivs'kyi,18739,37.76439,48.47357,ADM3,1,0,1,1,0,0,0,0,0,0,1,0,0,0,0,1,0,0,0,0,0,0,0,0,0,,,46034
bert_20260228023827,112364,20260113,1,2787835,liveuamap,698740,PPLA,Odessa,Odessa,1800,Odes'ka,26260,30.73169,46.48421,ADM3,1,0,1,0,0,0,0,0,0,0,0,0,0,0,0,1,0,0,0,0,0,0,0,0,0,,,46034
bert_20260228023827,188137,20260113,1,2787836,liveuamap,703448,PPLC,Kyiv,Kiev City,1210,Shevchenkivs'kyi,33738,30.52355,50.45044,ADM3,1,1,1,1,0,0,0,0,0,0,0,0,0,0,0,1,0,0,0,0,0,0,1,0,0,,,46034
bert_20260228023827,250177,20260113,1,2787837,liveuamap,706483,PPLA,Kharkiv,Kharkiv,1191,Kharkivs'ka,17850,36.2312,49.99217,ADM3,1,1,1,1,0,0,0,0,0,0,0,0,0,0,1,1,0,0,0,0,0,0,1,0,0,,,46034
bert_20260228023827,197348,20260113,1,2787838,liveuamap,704204,PPL,Lyman,Donets'k,655,Krasnolymans'kyi,18941,37.82245,48.96409,ADM3,1,1,1,1,0,0,0,0,0,0,0,0,0,0,1,1,0,0,0,0,0,0,1,0,0,,,46034
bert_20260228023827,192412,20260113,1,2787839,liveuamap,703656,PPLA2,Kupiansk,Kharkiv,1191,Kupians'ka,19188,37.61478,49.7108,ADM3,1,1,1,1,0,0,0,0,0,0,1,0,0,0,0,0,0,0,0,0,0,0,0,0,0,,,46034
bert_20260228023827,57699,20260113,1,2787841,liveuamap,693468,PPL,Sloviansk,Donets'k,655,Slovians'ka,34511,37.60582,48.85227,ADM3,1,1,1,1,0,0,0,0,0,0,1,0,0,0,0,0,0,0,0,0,0,0,0,0,0,,,46034
bert_20260228023827,264644,20260113,1,2787842,liveuamap,708937,PPL,Havrylivka,Dnipropetrovs'k,650,Pokrovs'kyi,28862,36.51993,48.07377,ADM3,1,1,1,0,1,0,0,1,0,0,1,0,0,0,0,0,0,0,0,1,0,0,0,0,0,,,46034
bert_20260228023827,287102,20260113,1,2787843,liveuamap,709930,PPLA,Dnipro,Dnipropetrovs'k,650,Dnipropetrovs'ka,9966,35.04618,48.46472,ADM3,1,1,1,0,1,0,0,1,0,0,1,0,0,0,0,0,0,0,0,1,0,0,0,0,0,,,46034
bert_20260228023827,26157,20260113,1,2787844,liveuamap,688871,PPL,Vozdvyzhivka,Zaporizhzhya,2730,Novomykola‹vs'kyi,25913,36.07979,47.74727,ADM3,1,1,1,0,1,0,0,1,0,0,1,0,0,0,0,0,0,0,0,1,0,0,0,0,0,,,46034
bert_20260228023827,103022,20260113,1,2787845,liveuamap,698428,PPLA2,Orikhiv,Zaporizhzhya,2730,Orikhivs'kyi,26748,35.77773,47.56947,ADM3,1,1,1,0,1,0,0,1,0,0,1,0,0,0,0,0,0,0,0,1,0,0,0,0,0,,,46034
bert_20260228023827,19276,20260113,1,2787846,liveuamap,687700,PPLA,Zaporizhzhya,Zaporizhzhya,2730,Zaporiz'ka,41153,35.13885,47.83831,ADM3,1,1,1,0,1,0,0,1,0,0,1,0,0,0,0,0,0,0,0,1,0,0,0,0,0,,,46034
bert_20260228023827,197347,20260113,1,2787847,liveuamap,704204,PPL,Lyman,Donets'k,655,Krasnolymans'kyi,18941,37.82245,48.96409,ADM3,1,1,1,0,1,0,0,1,0,0,1,0,0,0,0,0,0,0,0,0,0,0,0,0,0,,,46034
bert_20260228023827,55609,20260113,1,2787848,liveuamap,693065,PPLX,Sotsmisto,Donets'k,655,Kramators'ka,18898,37.5844,48.73898,ADM3,1,1,1,0,1,0,0,0,0,0,0,0,0,0,0,0,1,1,0,1,0,0,0,0,0,,,46034
bert_20260228023827,370604,20260113,1,2787849,liveuamap,9113948,PPL,Stupochky,Donets'k,655,Kostiantynivs'kyi,18739,37.82831,48.53838,STREET,1,1,1,0,1,0,0,0,0,0,0,0,0,0,0,0,1,1,0,1,0,0,0,0,0,,,46034
bert_20260228023827,203506,20260113,1,2787850,liveuamap,704422,PPLA2,Pokrovsk,Donets'k,655,Krasnoarmiis'kyi,18918,37.1756,48.28035,ADM3,1,0,0,0,0,0,0,0,0,0,0,0,0,0,0,0,1,1,0,0,0,0,0,0,0,,,46034
bert_20260228023827,50088,20260113,1,2787852,liveuamap,692248,PPL,Stepnohirsk,Zaporizhzhya,2730,Vasylivs'kyi,39200,35.36408,47.58871,ADM3,0,0,1,0,0,0,1,0,0,0,0,0,0,0,0,0,0,0,0,0,0,0,0,0,0,,,46034
bert_20260228023827,381232,20260113,1,2787853,liveuamap,10323759,PPLX,Cheremushky,Donets'k,655,Mariupol's'ka,22073,37.50564,47.07557,ADM3,0,0,1,0,0,0,1,0,0,0,0,0,0,0,0,0,0,0,0,0,0,0,0,0,0,,,46034
bert_20260228023827,261521,20260113,1,2787854,liveuamap,707898,PPLA2,Hulyaypole,Zaporizhzhya,2730,Huliaipil's'kyi,14713,36.25322,47.66644,ADM3,1,1,1,0,1,0,0,1,0,0,1,0,0,0,0,0,0,0,0,1,0,0,0,0,0,,,46034
bert_20260228023827,275147,20260113,1,2787856,liveuamap,709717,PPLA,Donetsk,Donets'k,655,Donets'ka,10139,37.80285,48.01588,ADM3,0,0,0,0,0,1,1,0,0,0,0,0,1,0,0,0,0,0,0,0,0,0,0,1,0,,,46034
bert_20260228023827,257467,20260113,1,2787858,liveuamap,707464,PPL,Ivanopillia,Donets'k,655,Kostiantynivs'kyi,18739,37.76439,48.47357,ADM3,1,0,1,0,0,0,0,0,0,0,0,0,0,0,0,1,0,0,0,0,0,0,0,0,0,,,46034
bert_20260228023827,42289,20260113,1,2787859,liveuamap,691358,PPL,Torske,Donets'k,655,Krasnolymans'kyi,18941,37.96573,49.00937,STREET,1,0,1,0,0,0,0,0,0,0,0,0,0,0,0,1,0,0,0,0,0,0,0,0,0,,,46034
bert_20260228023827,32667,20260113,1,2787860,liveuamap,689304,PPLA2,Vovchansk,Kharkiv,1191,Vovchans'kyi,39837,36.9368,50.29401,ADM3,1,0,1,0,0,0,0,0,0,0,0,0,0,0,0,1,0,0,0,0,0,0,0,0,0,,,46034
bert_20260228023827,192413,20260113,1,2787861,liveuamap,703656,PPLA2,Kupiansk,Kharkiv,1191,Kupians'ka,19188,37.61478,49.7108,ADM3,1,1,1,1,0,0,0,0,1,0,0,0,0,0,0,0,0,0,0,1,0,0,0,0,0,,,46034
bert_20260228023827,354996,20260113,1,2787863,liveuamap,829795,PPL,Kirove,Zaporizhzhya,2730,Orikhivs'kyi,26748,35.69274,47.65945,ADM3,1,0,1,0,0,0,0,0,0,0,0,0,0,0,0,1,0,0,0,0,0,0,0,0,0,,,46034
bert_20260228023827,114670,20260113,1,2787865,liveuamap,699078,PPLA2,Novoukrayinka,Kirovohrad,1222,Novoukra‹ns'kyi,25938,31.52205,48.32506,ADM3,1,0,1,0,0,0,0,0,0,0,0,0,0,0,0,1,0,0,0,0,0,0,0,0,0,,,46034
bert_20260228023827,82412,20260113,1,2787866,liveuamap,695094,PPLX,Ruttschenkowo,Donets'k,655,Donets'ka,10139,37.67529,47.95508,ADM1,1,0,1,0,0,0,0,0,0,0,0,0,0,0,0,1,0,0,0,0,0,0,0,0,0,,,46034
bert_20260228023827,387942,20260113,1,2787867,liveuamap,11151973,PPL,Stepove,Dnipropetrovs'k,650,Krynychans'kyi,19030,34.53593,48.44595,ADM3,1,0,1,0,0,0,0,0,0,0,0,0,0,0,0,1,0,0,0,0,0,0,0,0,0,,,46034
bert_20260228023827,376807,20260113,1,2787868,liveuamap,9532052,PPL,Huliaipilske,Zaporizhzhya,2730,Huliaipil's'kyi,14713,36.06122,47.61272,ADM3,1,0,1,0,0,0,0,0,0,0,0,0,0,0,0,1,0,0,0,0,0,0,0,0,0,,,46034
bert_20260228023827,261520,20260113,1,2787869,liveuamap,707898,PPLA2,Hulyaypole,Zaporizhzhya,2730,Huliaipil's'kyi,14713,36.25322,47.66644,ADM3,1,0,1,0,0,0,0,0,0,0,0,0,0,0,0,1,0,0,0,0,0,0,0,0,0,,,46034
bert_20260228023827,268921,20260113,1,2787870,liveuamap,709671,PPL,Dorozhnianka,Zaporizhzhya,2730,Huliaipil's'kyi,14713,36.26004,47.58678,ADM3,1,0,1,0,0,0,0,0,0,0,0,0,0,0,0,1,0,0,0,0,0,0,0,0,0,,,46034
bert_20260228023827,57698,20260113,1,2787871,liveuamap,693468,PPL,Sloviansk,Donets'k,655,Slovians'ka,34511,37.60582,48.85227,ADM3,1,0,1,0,0,0,0,0,0,0,0,0,0,0,0,1,0,0,0,0,0,0,0,0,0,,,46034
bert_20260228023827,55774,20260113,1,2787872,liveuamap,693086,PPL,Sosnivka,L'viv,1289,Sokal's'kyi,34627,24.25376,50.29435,ADM3,1,0,1,0,0,0,0,0,0,0,0,0,0,0,0,1,0,0,0,0,0,0,0,0,0,,,46034
bert_20260228023827,235313,20260113,1,2787873,liveuamap,706448,PPLA,Kherson,Kherson,1195,Khersons'ka,17890,32.61496,46.64032,ADM3,1,1,1,0,1,0,0,0,0,0,1,0,0,0,0,0,0,1,0,1,0,0,0,0,0,,,46034
bert_20260228023827,360525,20260113,1,2787874,liveuamap,8419787,PPL,Zakumske,Sumy,2356,Sums'kyi,35426,34.64912,50.95537,ADM2,1,1,1,1,0,0,0,0,0,0,1,0,0,0,0,0,0,0,0,0,0,0,0,0,0,,,46034
bert_20260228023827,188152,20260114,2,"2965656, 2800139","liga, espreso",703448,PPLC,Kyiv,Kiev City,1210,Shevchenkivs'kyi,33738,30.52355,50.45044,ADM3,1,1,0,1,0,0,0,0,0,0,0,0,0,0,0,0,0,0,0,1,0,0,0,0,0,,,46035
bert_20260228023827,188157,20260114,1,2946711,liga,703448,PPLC,Kyiv,Kiev City,1210,Shevchenkivs'kyi,33738,30.52355,50.45044,ADM3,1,1,1,1,0,0,0,0,0,0,0,0,0,0,0,0,0,0,0,1,0,0,0,0,0,,,46035
bert_20260228023827,188143,20260114,6,"2896139, 2806509, 2806511, 2806513, 2806521, 2806525","liga, unian",703448,PPLC,Kyiv,Kiev City,1210,Shevchenkivs'kyi,33738,30.52355,50.45044,ADM3,0,0,0,0,0,0,1,0,0,0,0,0,0,0,0,0,0,0,0,0,0,0,0,0,0,,,46035
bert_20260228023827,29691,20260114,1,2870317,liga,689103,PPL,Volovytsia,Chernihiv,498,Borznians'kyi,5262,32.00406,51.35543,ADM1,0,0,0,0,0,1,0,0,0,0,0,0,0,0,0,0,0,0,0,0,0,0,0,0,0,,,46035
bert_20260228023827,188144,20260114,1,2870318,liga,703448,PPLC,Kyiv,Kiev City,1210,Shevchenkivs'kyi,33738,30.52355,50.45044,ADM3,0,0,0,0,0,1,0,0,0,0,0,0,0,0,0,0,0,0,0,0,0,0,0,0,0,,,46035
bert_20260228023827,188158,20260114,2,"2864006, 2826001",liga,703448,PPLC,Kyiv,Kiev City,1210,Shevchenkivs'kyi,33738,30.52355,50.45044,ADM3,1,1,1,1,0,0,0,0,0,0,0,0,0,0,0,0,0,0,0,1,0,0,0,1,0,,,46035
bert_20260228023827,188160,20260114,1,2857745,liga,703448,PPLC,Kyiv,Kiev City,1210,Shevchenkivs'kyi,33738,30.52355,50.45044,ADM3,1,1,1,1,0,0,0,0,0,0,0,0,0,1,0,0,0,0,0,1,0,0,0,0,0,,,46035
bert_20260228023827,154135,20260114,1,2851451,liga,702550,PPLA,Lviv,L'viv,1289,L'vivs'ka,19402,24.0299,49.83932,ADM3,0,0,0,0,0,1,1,0,0,0,0,0,0,0,0,0,0,0,0,0,0,0,0,0,0,,,46035
bert_20260228023827,188145,20260114,2,"2851452, 2806519","liga, unian",703448,PPLC,Kyiv,Kiev City,1210,Shevchenkivs'kyi,33738,30.52355,50.45044,ADM3,0,0,0,0,0,1,1,0,0,0,0,0,0,0,0,0,0,0,0,0,0,0,0,0,0,,,46035
bert_20260228023827,112374,20260114,1,2845153,liga,698740,PPLA,Odessa,Odessa,1800,Odes'ka,26260,30.73169,46.48421,ADM3,1,0,0,0,0,0,1,0,0,0,0,0,0,0,0,0,0,0,0,0,0,0,0,0,0,,,46035
bert_20260228023827,112373,20260114,1,2838755,liga,698740,PPLA,Odessa,Odessa,1800,Odes'ka,26260,30.73169,46.48421,ADM3,0,0,0,0,0,0,1,0,0,0,0,0,0,0,0,0,0,0,0,1,0,0,0,0,0,,,46035
bert_20260228023827,359355,20260114,1,2832391,liga,8281918,PPL,Posich,Transcarpathia,2491,Khusts'kyi,18005,23.41312,48.22076,ADM1,0,0,0,0,0,1,1,0,0,0,0,0,0,0,0,0,0,0,0,0,0,0,0,0,0,,,46035
bert_20260228023827,188148,20260114,1,2826000,liga,703448,PPLC,Kyiv,Kiev City,1210,Shevchenkivs'kyi,33738,30.52355,50.45044,ADM3,0,0,1,0,0,0,0,0,0,0,0,0,0,0,0,0,0,0,0,1,0,0,0,0,0,,,46035
bert_20260228023827,112375,20260114,1,2819565,liga,698740,PPLA,Odessa,Odessa,1800,Odes'ka,26260,30.73169,46.48421,ADM3,0,1,1,0,0,0,0,0,0,0,0,0,0,0,0,0,0,0,0,0,0,0,0,0,0,,,46035
bert_20260228023827,188142,20260114,1,2819566,liga,703448,PPLC,Kyiv,Kiev City,1210,Shevchenkivs'kyi,33738,30.52355,50.45044,ADM3,0,0,0,0,0,0,0,0,0,0,0,0,0,0,0,0,0,0,0,0,0,0,0,0,0,,,46035
bert_20260228023827,154134,20260114,2,"2806819, 2800138","liga, espreso",702550,PPLA,Lviv,L'viv,1289,L'vivs'ka,19402,24.0299,49.83932,ADM3,0,0,0,0,0,0,1,0,0,0,0,0,0,0,0,0,0,0,0,0,0,0,0,0,0,,,46035
bert_20260228023827,143753,20260114,1,2800135,espreso,701822,PPL,Mariupol,Donets'k,655,Mariupol's'ka,22073,37.54144,47.0967,ADM3,0,0,0,0,0,0,0,0,0,0,0,0,0,0,0,0,0,0,0,0,0,0,0,0,0,,,46035
bert_20260228023827,203510,20260114,1,2800136,espreso,704422,PPLA2,Pokrovsk,Donets'k,655,Krasnoarmiis'kyi,18918,37.1756,48.28035,ADM3,1,1,1,1,0,0,0,0,0,0,1,0,0,0,0,0,0,0,0,1,0,0,0,0,0,,,46035
bert_20260228023827,188163,20260114,1,2800137,espreso,703448,PPLC,Kyiv,Kiev City,1210,Shevchenkivs'kyi,33738,30.52355,50.45044,ADM3,1,1,1,1,0,0,0,1,0,0,0,0,0,0,0,0,0,0,0,1,0,0,0,0,0,,,46035
bert_20260228023827,82414,20260114,1,2800140,espreso,695094,PPLX,Ruttschenkowo,Donets'k,655,Donets'ka,10139,37.67529,47.95508,ADM1,0,0,1,0,0,0,1,0,0,0,0,0,0,0,0,0,0,0,0,0,0,0,0,0,0,,,46035
bert_20260228023827,29692,20260114,1,2800141,espreso,689103,PPL,Volovytsia,Chernihiv,498,Borznians'kyi,5262,32.00406,51.35543,ADM1,0,1,1,0,0,0,1,0,0,0,0,0,0,0,0,0,0,0,0,0,0,0,0,0,0,,,46035
bert_20260228023827,393695,20260114,1,2800142,espreso,11777953,PPL,Deremezna,Kiev,1209,Obukhivs'kyi,26204,30.47662,50.02393,ADM1,0,1,1,0,0,0,1,0,0,0,0,0,0,0,0,0,0,0,0,0,0,0,0,0,0,,,46035
bert_20260228023827,203507,20260114,1,2800143,espreso,704422,PPLA2,Pokrovsk,Donets'k,655,Krasnoarmiis'kyi,18918,37.1756,48.28035,ADM3,0,0,0,0,0,0,1,0,0,0,0,0,0,0,0,0,0,0,0,0,0,0,0,0,0,,,46035
bert_20260228023827,188146,20260114,1,2800395,liga,703448,PPLC,Kyiv,Kiev City,1210,Shevchenkivs'kyi,33738,30.52355,50.45044,ADM3,0,0,0,0,0,1,1,0,0,0,0,0,0,0,0,0,0,0,0,0,0,0,0,1,0,,,46035
bert_20260228023827,188149,20260114,1,2800396,liga,703448,PPLC,Kyiv,Kiev City,1210,Shevchenkivs'kyi,33738,30.52355,50.45044,ADM3,1,1,0,0,0,0,0,0,0,0,0,0,0,0,0,0,0,0,0,0,0,0,0,0,0,,,46035
bert_20260228023827,89720,20260114,1,2800397,liga,696032,PPLA2,Pustomyty,L'viv,1289,Pustomytivs'kyi,29580,23.91674,49.71749,ADM1,0,1,0,0,0,0,1,0,0,0,0,0,0,0,0,0,0,0,0,0,0,0,0,0,0,,,46035
bert_20260228023827,386034,20260114,1,2800398,liga,10951287,PPL,Vesele,Zaporizhzhya,2730,Tokmats'kyi,37511,35.7672,47.17894,ADM1,0,1,0,0,0,0,1,0,0,0,0,0,0,0,1,0,0,0,0,0,0,0,0,0,0,,,46035
bert_20260228023827,397085,20260114,1,2800399,liga,,,,,,,,39.70961,47.22165,ADM3,0,0,0,0,0,0,0,0,0,0,0,0,0,0,0,0,0,0,0,0,0,0,0,0,0,,,46035
bert_20260228023827,188154,20260114,1,2800400,liga,703448,PPLC,Kyiv,Kiev City,1210,Shevchenkivs'kyi,33738,30.52355,50.45044,ADM3,1,1,0,1,0,0,0,0,0,0,0,1,0,0,0,0,0,0,0,0,0,0,0,0,0,,,46035
bert_20260228023827,362555,20260114,1,2800401,liga,8519916,PPL,Obolon,Kiev City,1210,Obolons'kyi,26190,30.49826,50.50148,STREET,1,1,0,1,0,0,0,0,0,0,0,1,0,0,0,0,0,0,0,0,0,0,0,0,0,,,46035
bert_20260228023827,287106,20260114,1,2800404,liveuamap,709930,PPLA,Dnipro,Dnipropetrovs'k,650,Dnipropetrovs'ka,9966,35.04618,48.46472,ADM3,1,1,1,1,0,0,0,0,0,0,0,0,0,1,0,0,0,0,0,1,0,0,0,0,0,,,46035
bert_20260228023827,287105,20260114,1,2800405,liveuamap,709930,PPLA,Dnipro,Dnipropetrovs'k,650,Dnipropetrovs'ka,9966,35.04618,48.46472,ADM3,1,1,0,1,0,0,0,0,0,0,1,0,0,0,0,0,0,0,0,1,0,0,0,1,0,,,46035
bert_20260228023827,123361,20260114,1,2800406,liveuamap,700051,PPLA2,Nikopol,Dnipropetrovs'k,650,Nikopol's'ka,25338,34.39481,47.56746,ADM3,1,1,1,0,0,0,0,0,0,0,1,0,0,0,0,0,0,1,0,1,0,0,0,0,0,,,46035
bert_20260228023827,250180,20260114,1,2800407,liveuamap,706483,PPLA,Kharkiv,Kharkiv,1191,Kharkivs'ka,17850,36.2312,49.99217,ADM3,1,1,1,0,1,0,0,0,0,0,0,0,0,0,0,0,0,0,0,1,0,0,0,0,0,,,46035
bert_20260228023827,294891,20260114,1,2800408,liveuamap,710735,PPLA,Chernihiv,Chernihiv,498,Chernihivs'ka,7660,31.29865,51.49101,ADM3,1,1,1,1,0,0,0,0,0,0,0,0,0,0,0,0,0,0,0,1,0,0,0,0,0,,,46035
bert_20260228023827,188151,20260114,1,2800409,liveuamap,703448,PPLC,Kyiv,Kiev City,1210,Shevchenkivs'kyi,33738,30.52355,50.45044,ADM3,1,1,0,0,1,0,0,0,0,0,1,0,0,0,0,0,0,0,0,0,0,0,0,0,0,,,46035
bert_20260228023827,250178,20260114,1,2800410,liveuamap,706483,PPLA,Kharkiv,Kharkiv,1191,Kharkivs'ka,17850,36.2312,49.99217,ADM3,1,0,1,0,0,0,0,0,0,0,0,0,0,0,0,0,0,0,0,0,0,0,0,0,0,,,46035
bert_20260228023827,188162,20260114,1,2800411,liveuamap,703448,PPLC,Kyiv,Kiev City,1210,Shevchenkivs'kyi,33738,30.52355,50.45044,ADM3,1,1,1,1,0,0,0,0,0,0,1,0,0,1,0,0,0,1,0,1,0,0,0,1,0,,,46035
bert_20260228023827,188147,20260114,1,2800413,liveuamap,703448,PPLC,Kyiv,Kiev City,1210,Shevchenkivs'kyi,33738,30.52355,50.45044,ADM3,1,0,0,0,1,0,0,0,0,0,1,0,0,0,0,0,0,1,0,0,0,0,0,0,0,,,46035
bert_20260228023827,154136,20260114,1,2800414,liveuamap,702550,PPLA,Lviv,L'viv,1289,L'vivs'ka,19402,24.0299,49.83932,ADM3,1,0,0,0,1,0,0,0,0,0,1,0,0,0,0,0,0,1,0,0,0,0,0,0,0,,,46035
bert_20260228023827,397086,20260114,1,2800415,liveuamap,,,,,,,,38.92852,47.21537,ADM3,1,0,1,0,0,0,0,0,0,0,0,0,0,0,0,1,0,0,0,0,0,0,0,0,0,,,46035
bert_20260228023827,148507,20260114,1,2800416,liveuamap,702320,PPLA2,Makiivka,Donets'k,655,Maki‹vs'ka,21496,37.96583,48.04653,ADM3,1,0,1,0,0,0,0,0,0,0,0,0,0,0,0,1,0,0,0,0,0,0,0,0,0,,,46035
bert_20260228023827,208600,20260114,1,2800417,liveuamap,705104,PPL,Kostiantynivka,Donets'k,655,Kostiantynivs'ka,18738,37.69368,48.53467,ADM3,1,0,1,0,0,0,0,0,0,0,0,0,0,0,0,1,0,0,0,0,0,0,0,0,0,,,46035
bert_20260228023827,257469,20260114,1,2800418,liveuamap,707464,PPL,Ivanopillia,Donets'k,655,Kostiantynivs'kyi,18739,37.76439,48.47357,ADM3,1,0,1,0,0,0,0,0,0,0,0,0,0,0,0,1,0,0,0,0,0,0,0,0,0,,,46035
bert_20260228023827,250181,20260114,1,2800419,liveuamap,706483,PPLA,Kharkiv,Kharkiv,1191,Kharkivs'ka,17850,36.2312,49.99217,ADM3,1,1,1,1,0,0,0,0,1,0,0,0,0,0,0,0,0,0,0,0,0,0,0,0,0,,,46035
bert_20260228023827,26158,20260114,1,2800420,liveuamap,688871,PPL,Vozdvyzhivka,Zaporizhzhya,2730,Novomykola‹vs'kyi,25913,36.07979,47.74727,ADM3,1,0,1,0,0,0,0,0,0,0,0,0,0,0,0,1,0,0,0,0,0,0,0,0,0,,,46035
bert_20260228023827,19277,20260114,1,2800421,liveuamap,687700,PPLA,Zaporizhzhya,Zaporizhzhya,2730,Zaporiz'ka,41153,35.13885,47.83831,ADM3,1,0,1,0,0,0,0,0,0,0,0,0,0,0,0,1,0,0,0,0,0,0,0,0,0,,,46035
bert_20260228023827,57700,20260114,1,2800422,liveuamap,693468,PPL,Sloviansk,Donets'k,655,Slovians'ka,34511,37.60582,48.85227,ADM3,1,0,1,0,0,0,0,0,0,0,0,0,0,0,0,1,0,0,0,0,0,0,0,0,0,,,46035
bert_20260228023827,287934,20260114,1,2800423,liveuamap,710035,PPLA2,Myrnohrad,Donets'k,655,Krasnoarmiis'ka,18917,37.26806,48.29097,ADM3,1,0,1,0,0,0,0,0,0,0,0,0,0,0,0,1,0,0,0,0,0,0,0,0,0,,,46035
bert_20260228023827,203508,20260114,1,2800424,liveuamap,704422,PPLA2,Pokrovsk,Donets'k,655,Krasnoarmiis'kyi,18918,37.1756,48.28035,ADM3,1,0,1,0,0,0,0,0,0,0,0,0,0,0,0,1,0,0,0,0,0,0,0,0,0,,,46035
bert_20260228023827,381233,20260114,1,2800425,liveuamap,10323759,PPLX,Cheremushky,Donets'k,655,Mariupol's'ka,22073,37.50564,47.07557,ADM3,1,0,1,0,0,0,0,0,0,0,0,0,0,0,0,1,0,0,0,0,0,0,0,0,0,,,46035
bert_20260228023827,192414,20260114,1,2800426,liveuamap,703656,PPLA2,Kupiansk,Kharkiv,1191,Kupians'ka,19188,37.61478,49.7108,ADM3,1,0,1,0,0,0,0,0,0,0,0,0,0,0,0,1,0,0,0,0,0,0,0,0,0,,,46035
bert_20260228023827,19278,20260114,1,2800427,liveuamap,687700,PPLA,Zaporizhzhya,Zaporizhzhya,2730,Zaporiz'ka,41153,35.13885,47.83831,ADM3,1,0,1,1,0,0,0,0,0,0,0,0,0,0,0,1,0,0,0,0,0,0,0,0,0,,,46035
bert_20260228023827,261522,20260114,1,2800428,liveuamap,707898,PPLA2,Hulyaypole,Zaporizhzhya,2730,Huliaipil's'kyi,14713,36.25322,47.66644,ADM3,1,0,1,0,0,0,0,0,0,0,0,0,0,0,0,1,0,0,0,0,0,0,0,0,0,,,46035
bert_20260228023827,197349,20260114,1,2800430,liveuamap,704204,PPL,Lyman,Donets'k,655,Krasnolymans'kyi,18941,37.82245,48.96409,ADM3,1,1,1,1,0,0,0,0,0,0,0,0,0,0,0,1,0,0,0,0,0,0,0,0,0,,,46035
bert_20260228023827,235315,20260114,1,2800432,liveuamap,706448,PPLA,Kherson,Kherson,1195,Khersons'ka,17890,32.61496,46.64032,ADM3,1,1,0,1,0,0,0,0,0,0,0,0,0,1,0,0,0,0,0,1,0,0,0,1,0,,,46035
bert_20260228023827,275148,20260114,1,2800433,liveuamap,709717,PPLA,Donetsk,Donets'k,655,Donets'ka,10139,37.80285,48.01588,ADM3,1,1,0,1,0,0,0,0,0,0,1,0,0,0,0,0,0,0,0,1,0,0,0,0,0,,,46035
bert_20260228023827,393694,20260114,1,2800434,liveuamap,11777953,PPL,Deremezna,Kiev,1209,Obukhivs'kyi,26204,30.47662,50.02393,ADM1,1,1,1,0,0,0,0,0,0,0,1,0,0,0,0,0,0,0,0,1,0,0,0,0,0,,,46035
bert_20260228023827,112376,20260114,1,2800435,liveuamap,698740,PPLA,Odessa,Odessa,1800,Odes'ka,26260,30.73169,46.48421,ADM3,1,1,1,1,0,0,0,1,0,0,0,0,0,1,0,0,0,0,0,1,0,0,0,0,0,,,46035
bert_20260228023827,250179,20260114,1,2800436,liveuamap,706483,PPLA,Kharkiv,Kharkiv,1191,Kharkivs'ka,17850,36.2312,49.99217,ADM3,0,1,0,0,0,0,1,0,0,0,0,0,0,0,1,0,0,0,0,0,0,0,0,0,0,,,46035
bert_20260228023827,188161,20260114,1,2800437,liveuamap,703448,PPLC,Kyiv,Kiev City,1210,Shevchenkivs'kyi,33738,30.52355,50.45044,ADM3,1,1,1,1,0,0,0,0,0,0,1,0,0,0,0,0,0,0,0,0,0,0,0,1,0,,,46035
bert_20260228023827,154137,20260114,1,2800438,liveuamap,702550,PPLA,Lviv,L'viv,1289,L'vivs'ka,19402,24.0299,49.83932,ADM3,1,1,1,1,0,0,0,0,0,0,1,0,0,0,0,0,0,0,0,0,0,0,0,1,0,,,46035
bert_20260228023827,188155,20260114,1,2806506,unian,703448,PPLC,Kyiv,Kiev City,1210,Shevchenkivs'kyi,33738,30.52355,50.45044,ADM3,0,1,1,0,0,0,1,0,0,0,0,0,0,0,0,0,0,0,0,0,0,0,0,0,0,,,46035
bert_20260228023827,289798,20260114,1,2806507,unian,710403,PPLQ,Chornobyl,Kiev,1209,Ivankivs'kyi,15844,30.211,51.27784,ADM3,0,0,0,0,0,0,1,0,0,0,0,0,0,0,0,0,0,0,0,0,0,0,0,0,0,,,46035
bert_20260228023827,380021,20260114,1,2806508,unian,10317726,PPL,Azov,Donets'k,655,Novoazovs'kyi,25887,37.86162,47.15246,ADM3,0,0,0,0,0,0,1,0,0,0,0,0,0,0,0,0,0,0,0,0,0,0,0,0,0,,,46035
bert_20260228023827,373683,20260114,1,2806510,unian,9114542,PPL,Novyi,Luhans'k,1405,Krasnoluts'ka,18939,38.59081,48.49995,ADM3,0,0,0,0,0,0,0,0,0,0,0,0,0,0,0,0,0,0,0,0,0,0,0,0,0,,,46035
bert_20260228023827,361898,20260114,1,2806512,unian,8465680,PPL,Danylivka,Zhytomyr,2739,Volodars'ko-Volyns'kyi,39783,28.47583,50.63963,ADM1,0,0,1,0,0,0,1,0,0,0,0,0,0,0,0,0,0,0,0,0,0,0,0,0,0,,,46035
bert_20260228023827,287104,20260114,1,2806514,unian,709930,PPLA,Dnipro,Dnipropetrovs'k,650,Dnipropetrovs'ka,9966,35.04618,48.46472,ADM3,0,0,0,0,0,0,1,0,0,0,0,0,0,0,0,0,0,0,0,0,0,0,0,0,0,,,46035
bert_20260228023827,67811,20260114,1,2806515,unian,693805,PPLA2,Simferopol,Crimea,579,Simferopol's'ka,34229,34.09941,44.95363,ADM3,1,1,1,0,1,0,0,0,0,0,1,0,0,0,0,0,0,1,0,1,0,0,0,0,0,,,46035
bert_20260228023827,91856,20260114,1,2806516,unian,696566,PPL,Popasna,Luhans'k,1405,Popasnians'kyi,28982,38.37655,48.63379,ADM3,0,1,1,0,0,0,1,0,0,0,0,0,0,0,0,0,0,0,0,0,0,0,0,0,0,,,46035
bert_20260228023827,188150,20260114,1,2806517,unian,703448,PPLC,Kyiv,Kiev City,1210,Shevchenkivs'kyi,33738,30.52355,50.45044,ADM3,0,1,0,0,0,0,1,0,0,0,0,0,0,0,1,0,0,0,0,0,0,0,0,0,0,,,46035
bert_20260228023827,36849,20260114,1,2806518,unian,690548,PPLA,Uzhgorod,Transcarpathia,2491,Uzhhorods'ka,38884,22.2887,48.62526,ADM3,0,0,0,0,0,0,1,0,0,0,0,0,0,0,0,0,0,0,0,0,0,0,0,0,0,,,46035
bert_20260228023827,261523,20260114,1,2806520,unian,707898,PPLA2,Hulyaypole,Zaporizhzhya,2730,Huliaipil's'kyi,14713,36.25322,47.66644,ADM3,1,1,1,1,0,0,0,0,0,0,0,0,0,0,0,0,0,0,0,0,0,0,0,0,0,,,46035
bert_20260228023827,188156,20260114,1,2806522,unian,703448,PPLC,Kyiv,Kiev City,1210,Shevchenkivs'kyi,33738,30.52355,50.45044,ADM3,1,1,1,0,1,0,0,0,0,0,0,0,0,0,0,0,0,0,0,1,0,0,0,0,0,,,46035
bert_20260228023827,188159,20260114,1,2806523,unian,703448,PPLC,Kyiv,Kiev City,1210,Shevchenkivs'kyi,33738,30.52355,50.45044,ADM3,1,1,1,1,0,0,0,0,0,0,0,0,0,0,1,0,0,0,0,0,0,0,0,0,0,,,46035
bert_20260228023827,188153,20260114,1,2806524,unian,703448,PPLC,Kyiv,Kiev City,1210,Shevchenkivs'kyi,33738,30.52355,50.45044,ADM3,1,1,0,1,0,0,0,0,0,0,0,0,0,0,1,0,0,0,0,0,0,0,0,0,0,,,46035
bert_20260228023827,203509,20260114,1,2793923,espreso,704422,PPLA2,Pokrovsk,Donets'k,655,Krasnoarmiis'kyi,18918,37.1756,48.28035,ADM3,1,1,1,0,0,0,0,0,0,0,0,0,0,0,0,1,0,0,0,0,0,0,1,0,0,,,46035
bert_20260228023827,397088,20260114,1,2794179,liga,,,,,,,,39.70961,47.22165,ADM3,1,1,1,1,0,0,0,0,0,0,1,0,0,0,0,0,0,0,0,1,0,0,0,0,0,,,46035
bert_20260228023827,38221,20260114,1,2800132,unian,690773,PPL,Ukrainka,Kiev,1209,Obukhivs'kyi,26204,30.74207,50.15372,ADM3,0,0,0,0,0,0,1,0,0,0,0,0,0,0,0,0,0,0,0,0,0,0,0,0,0,,,46035
bert_20260228023827,397087,20260114,1,2800133,unian,,,,,,,,39.70961,47.22165,ADM3,1,1,1,0,0,0,0,0,0,0,0,0,0,0,0,0,1,0,0,1,0,0,0,0,0,,,46035
bert_20260228023827,337910,20260115,1,2984712,meduza,713416,PPL,Andriivka,Sumy,2356,Sums'kyi,35426,34.817568,51.133718,ADM3,1,0,1,0,0,0,0,0,0,0,0,0,0,0,0,0,0,0,0,0,0,0,0,0,0,,,46036
bert_20260228023827,188173,20260115,4,"2971999, 2806541, 2806828, 2800442","liga, espreso, liveuamap",703448,PPLC,Kyiv,Kiev City,1210,Shevchenkivs'kyi,33738,30.52355,50.45044,ADM3,0,0,1,0,0,0,1,0,0,0,0,0,0,0,0,0,0,0,0,0,0,0,0,0,0,,,46036
bert_20260228023827,323906,20260115,1,2972000,liga,712956,PPL,Bakhmutivka,Luhans'k,1405,Novoaidars'kyi,25882,39.04452,48.86708,ADM3,0,0,1,0,0,0,1,0,0,0,0,0,0,0,0,0,0,0,0,0,0,0,0,0,0,,,46036
bert_20260228023827,357646,20260115,1,2972001,liga,8250815,PPL,Karpaty,Transcarpathia,2491,Mukachivs'kyi,24017,22.8742,48.52159,ADM3,0,0,0,0,0,1,1,0,0,0,0,0,0,0,0,0,0,0,0,1,0,0,0,0,0,,,46036
bert_20260228023827,188175,20260115,1,2965669,liga,703448,PPLC,Kyiv,Kiev City,1210,Shevchenkivs'kyi,33738,30.52355,50.45044,ADM3,1,1,0,1,0,0,0,0,0,0,0,0,0,0,0,0,0,0,0,1,0,0,0,0,0,,,46036
bert_20260228023827,188179,20260115,1,2946724,liga,703448,PPLC,Kyiv,Kiev City,1210,Shevchenkivs'kyi,33738,30.52355,50.45044,ADM3,1,1,1,1,0,0,0,0,0,0,0,0,0,0,0,0,0,0,0,1,0,0,0,0,0,,,46036
bert_20260228023827,188166,20260115,3,"2896152, 2806822, 2812893","liga, unian",703448,PPLC,Kyiv,Kiev City,1210,Shevchenkivs'kyi,33738,30.52355,50.45044,ADM3,0,0,0,0,0,0,1,0,0,0,0,0,0,0,0,0,0,0,0,0,0,0,0,0,0,,,46036
bert_20260228023827,29693,20260115,1,2870332,liga,689103,PPL,Volovytsia,Chernihiv,498,Borznians'kyi,5262,32.00406,51.35543,ADM1,0,0,0,0,0,1,0,0,0,0,0,0,0,0,0,0,0,0,0,0,0,0,0,0,0,,,46036
bert_20260228023827,188167,20260115,2,"2870333, 2812882","liga, unian",703448,PPLC,Kyiv,Kiev City,1210,Shevchenkivs'kyi,33738,30.52355,50.45044,ADM3,0,0,0,0,0,1,0,0,0,0,0,0,0,0,0,0,0,0,0,0,0,0,0,0,0,,,46036
bert_20260228023827,188180,20260115,2,"2864020, 2826017",liga,703448,PPLC,Kyiv,Kiev City,1210,Shevchenkivs'kyi,33738,30.52355,50.45044,ADM3,1,1,1,1,0,0,0,0,0,0,0,0,0,0,0,0,0,0,0,1,0,0,0,1,0,,,46036
bert_20260228023827,188183,20260115,1,2857760,liga,703448,PPLC,Kyiv,Kiev City,1210,Shevchenkivs'kyi,33738,30.52355,50.45044,ADM3,1,1,1,1,0,0,0,0,0,0,0,0,0,1,0,0,0,0,0,1,0,0,0,0,0,,,46036
bert_20260228023827,154139,20260115,1,2851466,liga,702550,PPLA,Lviv,L'viv,1289,L'vivs'ka,19402,24.0299,49.83932,ADM3,0,0,0,0,0,1,1,0,0,0,0,0,0,0,0,0,0,0,0,0,0,0,0,0,0,,,46036
bert_20260228023827,188168,20260115,3,"2851467, 2812885, 2806527","liga, unian",703448,PPLC,Kyiv,Kiev City,1210,Shevchenkivs'kyi,33738,30.52355,50.45044,ADM3,0,0,0,0,0,1,1,0,0,0,0,0,0,0,0,0,0,0,0,0,0,0,0,0,0,,,46036
bert_20260228023827,112378,20260115,1,2845168,liga,698740,PPLA,Odessa,Odessa,1800,Odes'ka,26260,30.73169,46.48421,ADM3,1,0,0,0,0,0,1,0,0,0,0,0,0,0,0,0,0,0,0,0,0,0,0,0,0,,,46036
bert_20260228023827,112377,20260115,1,2838769,liga,698740,PPLA,Odessa,Odessa,1800,Odes'ka,26260,30.73169,46.48421,ADM3,0,0,0,0,0,0,1,0,0,0,0,0,0,0,0,0,0,0,0,1,0,0,0,0,0,,,46036
bert_20260228023827,359356,20260115,1,2832406,liga,8281918,PPL,Posich,Transcarpathia,2491,Khusts'kyi,18005,23.41312,48.22076,ADM1,0,0,0,0,0,1,1,0,0,0,0,0,0,0,0,0,0,0,0,0,0,0,0,0,0,,,46036
bert_20260228023827,188171,20260115,1,2826016,liga,703448,PPLC,Kyiv,Kiev City,1210,Shevchenkivs'kyi,33738,30.52355,50.45044,ADM3,0,0,1,0,0,0,0,0,0,0,0,0,0,0,0,0,0,0,0,1,0,0,0,0,0,,,46036
bert_20260228023827,112379,20260115,1,2819580,liga,698740,PPLA,Odessa,Odessa,1800,Odes'ka,26260,30.73169,46.48421,ADM3,0,1,1,0,0,0,0,0,0,0,0,0,0,0,0,0,0,0,0,0,0,0,0,0,0,,,46036
bert_20260228023827,188164,20260115,2,"2819581, 2812877","liga, unian",703448,PPLC,Kyiv,Kiev City,1210,Shevchenkivs'kyi,33738,30.52355,50.45044,ADM3,0,0,0,0,0,0,0,0,0,0,0,0,0,0,0,0,0,0,0,0,0,0,0,0,0,,,46036
bert_20260228023827,203514,20260115,2,"2806528, 2806542",espreso,704422,PPLA2,Pokrovsk,Donets'k,655,Krasnoarmiis'kyi,18918,37.1756,48.28035,ADM3,1,1,1,1,0,0,0,0,0,0,0,0,0,0,0,1,0,0,0,0,0,0,1,0,0,,,46036
bert_20260228023827,50089,20260115,1,2806529,espreso,692248,PPL,Stepnohirsk,Zaporizhzhya,2730,Vasylivs'kyi,39200,35.36408,47.58871,ADM3,1,1,1,1,0,0,0,0,0,0,0,0,0,0,1,0,0,0,0,0,0,0,0,0,0,,,46036
bert_20260228023827,19283,20260115,2,"2806530, 2812891","espreso, unian",687700,PPLA,Zaporizhzhya,Zaporizhzhya,2730,Zaporiz'ka,41153,35.13885,47.83831,ADM3,1,1,1,1,0,0,0,0,0,0,0,0,0,0,1,0,0,0,0,0,0,0,0,0,0,,,46036
bert_20260228023827,154149,20260115,1,2806531,espreso,702550,PPLA,Lviv,L'viv,1289,L'vivs'ka,19402,24.0299,49.83932,ADM3,1,1,1,1,0,0,0,0,0,0,1,0,0,0,0,0,0,0,0,1,0,0,0,1,0,,,46036
bert_20260228023827,217139,20260115,1,2806532,espreso,705183,PPL,Slobozhans'ke,Kharkiv,1191,Zmiïvs'kyi,41407,36.50512,49.61494,ADM1,1,1,1,1,0,0,0,0,0,0,0,0,0,0,0,1,0,1,0,0,0,0,0,0,0,,,46036
bert_20260228023827,188177,20260115,1,2806533,espreso,703448,PPLC,Kyiv,Kiev City,1210,Shevchenkivs'kyi,33738,30.52355,50.45044,ADM3,1,1,0,1,0,0,0,0,0,0,1,0,0,0,0,0,0,0,0,1,0,0,0,1,0,,,46036
bert_20260228023827,319022,20260115,1,2806534,espreso,712609,PPL,Bilka,Odessa,1800,Ivanivs'kyi,15842,30.40579,46.90822,ADM1,1,1,0,1,0,0,0,0,0,0,1,0,0,0,0,0,0,0,0,1,0,0,0,1,0,,,46036
bert_20260228023827,82415,20260115,1,2806535,espreso,695094,PPLX,Ruttschenkowo,Donets'k,655,Donets'ka,10139,37.67529,47.95508,ADM1,1,1,1,1,0,0,0,0,0,0,0,0,0,0,0,0,0,0,0,0,0,0,0,0,0,,,46036
bert_20260228023827,203515,20260115,1,2806536,espreso,704422,PPLA2,Pokrovsk,Donets'k,655,Krasnoarmiis'kyi,18918,37.1756,48.28035,ADM3,1,1,1,1,1,0,0,0,0,0,1,0,0,0,0,0,0,0,0,0,0,0,0,0,0,,,46036
bert_20260228023827,188185,20260115,1,2806537,espreso,703448,PPLC,Kyiv,Kiev City,1210,Shevchenkivs'kyi,33738,30.52355,50.45044,ADM3,1,1,1,1,0,0,0,0,0,0,1,0,0,0,0,0,0,0,0,1,0,0,0,0,0,,,46036
bert_20260228023827,82416,20260115,1,2806538,espreso,695094,PPLX,Ruttschenkowo,Donets'k,655,Donets'ka,10139,37.67529,47.95508,ADM1,1,1,1,1,0,0,0,0,0,0,0,0,0,0,1,0,0,0,1,0,0,0,0,0,0,,,46036
bert_20260228023827,188172,20260115,1,2806539,espreso,703448,PPLC,Kyiv,Kiev City,1210,Shevchenkivs'kyi,33738,30.52355,50.45044,ADM3,1,0,1,0,0,0,0,0,0,0,0,0,0,0,1,0,0,0,0,0,0,0,0,0,0,,,46036
bert_20260228023827,154142,20260115,1,2806540,espreso,702550,PPLA,Lviv,L'viv,1289,L'vivs'ka,19402,24.0299,49.83932,ADM3,0,0,1,0,0,0,1,0,0,0,0,0,0,0,0,0,0,0,0,0,0,0,0,0,0,,,46036
bert_20260228023827,250188,20260115,1,2806823,liga,706483,PPLA,Kharkiv,Kharkiv,1191,Kharkivs'ka,17850,36.2312,49.99217,ADM3,1,1,1,1,0,0,0,0,0,0,0,0,0,1,0,0,0,0,0,1,0,0,0,0,0,,,46036
bert_20260228023827,154668,20260115,1,2806824,liga,702569,PPLA,Lutsk,Volyn,2623,Luts'ka,21027,25.32541,50.74731,ADM3,0,0,0,0,0,1,1,0,0,0,0,0,0,0,0,0,0,0,0,1,0,0,0,1,0,,,46036
bert_20260228023827,188170,20260115,1,2806825,liga,703448,PPLC,Kyiv,Kiev City,1210,Shevchenkivs'kyi,33738,30.52355,50.45044,ADM3,0,0,1,0,0,0,0,0,0,0,0,0,0,0,0,0,0,0,0,0,0,0,0,0,0,,,46036
bert_20260228023827,19282,20260115,1,2806826,liga,687700,PPLA,Zaporizhzhya,Zaporizhzhya,2730,Zaporiz'ka,41153,35.13885,47.83831,ADM3,1,1,1,1,0,0,0,0,0,0,0,0,0,0,0,0,0,0,0,0,0,0,0,0,0,,,46036
bert_20260228023827,386035,20260115,1,2806827,liga,10951287,PPL,Vesele,Zaporizhzhya,2730,Tokmats'kyi,37511,35.7672,47.17894,ADM1,1,1,1,1,0,0,0,0,0,0,0,0,0,0,1,0,0,0,0,0,0,0,0,0,0,,,46036
bert_20260228023827,361899,20260115,1,2806829,liga,8465680,PPL,Danylivka,Zhytomyr,2739,Volodars'ko-Volyns'kyi,39783,28.47583,50.63963,ADM1,1,1,0,1,0,0,0,0,0,0,0,0,0,1,0,0,0,0,0,1,0,0,0,1,0,,,46036
bert_20260228023827,188176,20260115,1,2806830,liga,703448,PPLC,Kyiv,Kiev City,1210,Shevchenkivs'kyi,33738,30.52355,50.45044,ADM3,1,1,0,1,0,0,0,0,0,0,0,0,0,1,0,0,0,0,0,1,0,0,0,1,0,,,46036
bert_20260228023827,154143,20260115,1,2806831,liga,702550,PPLA,Lviv,L'viv,1289,L'vivs'ka,19402,24.0299,49.83932,ADM3,1,1,0,1,0,0,0,0,0,0,0,0,0,1,0,0,0,0,0,1,0,0,0,1,0,,,46036
bert_20260228023827,250185,20260115,1,2806832,liga,706483,PPLA,Kharkiv,Kharkiv,1191,Kharkivs'ka,17850,36.2312,49.99217,ADM3,1,1,0,1,0,0,0,0,0,0,0,0,0,1,0,0,0,0,0,1,0,0,0,1,0,,,46036
bert_20260228023827,154138,20260115,1,2806833,liga,702550,PPLA,Lviv,L'viv,1289,L'vivs'ka,19402,24.0299,49.83932,ADM3,0,0,0,0,0,0,1,0,0,0,0,0,0,0,0,0,0,0,0,0,0,0,0,0,0,,,46036
bert_20260228023827,154145,20260115,1,2812876,unian,702550,PPLA,Lviv,L'viv,1289,L'vivs'ka,19402,24.0299,49.83932,ADM3,1,1,0,1,0,0,0,0,0,0,1,0,0,0,0,0,0,0,0,1,0,0,0,1,0,,,46036
bert_20260228023827,203513,20260115,1,2812878,unian,704422,PPLA2,Pokrovsk,Donets'k,655,Krasnoarmiis'kyi,18918,37.1756,48.28035,ADM3,1,1,1,0,1,0,0,0,0,0,0,0,0,0,1,0,0,0,0,0,0,0,0,0,0,,,46036
bert_20260228023827,154147,20260115,1,2812879,unian,702550,PPLA,Lviv,L'viv,1289,L'vivs'ka,19402,24.0299,49.83932,ADM3,1,1,1,0,0,1,0,0,0,0,1,0,0,0,0,0,0,0,0,0,0,0,0,0,0,,,46036
bert_20260228023827,319021,20260115,1,2812880,unian,712609,PPL,Bilka,Odessa,1800,Ivanivs'kyi,15842,30.40579,46.90822,ADM1,0,0,0,0,0,1,1,0,0,0,0,0,0,0,0,0,0,0,0,0,0,0,0,0,0,,,46036
bert_20260228023827,250182,20260115,1,2812881,unian,706483,PPLA,Kharkiv,Kharkiv,1191,Kharkivs'ka,17850,36.2312,49.99217,ADM3,0,0,0,0,0,0,1,0,0,0,0,0,0,0,0,0,0,0,0,0,0,0,0,0,0,,,46036
bert_20260228023827,188188,20260115,1,2812883,unian,703448,PPLC,Kyiv,Kiev City,1210,Shevchenkivs'kyi,33738,30.52355,50.45044,ADM3,1,1,1,1,0,0,0,0,1,0,0,0,0,1,0,0,0,0,0,1,0,0,0,0,0,,,46036
bert_20260228023827,289799,20260115,1,2812884,unian,710403,PPLQ,Chornobyl,Kiev,1209,Ivankivs'kyi,15844,30.211,51.27784,ADM3,0,0,0,0,0,1,1,0,0,0,0,0,0,0,0,0,0,0,0,1,0,0,0,0,0,,,46036
bert_20260228023827,132583,20260115,1,2812886,unian,701372,PPL,Mena,Chernihiv,498,Mens'kyi,22740,32.21638,51.52279,ADM3,0,0,1,0,0,0,0,0,0,0,0,0,0,0,0,0,0,0,0,0,0,0,0,0,0,,,46036
bert_20260228023827,373684,20260115,1,2812887,unian,9114542,PPL,Novyi,Luhans'k,1405,Krasnoluts'ka,18939,38.59081,48.49995,ADM3,0,0,0,0,0,0,1,0,0,0,0,0,0,0,0,0,0,0,0,0,0,0,0,0,0,,,46036
bert_20260228023827,188186,20260115,1,2812888,unian,703448,PPLC,Kyiv,Kiev City,1210,Shevchenkivs'kyi,33738,30.52355,50.45044,ADM3,1,1,1,1,0,0,0,0,0,0,1,0,0,1,0,0,0,0,0,1,0,0,0,1,0,,,46036
bert_20260228023827,397091,20260115,1,2812889,unian,,,,,,,,36.58734,50.59556,ADM3,1,1,1,0,0,0,0,0,0,0,0,0,0,0,0,0,0,0,0,1,0,0,0,0,0,,,46036
bert_20260228023827,217140,20260115,1,2812890,unian,705183,PPL,Slobozhans'ke,Kharkiv,1191,Zmiïvs'kyi,41407,36.50512,49.61494,ADM1,1,1,1,1,0,0,0,0,0,0,0,0,0,0,1,0,0,0,0,0,0,0,0,0,0,,,46036
bert_20260228023827,250191,20260115,1,2812892,unian,706483,PPLA,Kharkiv,Kharkiv,1191,Kharkivs'ka,17850,36.2312,49.99217,ADM3,1,1,1,1,0,0,0,0,1,0,0,0,0,1,0,0,0,0,0,1,0,0,0,0,0,,,46036
bert_20260228023827,188182,20260115,1,2812894,unian,703448,PPLC,Kyiv,Kiev City,1210,Shevchenkivs'kyi,33738,30.52355,50.45044,ADM3,1,1,1,1,0,0,0,0,0,0,0,0,0,0,1,0,0,0,0,1,0,0,0,0,0,,,46036
bert_20260228023827,397092,20260115,1,2812895,unian,,,,,,,,38.92852,47.21537,ADM3,1,1,1,0,1,0,0,0,0,0,1,0,0,0,0,0,0,1,0,1,0,0,0,0,0,,,46036
bert_20260228023827,345572,20260115,1,2812896,unian,805500,PPL,Voronyne,Sumy,2356,Bilopils'kyi,4621,34.12376,51.10624,ADM1,0,1,0,0,1,0,0,0,0,0,0,0,0,0,0,0,0,0,0,0,0,0,0,0,0,,,46036
bert_20260228023827,250187,20260115,1,2812897,unian,706483,PPLA,Kharkiv,Kharkiv,1191,Kharkivs'ka,17850,36.2312,49.99217,ADM3,1,1,1,1,0,0,0,0,0,0,0,0,0,0,0,0,0,0,0,1,0,0,0,0,0,,,46036
bert_20260228023827,19281,20260115,1,2812898,unian,687700,PPLA,Zaporizhzhya,Zaporizhzhya,2730,Zaporiz'ka,41153,35.13885,47.83831,ADM3,1,1,0,1,0,0,0,0,0,0,0,0,0,0,1,0,0,0,1,0,0,0,0,0,0,,,46036
bert_20260228023827,67812,20260115,1,2800144,espreso,693805,PPLA2,Simferopol,Crimea,579,Simferopol's'ka,34229,34.09941,44.95363,ADM3,1,1,0,1,0,0,0,0,0,0,1,0,0,0,0,0,0,0,0,1,0,0,0,1,0,,,46036
bert_20260228023827,188181,20260115,1,2800145,espreso,703448,PPLC,Kyiv,Kiev City,1210,Shevchenkivs'kyi,33738,30.52355,50.45044,ADM3,1,1,1,1,0,0,0,0,0,0,0,0,0,0,1,0,0,0,0,0,0,0,0,0,0,,,46036
bert_20260228023827,154144,20260115,1,2800402,liga,702550,PPLA,Lviv,L'viv,1289,L'vivs'ka,19402,24.0299,49.83932,ADM3,1,1,0,1,0,0,0,0,0,0,1,0,0,0,0,0,0,0,0,1,0,0,0,0,0,,,46036
bert_20260228023827,154146,20260115,1,2800403,liga,702550,PPLA,Lviv,L'viv,1289,L'vivs'ka,19402,24.0299,49.83932,ADM3,1,1,1,0,0,0,0,0,0,0,0,0,0,0,0,0,0,0,0,0,0,0,0,0,0,,,46036
bert_20260228023827,57702,20260115,1,2800439,liveuamap,693468,PPL,Sloviansk,Donets'k,655,Slovians'ka,34511,37.60582,48.85227,ADM3,1,1,0,1,0,0,0,0,0,0,0,0,0,0,0,0,1,1,0,1,0,0,0,0,0,,,46036
bert_20260228023827,287107,20260115,1,2800440,liveuamap,709930,PPLA,Dnipro,Dnipropetrovs'k,650,Dnipropetrovs'ka,9966,35.04618,48.46472,ADM3,0,0,0,0,0,0,0,0,0,0,0,0,0,0,0,0,0,0,0,0,0,0,0,0,0,,,46036
bert_20260228023827,188178,20260115,1,2800441,liveuamap,703448,PPLC,Kyiv,Kiev City,1210,Shevchenkivs'kyi,33738,30.52355,50.45044,ADM3,1,1,1,0,1,0,0,1,0,0,1,0,0,0,0,0,0,1,0,0,0,0,0,0,0,,,46036
bert_20260228023827,154141,20260115,1,2800443,liveuamap,702550,PPLA,Lviv,L'viv,1289,L'vivs'ka,19402,24.0299,49.83932,ADM3,1,0,1,0,0,0,0,0,0,0,0,0,0,0,0,0,0,0,0,0,0,0,0,0,0,,,46036
bert_20260228023827,49220,20260115,1,2800444,liveuamap,692194,PPLA,Sumy,Sumy,2356,Sums'ka,35425,34.80276,50.91198,ADM3,0,0,0,0,0,1,1,0,0,0,0,0,0,0,0,0,0,0,0,0,0,0,0,0,0,,,46036
bert_20260228023827,192415,20260115,2,"2800445, 2800486",liveuamap,703656,PPLA2,Kupiansk,Kharkiv,1191,Kupians'ka,19188,37.61478,49.7108,ADM3,1,0,1,0,0,0,0,0,0,0,0,0,0,0,0,1,0,0,0,0,0,0,0,0,0,,,46036
bert_20260228023827,55610,20260115,1,2800446,liveuamap,693065,PPLX,Sotsmisto,Donets'k,655,Kramators'ka,18898,37.5844,48.73898,ADM3,1,0,1,0,0,0,0,0,0,0,0,0,0,0,0,1,0,0,0,0,0,0,0,0,0,,,46036
bert_20260228023827,370605,20260115,1,2800447,liveuamap,9113948,PPL,Stupochky,Donets'k,655,Kostiantynivs'kyi,18739,37.82831,48.53838,STREET,1,0,1,0,0,0,0,0,0,0,0,0,0,0,0,1,0,0,0,0,0,0,0,0,0,,,46036
bert_20260228023827,89969,20260115,1,2800448,liveuamap,696218,PPL,Pryvillia,Luhans'k,1405,Popasnians'kyi,28982,38.30109,48.99971,ADM3,1,0,1,0,0,0,0,0,0,0,0,0,0,0,0,1,0,0,0,0,0,0,0,0,0,,,46036
bert_20260228023827,257470,20260115,2,"2800449, 2800478",liveuamap,707464,PPL,Ivanopillia,Donets'k,655,Kostiantynivs'kyi,18739,37.76439,48.47357,ADM3,1,0,1,0,0,0,0,0,0,0,0,0,0,0,0,1,0,0,0,0,0,0,0,0,0,,,46036
bert_20260228023827,57703,20260115,1,2800450,liveuamap,693468,PPL,Sloviansk,Donets'k,655,Slovians'ka,34511,37.60582,48.85227,ADM3,1,1,1,1,0,0,0,0,1,0,0,0,0,0,0,0,0,0,0,1,0,0,0,0,0,,,46036
bert_20260228023827,250184,20260115,1,2800451,liveuamap,706483,PPLA,Kharkiv,Kharkiv,1191,Kharkivs'ka,17850,36.2312,49.99217,ADM3,1,0,1,0,0,0,0,0,0,0,0,0,0,0,0,1,0,0,0,0,0,0,0,0,0,,,46036
bert_20260228023827,287108,20260115,1,2800452,liveuamap,709930,PPLA,Dnipro,Dnipropetrovs'k,650,Dnipropetrovs'ka,9966,35.04618,48.46472,ADM3,1,0,1,0,0,0,0,0,0,0,0,0,0,0,0,1,0,0,0,0,0,0,0,0,0,,,46036
bert_20260228023827,252907,20260115,1,2800453,liveuamap,706941,PPL,Komyshuvakha,Zaporizhzhya,2730,Orikhivs'kyi,26748,35.52466,47.71952,ADM3,1,0,1,0,0,0,0,0,0,0,0,0,0,0,0,1,0,0,0,0,0,0,0,0,0,,,46036
bert_20260228023827,19279,20260115,2,"2800454, 2800481",liveuamap,687700,PPLA,Zaporizhzhya,Zaporizhzhya,2730,Zaporiz'ka,41153,35.13885,47.83831,ADM3,1,0,1,0,0,0,0,0,0,0,0,0,0,0,0,1,0,0,0,0,0,0,0,0,0,,,46036
bert_20260228023827,203512,20260115,1,2800455,liveuamap,704422,PPLA2,Pokrovsk,Donets'k,655,Krasnoarmiis'kyi,18918,37.1756,48.28035,ADM3,1,0,1,1,0,0,0,0,0,0,0,0,0,0,0,1,0,0,0,0,0,0,0,0,0,,,46036
bert_20260228023827,287936,20260115,1,2800456,liveuamap,710035,PPLA2,Myrnohrad,Donets'k,655,Krasnoarmiis'ka,18917,37.26806,48.29097,ADM3,1,0,1,1,0,0,0,0,0,0,0,0,0,0,0,1,0,0,0,0,0,0,0,0,0,,,46036
bert_20260228023827,261525,20260115,1,2800458,liveuamap,707898,PPLA2,Hulyaypole,Zaporizhzhya,2730,Huliaipil's'kyi,14713,36.25322,47.66644,ADM3,1,1,1,1,0,0,0,0,0,0,0,0,0,0,0,1,0,0,0,0,0,0,0,0,0,,,46036
bert_20260228023827,235316,20260115,1,2800460,liveuamap,706448,PPLA,Kherson,Kherson,1195,Khersons'ka,17890,32.61496,46.64032,ADM3,1,1,1,0,1,0,0,1,0,0,1,0,0,0,0,0,0,0,0,0,0,0,0,0,0,,,46036
bert_20260228023827,188189,20260115,1,2800461,liveuamap,703448,PPLC,Kyiv,Kiev City,1210,Shevchenkivs'kyi,33738,30.52355,50.45044,ADM3,1,1,1,1,0,0,0,1,0,0,1,0,0,1,0,0,0,0,0,0,0,0,0,0,0,,,46036
bert_20260228023827,397093,20260115,1,2800462,liveuamap,,,,,,,,39.70961,47.22165,ADM3,1,1,1,1,0,0,0,1,0,0,1,0,0,0,0,0,0,0,0,0,0,0,0,0,0,,,46036
bert_20260228023827,397090,20260115,1,2800463,liveuamap,,,,,,,,39.70961,47.22165,ADM3,1,1,0,0,1,0,0,0,0,0,1,0,0,0,0,0,0,1,0,0,0,0,0,0,0,,,46036
bert_20260228023827,287110,20260115,1,2800464,liveuamap,709930,PPLA,Dnipro,Dnipropetrovs'k,650,Dnipropetrovs'ka,9966,35.04618,48.46472,ADM3,1,1,1,1,0,0,0,0,0,0,0,0,0,1,0,0,0,0,0,1,0,0,0,0,0,,,46036
bert_20260228023827,287109,20260115,1,2800465,liveuamap,709930,PPLA,Dnipro,Dnipropetrovs'k,650,Dnipropetrovs'ka,9966,35.04618,48.46472,ADM3,1,1,0,1,0,0,0,0,0,0,1,0,0,0,0,0,0,0,0,1,0,0,0,1,0,,,46036
bert_20260228023827,123362,20260115,1,2800466,liveuamap,700051,PPLA2,Nikopol,Dnipropetrovs'k,650,Nikopol's'ka,25338,34.39481,47.56746,ADM3,1,1,1,0,0,0,0,0,0,0,1,0,0,0,0,0,0,1,0,1,0,0,0,0,0,,,46036
bert_20260228023827,250186,20260115,1,2800467,liveuamap,706483,PPLA,Kharkiv,Kharkiv,1191,Kharkivs'ka,17850,36.2312,49.99217,ADM3,1,1,1,0,1,0,0,0,0,0,0,0,0,0,0,0,0,0,0,1,0,0,0,0,0,,,46036
bert_20260228023827,294892,20260115,1,2800468,liveuamap,710735,PPLA,Chernihiv,Chernihiv,498,Chernihivs'ka,7660,31.29865,51.49101,ADM3,1,1,1,1,0,0,0,0,0,0,0,0,0,0,0,0,0,0,0,1,0,0,0,0,0,,,46036
bert_20260228023827,188174,20260115,1,2800469,liveuamap,703448,PPLC,Kyiv,Kiev City,1210,Shevchenkivs'kyi,33738,30.52355,50.45044,ADM3,1,1,0,0,1,0,0,0,0,0,1,0,0,0,0,0,0,0,0,0,0,0,0,0,0,,,46036
bert_20260228023827,250183,20260115,1,2800470,liveuamap,706483,PPLA,Kharkiv,Kharkiv,1191,Kharkivs'ka,17850,36.2312,49.99217,ADM3,1,0,1,0,0,0,0,0,0,0,0,0,0,0,0,0,0,0,0,0,0,0,0,0,0,,,46036
bert_20260228023827,188187,20260115,1,2800471,liveuamap,703448,PPLC,Kyiv,Kiev City,1210,Shevchenkivs'kyi,33738,30.52355,50.45044,ADM3,1,1,1,1,0,0,0,0,0,0,1,0,0,1,0,0,0,1,0,1,0,0,0,1,0,,,46036
bert_20260228023827,188169,20260115,1,2800473,liveuamap,703448,PPLC,Kyiv,Kiev City,1210,Shevchenkivs'kyi,33738,30.52355,50.45044,ADM3,1,0,0,0,1,0,0,0,0,0,1,0,0,0,0,0,0,1,0,0,0,0,0,0,0,,,46036
bert_20260228023827,154140,20260115,1,2800474,liveuamap,702550,PPLA,Lviv,L'viv,1289,L'vivs'ka,19402,24.0299,49.83932,ADM3,1,0,0,0,1,0,0,0,0,0,1,0,0,0,0,0,0,1,0,0,0,0,0,0,0,,,46036
bert_20260228023827,397089,20260115,1,2800475,liveuamap,,,,,,,,38.92852,47.21537,ADM3,1,0,1,0,0,0,0,0,0,0,0,0,0,0,0,1,0,0,0,0,0,0,0,0,0,,,46036
bert_20260228023827,148508,20260115,1,2800476,liveuamap,702320,PPLA2,Makiivka,Donets'k,655,Maki‹vs'ka,21496,37.96583,48.04653,ADM3,1,0,1,0,0,0,0,0,0,0,0,0,0,0,0,1,0,0,0,0,0,0,0,0,0,,,46036
bert_20260228023827,208601,20260115,1,2800477,liveuamap,705104,PPL,Kostiantynivka,Donets'k,655,Kostiantynivs'ka,18738,37.69368,48.53467,ADM3,1,0,1,0,0,0,0,0,0,0,0,0,0,0,0,1,0,0,0,0,0,0,0,0,0,,,46036
bert_20260228023827,250190,20260115,1,2800479,liveuamap,706483,PPLA,Kharkiv,Kharkiv,1191,Kharkivs'ka,17850,36.2312,49.99217,ADM3,1,1,1,1,0,0,0,0,1,0,0,0,0,0,0,0,0,0,0,0,0,0,0,0,0,,,46036
bert_20260228023827,26159,20260115,1,2800480,liveuamap,688871,PPL,Vozdvyzhivka,Zaporizhzhya,2730,Novomykola‹vs'kyi,25913,36.07979,47.74727,ADM3,1,0,1,0,0,0,0,0,0,0,0,0,0,0,0,1,0,0,0,0,0,0,0,0,0,,,46036
bert_20260228023827,57701,20260115,1,2800482,liveuamap,693468,PPL,Sloviansk,Donets'k,655,Slovians'ka,34511,37.60582,48.85227,ADM3,1,0,1,0,0,0,0,0,0,0,0,0,0,0,0,1,0,0,0,0,0,0,0,0,0,,,46036
bert_20260228023827,287935,20260115,1,2800483,liveuamap,710035,PPLA2,Myrnohrad,Donets'k,655,Krasnoarmiis'ka,18917,37.26806,48.29097,ADM3,1,0,1,0,0,0,0,0,0,0,0,0,0,0,0,1,0,0,0,0,0,0,0,0,0,,,46036
bert_20260228023827,203511,20260115,1,2800484,liveuamap,704422,PPLA2,Pokrovsk,Donets'k,655,Krasnoarmiis'kyi,18918,37.1756,48.28035,ADM3,1,0,1,0,0,0,0,0,0,0,0,0,0,0,0,1,0,0,0,0,0,0,0,0,0,,,46036
bert_20260228023827,381234,20260115,1,2800485,liveuamap,10323759,PPLX,Cheremushky,Donets'k,655,Mariupol's'ka,22073,37.50564,47.07557,ADM3,1,0,1,0,0,0,0,0,0,0,0,0,0,0,0,1,0,0,0,0,0,0,0,0,0,,,46036
bert_20260228023827,19280,20260115,1,2800487,liveuamap,687700,PPLA,Zaporizhzhya,Zaporizhzhya,2730,Zaporiz'ka,41153,35.13885,47.83831,ADM3,1,0,1,1,0,0,0,0,0,0,0,0,0,0,0,1,0,0,0,0,0,0,0,0,0,,,46036
bert_20260228023827,261524,20260115,1,2800488,liveuamap,707898,PPLA2,Hulyaypole,Zaporizhzhya,2730,Huliaipil's'kyi,14713,36.25322,47.66644,ADM3,1,0,1,0,0,0,0,0,0,0,0,0,0,0,0,1,0,0,0,0,0,0,0,0,0,,,46036
bert_20260228023827,197350,20260115,1,2800490,liveuamap,704204,PPL,Lyman,Donets'k,655,Krasnolymans'kyi,18941,37.82245,48.96409,ADM3,1,1,0,1,0,0,0,0,0,0,0,0,0,1,0,0,0,0,0,1,0,0,0,1,0,,,46036
bert_20260228023827,275149,20260115,1,2800492,liveuamap,709717,PPLA,Donetsk,Donets'k,655,Donets'ka,10139,37.80285,48.01588,ADM3,1,1,0,1,0,0,0,0,0,0,1,0,0,0,0,0,0,0,0,1,0,0,0,0,0,,,46036
bert_20260228023827,393696,20260115,1,2800493,liveuamap,11777953,PPL,Deremezna,Kiev,1209,Obukhivs'kyi,26204,30.47662,50.02393,ADM1,1,1,1,0,0,0,0,0,0,0,1,0,0,0,0,0,0,0,0,1,0,0,0,0,0,,,46036
bert_20260228023827,112380,20260115,1,2800494,liveuamap,698740,PPLA,Odessa,Odessa,1800,Odes'ka,26260,30.73169,46.48421,ADM3,1,1,1,1,0,0,0,1,0,0,0,0,0,1,0,0,0,0,0,1,0,0,0,0,0,,,46036
bert_20260228023827,250189,20260115,1,2800495,liveuamap,706483,PPLA,Kharkiv,Kharkiv,1191,Kharkivs'ka,17850,36.2312,49.99217,ADM3,1,1,1,1,0,0,0,0,0,0,1,0,0,1,0,0,0,1,0,1,0,0,0,1,0,,,46036
bert_20260228023827,188184,20260115,1,2800496,liveuamap,703448,PPLC,Kyiv,Kiev City,1210,Shevchenkivs'kyi,33738,30.52355,50.45044,ADM3,1,1,1,1,0,0,0,0,0,0,1,0,0,0,0,0,0,0,0,0,0,0,0,1,0,,,46036
bert_20260228023827,154148,20260115,1,2800497,liveuamap,702550,PPLA,Lviv,L'viv,1289,L'vivs'ka,19402,24.0299,49.83932,ADM3,1,1,1,1,0,0,0,0,0,0,1,0,0,0,0,0,0,0,0,0,0,0,0,1,0,,,46036
bert_20260228023827,188165,20260115,1,2806526,unian,703448,PPLC,Kyiv,Kiev City,1210,Shevchenkivs'kyi,33738,30.52355,50.45044,ADM3,0,0,0,0,0,0,0,0,0,0,0,0,0,0,0,0,0,0,0,0,0,0,0,1,0,,,46036
bert_20260228023827,188197,20260116,1,2972008,liga,703448,PPLC,Kyiv,Kiev City,1210,Shevchenkivs'kyi,33738,30.52355,50.45044,ADM3,0,0,1,0,0,0,1,0,0,0,0,0,0,0,0,0,0,0,0,0,0,0,0,0,0,,,46037
bert_20260228023827,323907,20260116,1,2972009,liga,712956,PPL,Bakhmutivka,Luhans'k,1405,Novoaidars'kyi,25882,39.04452,48.86708,ADM3,0,0,1,0,0,0,1,0,0,0,0,0,0,0,0,0,0,0,0,0,0,0,0,0,0,,,46037
bert_20260228023827,357647,20260116,1,2972010,liga,8250815,PPL,Karpaty,Transcarpathia,2491,Mukachivs'kyi,24017,22.8742,48.52159,ADM3,0,0,0,0,0,1,1,0,0,0,0,0,0,0,0,0,0,0,0,1,0,0,0,0,0,,,46037
bert_20260228023827,188199,20260116,1,2965675,liga,703448,PPLC,Kyiv,Kiev City,1210,Shevchenkivs'kyi,33738,30.52355,50.45044,ADM3,1,1,0,1,0,0,0,0,0,0,0,0,0,0,0,0,0,0,0,1,0,0,0,0,0,,,46037
bert_20260228023827,188202,20260116,1,2946730,liga,703448,PPLC,Kyiv,Kiev City,1210,Shevchenkivs'kyi,33738,30.52355,50.45044,ADM3,1,1,1,1,0,0,0,0,0,0,0,0,0,0,0,0,0,0,0,1,0,0,0,0,0,,,46037
bert_20260228023827,188191,20260116,4,"2896158, 2819233, 2819236, 2819246","liga, unian",703448,PPLC,Kyiv,Kiev City,1210,Shevchenkivs'kyi,33738,30.52355,50.45044,ADM3,0,0,0,0,0,0,1,0,0,0,0,0,0,0,0,0,0,0,0,0,0,0,0,0,0,,,46037
bert_20260228023827,29694,20260116,1,2870340,liga,689103,PPL,Volovytsia,Chernihiv,498,Borznians'kyi,5262,32.00406,51.35543,ADM1,0,0,0,0,0,1,0,0,0,0,0,0,0,0,0,0,0,0,0,0,0,0,0,0,0,,,46037
bert_20260228023827,188192,20260116,1,2870341,liga,703448,PPLC,Kyiv,Kiev City,1210,Shevchenkivs'kyi,33738,30.52355,50.45044,ADM3,0,0,0,0,0,1,0,0,0,0,0,0,0,0,0,0,0,0,0,0,0,0,0,0,0,,,46037
bert_20260228023827,188203,20260116,2,"2864027, 2826026",liga,703448,PPLC,Kyiv,Kiev City,1210,Shevchenkivs'kyi,33738,30.52355,50.45044,ADM3,1,1,1,1,0,0,0,0,0,0,0,0,0,0,0,0,0,0,0,1,0,0,0,1,0,,,46037
bert_20260228023827,188204,20260116,1,2857768,liga,703448,PPLC,Kyiv,Kiev City,1210,Shevchenkivs'kyi,33738,30.52355,50.45044,ADM3,1,1,1,1,0,0,0,0,0,0,0,0,0,1,0,0,0,0,0,1,0,0,0,0,0,,,46037
bert_20260228023827,154151,20260116,1,2851474,liga,702550,PPLA,Lviv,L'viv,1289,L'vivs'ka,19402,24.0299,49.83932,ADM3,0,0,0,0,0,1,1,0,0,0,0,0,0,0,0,0,0,0,0,0,0,0,0,0,0,,,46037
bert_20260228023827,188193,20260116,2,"2851475, 2819244","liga, unian",703448,PPLC,Kyiv,Kiev City,1210,Shevchenkivs'kyi,33738,30.52355,50.45044,ADM3,0,0,0,0,0,1,1,0,0,0,0,0,0,0,0,0,0,0,0,0,0,0,0,0,0,,,46037
bert_20260228023827,112383,20260116,1,2845176,liga,698740,PPLA,Odessa,Odessa,1800,Odes'ka,26260,30.73169,46.48421,ADM3,1,0,0,0,0,0,1,0,0,0,0,0,0,0,0,0,0,0,0,0,0,0,0,0,0,,,46037
bert_20260228023827,112382,20260116,1,2838776,liga,698740,PPLA,Odessa,Odessa,1800,Odes'ka,26260,30.73169,46.48421,ADM3,0,0,0,0,0,0,1,0,0,0,0,0,0,0,0,0,0,0,0,1,0,0,0,0,0,,,46037
bert_20260228023827,359357,20260116,1,2832414,liga,8281918,PPL,Posich,Transcarpathia,2491,Khusts'kyi,18005,23.41312,48.22076,ADM1,0,0,0,0,0,1,1,0,0,0,0,0,0,0,0,0,0,0,0,0,0,0,0,0,0,,,46037
bert_20260228023827,188196,20260116,1,2826025,liga,703448,PPLC,Kyiv,Kiev City,1210,Shevchenkivs'kyi,33738,30.52355,50.45044,ADM3,0,0,1,0,0,0,0,0,0,0,0,0,0,0,0,0,0,0,0,1,0,0,0,0,0,,,46037
bert_20260228023827,112385,20260116,1,2819588,liga,698740,PPLA,Odessa,Odessa,1800,Odes'ka,26260,30.73169,46.48421,ADM3,0,1,1,0,0,0,0,0,0,0,0,0,0,0,0,0,0,0,0,0,0,0,0,0,0,,,46037
bert_20260228023827,188190,20260116,1,2819589,liga,703448,PPLC,Kyiv,Kiev City,1210,Shevchenkivs'kyi,33738,30.52355,50.45044,ADM3,0,0,0,0,0,0,0,0,0,0,0,0,0,0,0,0,0,0,0,0,0,0,0,0,0,,,46037
bert_20260228023827,203519,20260116,1,2812899,espreso,704422,PPLA2,Pokrovsk,Donets'k,655,Krasnoarmiis'kyi,18918,37.1756,48.28035,ADM3,1,1,1,1,1,0,0,0,0,0,0,0,0,0,1,0,0,1,1,0,0,0,0,0,0,,,46037
bert_20260228023827,203517,20260116,1,2812900,espreso,704422,PPLA2,Pokrovsk,Donets'k,655,Krasnoarmiis'kyi,18918,37.1756,48.28035,ADM3,1,1,1,1,0,0,0,0,0,0,0,0,0,0,0,1,0,0,0,0,0,0,0,0,0,,,46037
bert_20260228023827,192417,20260116,1,2812901,espreso,703656,PPLA2,Kupiansk,Kharkiv,1191,Kupians'ka,19188,37.61478,49.7108,ADM3,1,1,1,0,1,0,0,0,0,0,0,0,0,0,0,1,0,1,0,0,0,0,0,0,0,,,46037
bert_20260228023827,188194,20260116,1,2812902,espreso,703448,PPLC,Kyiv,Kiev City,1210,Shevchenkivs'kyi,33738,30.52355,50.45044,ADM3,1,0,0,1,0,0,0,0,0,0,0,0,0,0,0,0,0,0,0,1,0,0,0,0,0,,,46037
bert_20260228023827,188205,20260116,1,2812903,espreso,703448,PPLC,Kyiv,Kiev City,1210,Shevchenkivs'kyi,33738,30.52355,50.45044,ADM3,1,1,1,1,0,0,0,0,0,0,0,0,0,1,0,0,0,0,0,1,0,0,0,1,0,,,46037
bert_20260228023827,154152,20260116,1,2812904,espreso,702550,PPLA,Lviv,L'viv,1289,L'vivs'ka,19402,24.0299,49.83932,ADM3,0,1,1,0,0,1,0,0,0,0,0,0,0,0,0,0,0,0,0,0,0,0,0,0,0,,,46037
bert_20260228023827,287113,20260116,1,2812905,espreso,709930,PPLA,Dnipro,Dnipropetrovs'k,650,Dnipropetrovs'ka,9966,35.04618,48.46472,ADM3,0,0,1,0,1,1,0,0,0,0,0,0,1,0,0,0,0,0,0,0,0,0,0,0,0,,,46037
bert_20260228023827,217141,20260116,1,2812906,espreso,705183,PPL,Slobozhans'ke,Kharkiv,1191,Zmiïvs'kyi,41407,36.50512,49.61494,ADM1,1,1,1,1,0,0,0,0,0,0,0,0,0,0,1,0,0,0,0,0,0,0,0,0,0,,,46037
bert_20260228023827,397094,20260116,1,2812907,espreso,,,,,,,,38.92852,47.21537,ADM3,1,1,1,0,1,0,0,0,0,0,1,0,0,0,0,0,0,0,0,1,0,0,0,0,0,,,46037
bert_20260228023827,203518,20260116,1,2812908,espreso,704422,PPLA2,Pokrovsk,Donets'k,655,Krasnoarmiis'kyi,18918,37.1756,48.28035,ADM3,1,1,1,1,0,0,0,0,0,0,0,0,0,0,0,1,0,0,0,0,0,0,1,0,0,,,46037
bert_20260228023827,19288,20260116,1,2813196,liga,687700,PPLA,Zaporizhzhya,Zaporizhzhya,2730,Zaporiz'ka,41153,35.13885,47.83831,ADM3,1,1,1,0,1,0,0,0,0,0,0,0,0,1,0,0,0,1,0,1,0,0,0,0,0,,,46037
bert_20260228023827,188195,20260116,1,2813197,liga,703448,PPLC,Kyiv,Kiev City,1210,Shevchenkivs'kyi,33738,30.52355,50.45044,ADM3,0,0,1,0,0,0,0,0,0,0,0,0,0,0,0,0,0,0,0,0,0,0,0,0,0,,,46037
bert_20260228023827,287112,20260116,1,2813198,liga,709930,PPLA,Dnipro,Dnipropetrovs'k,650,Dnipropetrovs'ka,9966,35.04618,48.46472,ADM3,0,0,1,0,0,1,0,0,0,0,0,0,1,0,0,0,0,0,0,0,0,0,0,0,0,,,46037
bert_20260228023827,19286,20260116,1,2813199,liga,687700,PPLA,Zaporizhzhya,Zaporizhzhya,2730,Zaporiz'ka,41153,35.13885,47.83831,ADM3,1,1,1,0,1,0,0,0,0,0,0,0,0,0,0,0,0,0,0,0,0,0,0,0,0,,,46037
bert_20260228023827,82420,20260116,1,2819225,meduza,695094,PPLX,Ruttschenkowo,Donets'k,655,Donets'ka,10139,37.67529,47.95508,ADM1,0,1,1,1,0,0,0,0,0,0,0,0,0,0,1,0,0,0,1,0,0,0,0,0,0,,,46037
bert_20260228023827,188201,20260116,1,2819226,meduza,703448,PPLC,Kyiv,Kiev City,1210,Shevchenkivs'kyi,33738,30.52355,50.45044,ADM3,0,1,1,1,0,0,0,0,0,0,0,0,0,0,1,0,0,0,1,0,0,0,0,0,0,,,46037
bert_20260228023827,188200,20260116,1,2819227,meduza,703448,PPLC,Kyiv,Kiev City,1210,Shevchenkivs'kyi,33738,30.52355,50.45044,ADM3,0,1,1,0,0,0,0,0,0,0,0,0,0,0,1,0,0,0,0,0,0,0,0,0,0,,,46037
bert_20260228023827,250193,20260116,1,2819228,meduza,706483,PPLA,Kharkiv,Kharkiv,1191,Kharkivs'ka,17850,36.2312,49.99217,ADM3,1,0,1,0,1,0,0,0,0,0,0,0,0,0,0,0,0,0,0,0,0,0,0,0,0,,,46037
bert_20260228023827,82418,20260116,1,2819229,meduza,695094,PPLX,Ruttschenkowo,Donets'k,655,Donets'ka,10139,37.67529,47.95508,ADM1,1,0,1,0,0,0,0,0,0,0,0,1,0,0,0,0,0,0,0,1,0,0,0,0,0,,,46037
bert_20260228023827,188198,20260116,1,2819230,meduza,703448,PPLC,Kyiv,Kiev City,1210,Shevchenkivs'kyi,33738,30.52355,50.45044,ADM3,1,0,1,0,1,0,0,0,0,0,1,0,0,0,0,0,0,0,0,1,0,0,0,0,0,,,46037
bert_20260228023827,82417,20260116,1,2819231,meduza,695094,PPLX,Ruttschenkowo,Donets'k,655,Donets'ka,10139,37.67529,47.95508,ADM1,1,0,1,0,0,0,0,0,0,0,0,0,0,1,0,0,0,0,0,1,0,0,0,0,0,,,46037
bert_20260228023827,82419,20260116,1,2819232,meduza,695094,PPLX,Ruttschenkowo,Donets'k,655,Donets'ka,10139,37.67529,47.95508,ADM1,1,0,1,0,1,0,0,0,0,0,1,0,0,0,0,0,0,0,0,0,0,0,0,0,0,,,46037
bert_20260228023827,263056,20260116,1,2819234,unian,708362,PPL,Horodyshche,Ternopil',2432,Kozivs'kyi,18874,25.33846,49.48736,ADM3,0,1,1,0,0,0,0,0,0,0,0,0,0,0,0,0,0,0,0,0,0,0,0,0,0,,,46037
bert_20260228023827,154150,20260116,2,"2819235, 2806837","unian, liga",702550,PPLA,Lviv,L'viv,1289,L'vivs'ka,19402,24.0299,49.83932,ADM3,0,0,0,0,0,0,1,0,0,0,0,0,0,0,0,0,0,0,0,0,0,0,0,0,0,,,46037
bert_20260228023827,319023,20260116,1,2819237,unian,712609,PPL,Bilka,Odessa,1800,Ivanivs'kyi,15842,30.40579,46.90822,ADM1,1,1,1,0,0,0,0,0,0,0,1,0,0,0,0,0,0,0,0,0,0,0,0,0,0,,,46037
bert_20260228023827,373685,20260116,1,2819238,unian,9114542,PPL,Novyi,Luhans'k,1405,Krasnoluts'ka,18939,38.59081,48.49995,ADM3,1,1,1,1,0,0,0,0,0,0,0,0,0,0,0,0,0,0,0,0,0,0,0,0,0,,,46037
bert_20260228023827,157833,20260116,1,2819239,unian,702658,PPLA,Luhansk,Luhans'k,1405,Luhans'ka,20910,39.29732,48.57171,ADM3,0,1,1,1,0,0,0,0,0,0,0,0,0,0,1,0,0,0,1,0,0,0,0,0,0,,,46037
bert_20260228023827,287938,20260116,1,2819240,unian,710035,PPLA2,Myrnohrad,Donets'k,655,Krasnoarmiis'ka,18917,37.26806,48.29097,ADM3,1,1,1,1,0,0,0,0,0,0,0,0,0,0,1,0,0,0,1,0,0,0,0,1,0,,,46037
bert_20260228023827,19287,20260116,1,2819241,unian,687700,PPLA,Zaporizhzhya,Zaporizhzhya,2730,Zaporiz'ka,41153,35.13885,47.83831,ADM3,1,1,1,0,1,0,0,0,0,0,0,0,0,0,0,0,0,1,1,1,0,0,0,0,0,,,46037
bert_20260228023827,25301,20260116,1,2819242,unian,688628,PPL,Yablon'ki,Kiev,1209,Irpins'ka,15506,30.21345,50.55335,ADM3,1,1,1,1,0,0,0,0,0,0,0,0,0,0,1,0,0,0,1,0,0,0,0,0,0,,,46037
bert_20260228023827,261527,20260116,1,2819243,unian,707898,PPLA2,Hulyaypole,Zaporizhzhya,2730,Huliaipil's'kyi,14713,36.25322,47.66644,ADM3,1,1,1,0,1,0,0,0,0,0,0,0,0,0,1,1,0,0,1,0,0,0,0,0,0,,,46037
bert_20260228023827,192418,20260116,1,2819245,unian,703656,PPLA2,Kupiansk,Kharkiv,1191,Kupians'ka,19188,37.61478,49.7108,ADM3,1,1,1,1,0,0,0,0,0,0,0,0,0,0,0,0,0,0,0,0,0,0,0,0,0,,,46037
bert_20260228023827,322978,20260116,1,2819247,unian,712734,PPL,Baydivka,Luhans'k,1405,Starobil's'kyi,35084,38.90252,49.15874,ADM1,0,1,1,0,0,1,1,0,0,0,0,0,0,0,1,0,0,0,1,0,0,0,0,0,0,,,46037
bert_20260228023827,313335,20260116,1,2806834,liga,712451,PPLA2,Berdyansk,Zaporizhzhya,2730,Berdians'ka,4351,36.78932,46.75567,ADM3,1,1,1,1,0,0,0,0,0,0,1,0,0,0,0,0,0,1,0,1,0,0,0,0,0,,,46037
bert_20260228023827,250197,20260116,1,2806835,liga,706483,PPLA,Kharkiv,Kharkiv,1191,Kharkivs'ka,17850,36.2312,49.99217,ADM3,1,1,1,1,0,0,0,0,0,0,1,0,0,0,0,0,0,1,0,1,0,0,0,0,0,,,46037
bert_20260228023827,313334,20260116,1,2806836,liga,712451,PPLA2,Berdyansk,Zaporizhzhya,2730,Berdians'ka,4351,36.78932,46.75567,ADM3,1,1,1,0,1,0,0,0,0,0,1,0,0,0,0,0,0,0,0,1,0,0,0,0,0,,,46037
bert_20260228023827,287114,20260116,1,2806838,liveuamap,709930,PPLA,Dnipro,Dnipropetrovs'k,650,Dnipropetrovs'ka,9966,35.04618,48.46472,ADM3,1,1,0,1,0,0,0,0,0,0,1,0,0,0,0,0,0,0,0,0,0,0,0,0,0,,,46037
bert_20260228023827,250196,20260116,1,2806839,liveuamap,706483,PPLA,Kharkiv,Kharkiv,1191,Kharkivs'ka,17850,36.2312,49.99217,ADM3,1,1,0,1,0,0,0,1,1,0,0,0,0,0,0,0,0,0,0,1,0,0,0,0,0,,,46037
bert_20260228023827,19285,20260116,1,2806840,liveuamap,687700,PPLA,Zaporizhzhya,Zaporizhzhya,2730,Zaporiz'ka,41153,35.13885,47.83831,ADM3,1,1,1,0,0,0,0,0,0,0,0,0,0,0,0,0,0,0,0,1,0,0,0,0,0,,,46037
bert_20260228023827,123363,20260116,1,2806841,liveuamap,700051,PPLA2,Nikopol,Dnipropetrovs'k,650,Nikopol's'ka,25338,34.39481,47.56746,ADM3,1,1,0,1,0,0,0,0,0,0,1,0,0,1,0,0,0,0,0,1,0,0,0,1,0,,,46037
bert_20260228023827,250199,20260116,1,2806842,liveuamap,706483,PPLA,Kharkiv,Kharkiv,1191,Kharkivs'ka,17850,36.2312,49.99217,ADM3,1,1,1,1,0,0,0,1,0,0,1,0,0,0,0,0,0,0,0,1,0,0,0,1,0,,,46037
bert_20260228023827,250194,20260116,1,2806843,liveuamap,706483,PPLA,Kharkiv,Kharkiv,1191,Kharkivs'ka,17850,36.2312,49.99217,ADM3,1,1,0,0,1,0,0,0,0,0,0,0,0,0,0,0,0,0,0,1,0,0,0,0,0,,,46037
bert_20260228023827,112384,20260116,1,2806844,liveuamap,698740,PPLA,Odessa,Odessa,1800,Odes'ka,26260,30.73169,46.48421,ADM3,1,1,0,1,0,0,0,0,0,0,0,0,0,1,0,0,0,0,0,1,0,0,0,1,0,,,46037
bert_20260228023827,250198,20260116,1,2806845,liveuamap,706483,PPLA,Kharkiv,Kharkiv,1191,Kharkivs'ka,17850,36.2312,49.99217,ADM3,1,1,1,1,0,0,0,0,1,0,1,0,0,0,0,0,0,0,0,1,0,0,0,1,0,,,46037
bert_20260228023827,250195,20260116,1,2806846,liveuamap,706483,PPLA,Kharkiv,Kharkiv,1191,Kharkivs'ka,17850,36.2312,49.99217,ADM3,1,1,0,0,1,0,0,0,0,0,1,0,0,0,0,0,0,1,0,0,0,0,0,0,0,,,46037
bert_20260228023827,112381,20260116,1,2806847,liveuamap,698740,PPLA,Odessa,Odessa,1800,Odes'ka,26260,30.73169,46.48421,ADM3,1,0,0,0,0,0,0,0,0,0,0,0,0,0,0,0,1,0,0,1,0,0,0,1,0,,,46037
bert_20260228023827,287111,20260116,1,2806848,liveuamap,709930,PPLA,Dnipro,Dnipropetrovs'k,650,Dnipropetrovs'ka,9966,35.04618,48.46472,ADM3,1,0,0,0,0,0,0,0,0,0,0,0,0,0,0,0,1,0,0,1,0,0,0,1,0,,,46037
bert_20260228023827,345573,20260116,1,2806849,liveuamap,805500,PPL,Voronyne,Sumy,2356,Bilopils'kyi,4621,34.12376,51.10624,ADM1,1,1,0,1,0,0,0,0,1,0,0,0,0,0,0,0,0,0,0,1,0,0,0,1,0,,,46037
bert_20260228023827,203516,20260116,1,2806850,liveuamap,704422,PPLA2,Pokrovsk,Donets'k,655,Krasnoarmiis'kyi,18918,37.1756,48.28035,ADM3,1,0,1,1,0,0,0,0,0,0,0,0,0,0,0,0,0,0,0,0,0,0,0,0,0,,,46037
bert_20260228023827,287937,20260116,1,2806851,liveuamap,710035,PPLA2,Myrnohrad,Donets'k,655,Krasnoarmiis'ka,18917,37.2591,48.30791,ADM3,1,0,1,1,0,0,0,0,0,0,0,0,0,0,0,0,0,0,0,0,0,0,0,0,0,,,46037
bert_20260228023827,364865,20260116,1,2806852,liveuamap,9112127,PPL,Kotlyne,Donets'k,655,Krasnoarmiis'kyi,18918,37.04956,48.25514,ADM3,1,0,1,1,0,0,0,0,0,0,0,0,0,0,0,0,0,0,0,0,0,0,0,0,0,,,46037
bert_20260228023827,40252,20260116,1,2806853,liveuamap,690841,PPL,Udachne,Donets'k,655,Krasnoarmiis'kyi,18918,36.98273,48.23942,ADM3,1,0,1,1,0,0,0,0,0,0,0,0,0,0,0,0,0,0,0,0,0,0,0,0,0,,,46037
bert_20260228023827,381235,20260116,1,2806854,liveuamap,10323759,PPLX,Cheremushky,Donets'k,655,Mariupol's'ka,22073,37.50564,47.07557,ADM3,1,0,1,0,0,0,0,0,0,0,0,0,0,0,0,1,0,0,0,0,0,0,0,0,0,,,46037
bert_20260228023827,98635,20260116,1,2806855,liveuamap,697866,PPL,Pavlivka,Donets'k,655,Mar‹ns'kyi,21886,37.21804,47.75441,STREET,1,0,1,0,0,0,0,0,0,0,0,0,0,0,0,1,0,0,0,0,0,0,0,0,0,,,46037
bert_20260228023827,250192,20260116,1,2806856,liveuamap,706483,PPLA,Kharkiv,Kharkiv,1191,Kharkivs'ka,17850,36.2312,49.99217,ADM3,1,0,1,0,0,0,0,0,0,0,0,0,0,0,0,1,0,0,0,0,0,0,0,0,0,,,46037
bert_20260228023827,32668,20260116,1,2806857,liveuamap,689304,PPLA2,Vovchansk,Kharkiv,1191,Vovchans'kyi,39837,36.9368,50.29401,ADM3,1,0,1,0,0,0,0,0,0,0,0,0,0,0,0,1,0,0,0,0,0,0,0,0,0,,,46037
bert_20260228023827,261526,20260116,1,2806858,liveuamap,707898,PPLA2,Hulyaypole,Zaporizhzhya,2730,Huliaipil's'kyi,14713,36.25322,47.66644,ADM3,1,0,1,0,0,0,0,0,0,0,0,0,0,0,0,1,0,0,0,0,0,0,0,0,0,,,46037
bert_20260228023827,192416,20260116,1,2806860,liveuamap,703656,PPLA2,Kupiansk,Kharkiv,1191,Kupians'ka,19188,37.61478,49.7108,ADM3,1,0,1,0,0,0,0,0,0,0,0,0,0,0,0,1,0,0,0,0,0,0,0,0,0,,,46037
bert_20260228023827,264645,20260116,1,2806861,liveuamap,708937,PPL,Havrylivka,Dnipropetrovs'k,650,Pokrovs'kyi,28862,36.51993,48.07377,ADM3,1,1,1,1,0,0,0,0,1,0,0,0,0,0,0,0,0,0,0,1,0,0,0,0,0,,,46037
bert_20260228023827,287115,20260116,1,2806862,liveuamap,709930,PPLA,Dnipro,Dnipropetrovs'k,650,Dnipropetrovs'ka,9966,35.04618,48.46472,ADM3,1,1,1,1,0,0,0,0,1,0,0,0,0,0,0,0,0,0,0,1,0,0,0,0,0,,,46037
bert_20260228023827,354997,20260116,1,2806863,liveuamap,829795,PPL,Kirove,Zaporizhzhya,2730,Orikhivs'kyi,26748,35.69274,47.65945,ADM3,1,1,1,1,0,0,0,0,1,0,0,0,0,0,0,0,0,0,0,1,0,0,0,0,0,,,46037
bert_20260228023827,19289,20260116,1,2806864,liveuamap,687700,PPLA,Zaporizhzhya,Zaporizhzhya,2730,Zaporiz'ka,41153,35.13885,47.83831,ADM3,1,1,1,1,0,0,0,0,1,0,0,0,0,0,0,0,0,0,0,1,0,0,0,0,0,,,46037
bert_20260228023827,197351,20260116,1,2806865,liveuamap,704204,PPL,Lyman,Donets'k,655,Krasnolymans'kyi,18941,37.82245,48.96409,ADM3,1,0,1,0,0,0,0,0,0,0,0,0,0,0,0,1,0,0,0,0,0,0,0,0,0,,,46037
bert_20260228023827,42290,20260116,1,2806866,liveuamap,691358,PPL,Torske,Donets'k,655,Krasnolymans'kyi,18941,37.96573,49.00937,STREET,1,0,1,0,0,0,0,0,0,0,0,0,0,0,0,1,0,0,0,0,0,0,0,0,0,,,46037
bert_20260228023827,51031,20260116,1,2806867,liveuamap,692661,PPL,Stavky,Rivne,2066,Rivnens'kyi,30583,26.14025,50.65555,ADM3,1,0,1,0,0,0,0,0,0,0,0,0,0,0,0,1,0,0,0,0,0,0,0,0,0,,,46037
bert_20260228023827,268739,20260116,1,2806868,liveuamap,709614,PPLA3,Drobysheve,Donets'k,655,Krasnolymans'kyi,18941,37.73407,49.04347,ADM3,1,0,1,0,0,0,0,0,0,0,0,0,0,0,0,1,0,0,0,0,0,0,0,0,0,,,46037
bert_20260228023827,290778,20260116,1,2806869,liveuamap,710592,PPL,Dibrova,Luhans'k,1405,Kremins'kyi,18973,38.11194,49.00028,ADM3,1,0,1,0,0,0,0,0,0,0,0,0,0,0,0,1,0,0,0,0,0,0,0,0,0,,,46037
bert_20260228023827,57704,20260116,1,2806870,liveuamap,693468,PPL,Sloviansk,Donets'k,655,Slovians'ka,34511,37.60582,48.85227,ADM3,1,0,1,0,0,0,0,0,0,0,0,0,0,0,0,1,0,0,0,0,0,0,0,0,0,,,46037
bert_20260228023827,208602,20260116,1,2806871,liveuamap,705104,PPL,Kostiantynivka,Donets'k,655,Kostiantynivs'ka,18738,37.69368,48.53467,ADM3,1,1,1,0,0,0,0,0,0,0,0,0,0,0,0,1,0,0,0,0,0,0,0,0,0,,,46037
bert_20260228023827,257471,20260116,1,2806872,liveuamap,707464,PPL,Ivanopillia,Donets'k,655,Kostiantynivs'kyi,18739,37.76439,48.47357,ADM3,1,1,1,0,0,0,0,0,0,0,0,0,0,0,0,1,0,0,0,0,0,0,0,0,0,,,46037
bert_20260228023827,42291,20260116,1,2806873,liveuamap,691358,PPL,Torske,Donets'k,655,Krasnolymans'kyi,18941,37.96573,49.00937,STREET,1,1,1,0,0,0,0,0,0,0,0,0,0,0,0,1,0,0,0,0,0,0,0,0,0,,,46037
bert_20260228023827,19284,20260116,1,2806874,liveuamap,687700,PPLA,Zaporizhzhya,Zaporizhzhya,2730,Zaporiz'ka,41153,35.13885,47.83831,ADM3,1,0,1,0,0,0,0,0,0,0,0,0,0,0,0,1,0,0,0,0,0,0,0,0,0,,,46037
bert_20260228023827,360526,20260116,1,2806875,liveuamap,8419787,PPL,Zakumske,Sumy,2356,Sums'kyi,35426,34.64912,50.95537,ADM2,1,1,1,1,0,0,0,0,0,0,0,0,0,0,1,0,0,0,0,0,0,0,0,0,0,,,46037
bert_20260228023827,131260,20260116,1,2806876,liveuamap,700569,PPLA,Mykolayiv,Mykolayiv,1628,Mykola‹vs'ka,24267,31.99381,46.97557,ADM3,1,1,0,1,0,0,0,0,0,0,0,0,0,1,0,0,0,0,0,1,0,0,0,1,0,,,46037
bert_20260228023827,250200,20260117,1,2984746,liga,706483,PPLA,Kharkiv,Kharkiv,1191,Kharkivs'ka,17850,36.2312,49.99217,ADM3,0,0,0,0,0,0,0,0,0,0,0,0,0,0,0,0,0,0,0,0,0,0,0,0,0,,,46038
bert_20260228023827,250201,20260117,1,2984747,liga,706483,PPLA,Kharkiv,Kharkiv,1191,Kharkivs'ka,17850,36.2312,49.99217,ADM3,0,0,0,0,0,0,0,0,0,0,1,0,0,0,0,0,0,0,0,0,0,0,0,0,0,,,46038
bert_20260228023827,188213,20260117,1,2972024,liga,703448,PPLC,Kyiv,Kiev City,1210,Shevchenkivs'kyi,33738,30.52355,50.45044,ADM3,0,0,1,0,0,0,1,0,0,0,0,0,0,0,0,0,0,0,0,0,0,0,0,0,0,,,46038
bert_20260228023827,323908,20260117,1,2972025,liga,712956,PPL,Bakhmutivka,Luhans'k,1405,Novoaidars'kyi,25882,39.04452,48.86708,ADM3,0,0,1,0,0,0,1,0,0,0,0,0,0,0,0,0,0,0,0,0,0,0,0,0,0,,,46038
bert_20260228023827,357648,20260117,1,2972026,liga,8250815,PPL,Karpaty,Transcarpathia,2491,Mukachivs'kyi,24017,22.8742,48.52159,ADM3,0,0,0,0,0,1,1,0,0,0,0,0,0,0,0,0,0,0,0,1,0,0,0,0,0,,,46038
bert_20260228023827,188215,20260117,2,"2965688, 2819600",liga,703448,PPLC,Kyiv,Kiev City,1210,Shevchenkivs'kyi,33738,30.52355,50.45044,ADM3,1,1,0,1,0,0,0,0,0,0,0,0,0,0,0,0,0,0,0,1,0,0,0,0,0,,,46038
bert_20260228023827,188217,20260117,2,"2946743, 2819593",liga,703448,PPLC,Kyiv,Kiev City,1210,Shevchenkivs'kyi,33738,30.52355,50.45044,ADM3,1,1,1,1,0,0,0,0,0,0,0,0,0,0,0,0,0,0,0,1,0,0,0,0,0,,,46038
bert_20260228023827,188209,20260117,4,"2896171, 2825660, 2825665, 2825668","liga, unian",703448,PPLC,Kyiv,Kiev City,1210,Shevchenkivs'kyi,33738,30.52355,50.45044,ADM3,0,0,0,0,0,0,1,0,0,0,0,0,0,0,0,0,0,0,0,0,0,0,0,0,0,,,46038
bert_20260228023827,29695,20260117,1,2870355,liga,689103,PPL,Volovytsia,Chernihiv,498,Borznians'kyi,5262,32.00406,51.35543,ADM1,0,0,0,0,0,1,0,0,0,0,0,0,0,0,0,0,0,0,0,0,0,0,0,0,0,,,46038
bert_20260228023827,188210,20260117,2,"2870356, 2825649","liga, meduza",703448,PPLC,Kyiv,Kiev City,1210,Shevchenkivs'kyi,33738,30.52355,50.45044,ADM3,0,0,0,0,0,1,0,0,0,0,0,0,0,0,0,0,0,0,0,0,0,0,0,0,0,,,46038
bert_20260228023827,188218,20260117,2,"2864041, 2826043",liga,703448,PPLC,Kyiv,Kiev City,1210,Shevchenkivs'kyi,33738,30.52355,50.45044,ADM3,1,1,1,1,0,0,0,0,0,0,0,0,0,0,0,0,0,0,0,1,0,0,0,1,0,,,46038
bert_20260228023827,188219,20260117,3,"2857783, 2825651, 2825652","liga, meduza",703448,PPLC,Kyiv,Kiev City,1210,Shevchenkivs'kyi,33738,30.52355,50.45044,ADM3,1,1,1,1,0,0,0,0,0,0,0,0,0,1,0,0,0,0,0,1,0,0,0,0,0,,,46038
bert_20260228023827,154155,20260117,1,2851489,liga,702550,PPLA,Lviv,L'viv,1289,L'vivs'ka,19402,24.0299,49.83932,ADM3,0,0,0,0,0,1,1,0,0,0,0,0,0,0,0,0,0,0,0,0,0,0,0,0,0,,,46038
bert_20260228023827,188211,20260117,1,2851490,liga,703448,PPLC,Kyiv,Kiev City,1210,Shevchenkivs'kyi,33738,30.52355,50.45044,ADM3,0,0,0,0,0,1,1,0,0,0,0,0,0,0,0,0,0,0,0,0,0,0,0,0,0,,,46038
bert_20260228023827,112387,20260117,1,2845191,liga,698740,PPLA,Odessa,Odessa,1800,Odes'ka,26260,30.73169,46.48421,ADM3,1,0,0,0,0,0,1,0,0,0,0,0,0,0,0,0,0,0,0,0,0,0,0,0,0,,,46038
bert_20260228023827,112386,20260117,1,2838790,liga,698740,PPLA,Odessa,Odessa,1800,Odes'ka,26260,30.73169,46.48421,ADM3,0,0,0,0,0,0,1,0,0,0,0,0,0,0,0,0,0,0,0,1,0,0,0,0,0,,,46038
bert_20260228023827,359358,20260117,1,2832429,liga,8281918,PPL,Posich,Transcarpathia,2491,Khusts'kyi,18005,23.41312,48.22076,ADM1,0,0,0,0,0,1,1,0,0,0,0,0,0,0,0,0,0,0,0,0,0,0,0,0,0,,,46038
bert_20260228023827,188212,20260117,1,2826042,liga,703448,PPLC,Kyiv,Kiev City,1210,Shevchenkivs'kyi,33738,30.52355,50.45044,ADM3,0,0,1,0,0,0,0,0,0,0,0,0,0,0,0,0,0,0,0,1,0,0,0,0,0,,,46038
bert_20260228023827,203522,20260117,1,2819248,espreso,704422,PPLA2,Pokrovsk,Donets'k,655,Krasnoarmiis'kyi,18918,37.1756,48.28035,ADM3,1,1,1,1,0,0,0,0,0,0,0,0,0,1,0,1,0,0,0,0,0,0,1,0,0,,,46038
bert_20260228023827,143754,20260117,1,2819249,espreso,701822,PPL,Mariupol,Donets'k,655,Mariupol's'ka,22073,37.54144,47.0967,ADM3,1,1,0,1,0,0,0,0,0,0,0,0,0,0,1,0,0,0,1,1,0,0,0,1,0,,,46038
bert_20260228023827,261530,20260117,1,2819250,espreso,707898,PPLA2,Hulyaypole,Zaporizhzhya,2730,Huliaipil's'kyi,14713,36.25322,47.66644,ADM3,1,1,1,1,0,0,0,0,0,0,0,0,0,0,1,0,0,0,1,0,0,0,0,0,0,,,46038
bert_20260228023827,208604,20260117,1,2819251,espreso,705104,PPL,Kostiantynivka,Donets'k,655,Kostiantynivs'ka,18738,37.69368,48.53467,ADM3,1,1,1,1,0,0,0,0,0,0,0,0,0,0,1,0,0,0,1,0,0,0,0,0,0,,,46038
bert_20260228023827,19291,20260117,1,2819252,espreso,687700,PPLA,Zaporizhzhya,Zaporizhzhya,2730,Zaporiz'ka,41153,35.13885,47.83831,ADM3,1,1,0,1,0,0,0,0,0,0,1,0,0,0,0,0,0,0,0,1,0,0,0,1,0,,,46038
bert_20260228023827,319025,20260117,1,2819253,espreso,712609,PPL,Bilka,Odessa,1800,Ivanivs'kyi,15842,30.40579,46.90822,ADM1,1,1,0,1,0,0,0,0,0,0,1,0,0,0,0,0,0,0,0,1,0,0,0,1,0,,,46038
bert_20260228023827,261529,20260117,1,2819254,espreso,707898,PPLA2,Hulyaypole,Zaporizhzhya,2730,Huliaipil's'kyi,14713,36.25322,47.66644,ADM3,1,1,1,1,0,0,0,0,0,0,0,0,0,0,1,0,0,0,0,0,0,0,0,0,0,,,46038
bert_20260228023827,67814,20260117,1,2819255,espreso,693805,PPLA2,Simferopol,Crimea,579,Simferopol's'ka,34229,34.09941,44.95363,ADM3,1,1,1,0,1,0,0,0,0,0,1,0,0,0,0,0,0,1,0,1,0,0,0,0,0,,,46038
bert_20260228023827,82421,20260117,1,2819256,espreso,695094,PPLX,Ruttschenkowo,Donets'k,655,Donets'ka,10139,37.67529,47.95508,ADM1,1,1,1,0,1,0,0,0,0,0,1,0,0,0,0,0,0,1,0,1,0,0,0,0,0,,,46038
bert_20260228023827,250203,20260117,1,2819257,espreso,706483,PPLA,Kharkiv,Kharkiv,1191,Kharkivs'ka,17850,36.2312,49.99217,ADM3,1,1,0,1,0,0,0,0,0,0,0,0,0,1,0,0,0,0,0,1,0,0,0,1,0,,,46038
bert_20260228023827,203520,20260117,1,2819258,espreso,704422,PPLA2,Pokrovsk,Donets'k,655,Krasnoarmiis'kyi,18918,37.1756,48.28035,ADM3,1,0,1,0,0,0,0,0,0,0,0,0,0,0,0,1,0,0,0,0,0,0,1,0,0,,,46038
bert_20260228023827,188221,20260117,1,2819594,liga,703448,PPLC,Kyiv,Kiev City,1210,Shevchenkivs'kyi,33738,30.52355,50.45044,ADM3,1,1,1,1,1,0,0,0,0,0,1,0,0,0,0,0,0,1,0,1,0,0,0,0,0,,,46038
bert_20260228023827,188206,20260117,5,"2819595, 2819607, 2825647, 2825648, 2825650","liga, meduza",703448,PPLC,Kyiv,Kiev City,1210,Shevchenkivs'kyi,33738,30.52355,50.45044,ADM3,0,0,0,0,0,0,0,0,0,0,0,0,0,0,0,0,0,0,0,0,0,0,0,0,0,,,46038
bert_20260228023827,188207,20260117,2,"2819596, 2825645","liga, meduza",703448,PPLC,Kyiv,Kiev City,1210,Shevchenkivs'kyi,33738,30.52355,50.45044,ADM3,0,0,0,0,0,0,0,0,0,0,0,0,0,0,0,0,0,0,0,1,0,0,0,0,0,,,46038
bert_20260228023827,250206,20260117,1,2819597,liga,706483,PPLA,Kharkiv,Kharkiv,1191,Kharkivs'ka,17850,36.2312,49.99217,ADM3,1,1,1,1,0,0,0,0,1,0,0,0,0,0,0,0,0,0,0,1,0,0,0,0,0,,,46038
bert_20260228023827,67813,20260117,1,2819598,liga,693805,PPLA2,Simferopol,Crimea,579,Simferopol's'ka,34229,34.09941,44.95363,ADM3,1,1,1,0,1,0,0,0,0,0,1,0,0,0,0,0,0,1,0,0,0,0,0,0,0,,,46038
bert_20260228023827,275150,20260117,1,2819599,liga,709717,PPLA,Donetsk,Donets'k,655,Donets'ka,10139,37.80285,48.01588,ADM3,1,1,1,0,1,0,0,0,0,0,1,0,0,0,0,0,0,1,0,0,0,0,0,0,0,,,46038
bert_20260228023827,22754,20260117,1,2819601,liga,688393,PPL,Yaseninichi,Rivne,2066,Rivnens'ka,30582,26.25164,50.61992,ADM3,1,1,1,0,0,0,0,0,0,0,0,0,0,0,0,0,0,0,0,0,0,0,0,0,0,,,46038
bert_20260228023827,287939,20260117,1,2819602,liga,710035,PPLA2,Myrnohrad,Donets'k,655,Krasnoarmiis'ka,18917,37.26806,48.29097,ADM3,1,1,1,0,1,0,0,0,0,0,0,0,0,0,0,0,0,1,1,0,0,0,0,0,0,,,46038
bert_20260228023827,250205,20260117,2,"2819603, 2813200",liga,706483,PPLA,Kharkiv,Kharkiv,1191,Kharkivs'ka,17850,36.2312,49.99217,ADM3,1,1,1,1,0,0,0,0,0,0,0,0,0,0,0,0,0,0,0,1,0,0,0,1,0,,,46038
bert_20260228023827,19293,20260117,2,"2819604, 2813201",liga,687700,PPLA,Zaporizhzhya,Zaporizhzhya,2730,Zaporiz'ka,41153,35.13885,47.83831,ADM3,1,1,1,1,0,0,0,0,0,0,0,0,0,0,0,0,0,0,0,1,0,0,0,1,0,,,46038
bert_20260228023827,112390,20260117,1,2819605,liga,698740,PPLA,Odessa,Odessa,1800,Odes'ka,26260,30.73169,46.48421,ADM3,1,1,1,1,0,0,0,0,0,0,0,0,0,0,0,0,0,0,0,1,0,0,0,1,0,,,46038
bert_20260228023827,112388,20260117,1,2819606,liga,698740,PPLA,Odessa,Odessa,1800,Odes'ka,26260,30.73169,46.48421,ADM3,0,1,1,0,0,0,0,0,0,0,0,0,0,0,0,0,0,0,0,0,0,0,0,0,0,,,46038
bert_20260228023827,188216,20260117,1,2825646,meduza,703448,PPLC,Kyiv,Kiev City,1210,Shevchenkivs'kyi,33738,30.52355,50.45044,ADM3,1,1,0,1,0,0,0,0,0,0,0,0,0,1,0,0,0,0,0,1,0,0,0,0,0,,,46038
bert_20260228023827,262986,20260117,1,2825653,meduza,708251,PPL,Hostomel,Kiev,1209,Kyievo-Sviatoshyns'kyi,19355,30.26485,50.58026,STREET,1,1,1,1,0,0,0,0,0,0,0,0,0,1,0,0,0,0,0,1,0,0,0,0,0,,,46038
bert_20260228023827,25302,20260117,1,2825654,meduza,688628,PPL,Yablon'ki,Kiev,1209,Irpins'ka,15506,30.21345,50.55335,ADM3,1,1,1,1,0,0,0,0,0,0,0,0,0,1,0,0,0,0,0,1,0,0,0,0,0,,,46038
bert_20260228023827,259682,20260117,1,2825655,meduza,707565,PPL,Irpin,Kiev,1209,Kyievo-Sviatoshyns'kyi,19355,30.24459,50.51976,ADM3,1,1,1,1,0,0,0,0,0,0,0,0,0,1,0,0,0,0,0,1,0,0,0,0,0,,,46038
bert_20260228023827,188208,20260117,1,2825657,meduza,703448,PPLC,Kyiv,Kiev City,1210,Shevchenkivs'kyi,33738,30.52355,50.45044,ADM3,1,0,0,0,0,0,0,0,0,0,0,0,0,0,0,0,0,0,0,0,0,0,0,0,0,,,46038
bert_20260228023827,154153,20260117,2,"2825658, 2813202","unian, liga",702550,PPLA,Lviv,L'viv,1289,L'vivs'ka,19402,24.0299,49.83932,ADM3,0,0,0,0,0,0,1,0,0,0,0,0,0,0,0,0,0,0,0,0,0,0,0,0,0,,,46038
bert_20260228023827,319024,20260117,1,2825659,unian,712609,PPL,Bilka,Odessa,1800,Ivanivs'kyi,15842,30.40579,46.90822,ADM1,0,0,0,0,0,0,1,0,0,0,0,0,0,0,0,0,0,0,0,0,0,0,0,0,0,,,46038
bert_20260228023827,188214,20260117,1,2825661,unian,703448,PPLC,Kyiv,Kiev City,1210,Shevchenkivs'kyi,33738,30.52355,50.45044,ADM3,1,0,1,1,0,0,0,0,0,0,0,0,0,1,0,0,0,0,0,1,0,0,0,0,0,,,46038
bert_20260228023827,192420,20260117,1,2825662,unian,703656,PPLA2,Kupiansk,Kharkiv,1191,Kupians'ka,19188,37.61478,49.7108,ADM3,1,1,1,1,0,0,0,0,0,0,0,0,0,0,1,0,0,0,1,0,0,0,0,0,0,,,46038
bert_20260228023827,250204,20260117,1,2825663,unian,706483,PPLA,Kharkiv,Kharkiv,1191,Kharkivs'ka,17850,36.2312,49.99217,ADM3,0,1,1,1,0,0,0,0,0,0,0,0,0,0,1,0,0,0,1,1,0,0,0,0,0,,,46038
bert_20260228023827,188220,20260117,1,2825664,unian,703448,PPLC,Kyiv,Kiev City,1210,Shevchenkivs'kyi,33738,30.52355,50.45044,ADM3,1,1,1,1,0,0,0,0,0,0,1,0,0,0,0,0,0,0,0,1,0,0,0,0,0,,,46038
bert_20260228023827,250207,20260117,1,2825666,unian,706483,PPLA,Kharkiv,Kharkiv,1191,Kharkivs'ka,17850,36.2312,49.99217,ADM3,1,1,1,1,0,0,0,0,1,0,0,0,0,1,0,0,0,0,0,1,0,0,0,0,0,,,46038
bert_20260228023827,154154,20260117,1,2825667,unian,702550,PPLA,Lviv,L'viv,1289,L'vivs'ka,19402,24.0299,49.83932,ADM3,0,0,0,0,0,1,0,0,0,0,0,0,0,0,0,0,0,0,0,0,0,0,0,0,0,,,46038
bert_20260228023827,217142,20260117,1,2825669,unian,705183,PPL,Slobozhans'ke,Kharkiv,1191,Zmiïvs'kyi,41407,36.50512,49.61494,ADM1,1,1,0,1,0,0,0,0,1,0,0,0,0,0,0,0,0,0,0,1,0,0,0,1,0,,,46038
bert_20260228023827,89971,20260117,1,2825670,unian,696218,PPL,Pryvillia,Luhans'k,1405,Popasnians'kyi,28982,38.30109,48.99971,ADM3,1,1,1,1,0,0,0,0,0,0,0,0,0,1,1,0,0,0,1,0,0,0,1,0,0,,,46038
bert_20260228023827,82422,20260117,1,2825671,unian,695094,PPLX,Ruttschenkowo,Donets'k,655,Donets'ka,10139,37.67529,47.95508,ADM1,1,1,1,1,0,0,0,0,0,0,0,0,0,1,1,0,0,0,1,0,0,0,1,0,0,,,46038
bert_20260228023827,19292,20260117,1,2825672,unian,687700,PPLA,Zaporizhzhya,Zaporizhzhya,2730,Zaporiz'ka,41153,35.13885,47.83831,ADM3,1,1,1,1,0,0,0,0,0,0,0,0,0,0,0,0,0,0,0,1,0,0,0,0,0,,,46038
bert_20260228023827,143755,20260117,1,2813203,liveuamap,701822,PPL,Mariupol,Donets'k,655,Mariupol's'ka,22073,37.54144,47.0967,ADM3,1,1,1,0,1,0,0,0,0,0,1,0,0,0,0,0,0,0,0,1,0,0,0,0,0,,,46038
bert_20260228023827,123364,20260117,1,2813204,liveuamap,700051,PPLA2,Nikopol,Dnipropetrovs'k,650,Nikopol's'ka,25338,34.39481,47.56746,ADM3,1,1,0,1,0,0,0,0,0,0,1,0,0,1,0,0,0,0,0,1,0,0,0,1,0,,,46038
bert_20260228023827,143756,20260117,1,2813205,liveuamap,701822,PPL,Mariupol,Donets'k,655,Mariupol's'ka,22073,37.54144,47.0967,ADM3,1,1,1,0,1,0,0,0,0,0,1,0,0,0,0,0,0,1,1,0,0,0,0,0,0,,,46038
bert_20260228023827,112389,20260117,1,2813206,liveuamap,698740,PPLA,Odessa,Odessa,1800,Odes'ka,26260,30.73169,46.48421,ADM3,1,1,1,0,0,0,0,0,0,0,1,0,0,0,0,0,0,0,0,0,0,0,0,0,0,,,46038
bert_20260228023827,208603,20260117,1,2813207,liveuamap,705104,PPL,Kostiantynivka,Donets'k,655,Kostiantynivs'ka,18738,37.69368,48.53467,ADM3,1,1,1,0,0,0,0,0,0,0,0,0,0,0,0,1,0,0,0,0,0,0,0,0,0,,,46038
bert_20260228023827,257472,20260117,1,2813208,liveuamap,707464,PPL,Ivanopillia,Donets'k,655,Kostiantynivs'kyi,18739,37.76439,48.47357,ADM3,1,1,1,0,0,0,0,0,0,0,0,0,0,0,0,1,0,0,0,0,0,0,0,0,0,,,46038
bert_20260228023827,287940,20260117,1,2813209,liveuamap,710035,PPLA2,Myrnohrad,Donets'k,655,Krasnoarmiis'ka,18917,37.26806,48.29097,ADM3,1,1,1,1,0,0,0,0,0,0,0,0,0,0,0,1,0,0,0,0,0,0,0,0,0,,,46038
bert_20260228023827,203521,20260117,1,2813210,liveuamap,704422,PPLA2,Pokrovsk,Donets'k,655,Krasnoarmiis'kyi,18918,37.1756,48.28035,ADM3,1,1,1,1,0,0,0,0,0,0,0,0,0,0,0,1,0,0,0,0,0,0,0,0,0,,,46038
bert_20260228023827,42292,20260117,1,2813211,liveuamap,691358,PPL,Torske,Donets'k,655,Krasnolymans'kyi,18941,37.96573,49.00937,STREET,1,0,1,0,0,0,0,0,0,0,0,0,0,0,0,1,0,0,0,0,0,0,0,0,0,,,46038
bert_20260228023827,197352,20260117,1,2813212,liveuamap,704204,PPL,Lyman,Donets'k,655,Krasnolymans'kyi,18941,37.82245,48.96409,ADM3,1,0,1,0,0,0,0,0,0,0,0,0,0,0,0,1,0,0,0,0,0,0,0,0,0,,,46038
bert_20260228023827,20571,20260117,1,2813213,liveuamap,688228,PPL,Dibrovy,Kirovohrad,1222,Oleksandriis'kyi,26476,33.06403,48.78726,ADM3,1,0,1,0,0,0,0,0,0,0,0,0,0,0,0,1,0,0,0,0,0,0,0,0,0,,,46038
bert_20260228023827,381236,20260117,1,2813214,liveuamap,10323759,PPLX,Cheremushky,Donets'k,655,Mariupol's'ka,22073,37.50564,47.07557,ADM3,1,1,1,0,0,0,0,0,0,0,0,0,0,0,0,1,0,0,0,0,0,0,0,0,0,,,46038
bert_20260228023827,50090,20260117,1,2813215,liveuamap,692248,PPL,Stepnohirsk,Zaporizhzhya,2730,Vasylivs'kyi,39200,35.36408,47.58871,ADM3,1,1,1,0,0,0,0,0,0,0,0,0,0,0,0,1,0,0,0,0,0,0,0,0,0,,,46038
bert_20260228023827,387943,20260117,1,2813216,liveuamap,11151973,PPL,Stepove,Dnipropetrovs'k,650,Krynychans'kyi,19030,34.53593,48.44595,ADM3,1,1,1,0,0,0,0,0,0,0,0,0,0,0,0,1,0,0,0,0,0,0,0,0,0,,,46038
bert_20260228023827,57705,20260117,1,2813217,liveuamap,693468,PPL,Sloviansk,Donets'k,655,Slovians'ka,34511,37.60582,48.85227,ADM3,1,0,1,0,0,0,0,0,0,0,0,0,0,0,0,1,0,0,0,0,0,0,0,0,0,,,46038
bert_20260228023827,100679,20260117,1,2813218,liveuamap,698020,PPL,Pankivka,Luhans'k,1405,Luhans'ka,20910,39.34878,48.69979,ADM3,1,0,1,0,0,0,0,0,0,0,0,0,0,0,0,1,0,0,0,0,0,0,0,0,0,,,46038
bert_20260228023827,192419,20260117,1,2813219,liveuamap,703656,PPLA2,Kupiansk,Kharkiv,1191,Kupians'ka,19188,37.61478,49.7108,ADM3,1,0,1,0,0,0,0,0,0,0,0,0,0,0,0,1,0,0,0,0,0,0,0,0,0,,,46038
bert_20260228023827,19290,20260117,1,2813220,liveuamap,687700,PPLA,Zaporizhzhya,Zaporizhzhya,2730,Zaporiz'ka,41153,35.13885,47.83831,ADM3,1,0,1,0,0,0,0,0,0,0,0,0,0,0,0,1,0,0,0,0,0,0,0,0,0,,,46038
bert_20260228023827,55611,20260117,1,2813221,liveuamap,693065,PPLX,Sotsmisto,Donets'k,655,Kramators'ka,18898,37.5844,48.73898,ADM3,1,0,1,0,0,0,0,0,0,0,0,0,0,0,0,1,0,0,0,0,0,0,0,0,0,,,46038
bert_20260228023827,89970,20260117,1,2813222,liveuamap,696218,PPL,Pryvillia,Luhans'k,1405,Popasnians'kyi,28982,38.30109,48.99971,ADM3,1,0,1,0,0,0,0,0,0,0,0,0,0,0,0,1,0,0,0,0,0,0,0,0,0,,,46038
bert_20260228023827,261528,20260117,1,2813223,liveuamap,707898,PPLA2,Hulyaypole,Zaporizhzhya,2730,Huliaipil's'kyi,14713,36.25322,47.66644,ADM3,1,0,1,0,0,0,0,0,0,0,0,0,0,0,0,1,0,0,0,0,0,0,0,0,0,,,46038
bert_20260228023827,345574,20260117,1,2813224,liveuamap,805500,PPL,Voronyne,Sumy,2356,Bilopils'kyi,4621,34.12376,51.10624,ADM1,1,1,1,1,0,0,0,0,1,0,0,0,0,0,0,0,0,0,0,1,0,0,0,0,0,,,46038
bert_20260228023827,264646,20260117,1,2813225,liveuamap,708937,PPL,Havrylivka,Dnipropetrovs'k,650,Pokrovs'kyi,28862,36.51993,48.07377,ADM3,1,1,1,1,0,0,0,0,1,0,0,0,0,0,0,0,0,0,0,1,0,0,0,0,0,,,46038
bert_20260228023827,287116,20260117,1,2813226,liveuamap,709930,PPLA,Dnipro,Dnipropetrovs'k,650,Dnipropetrovs'ka,9966,35.04618,48.46472,ADM3,1,1,1,1,0,0,0,0,1,0,0,0,0,0,0,0,0,0,0,1,0,0,0,0,0,,,46038
bert_20260228023827,26160,20260117,1,2813227,liveuamap,688871,PPL,Vozdvyzhivka,Zaporizhzhya,2730,Novomykola‹vs'kyi,25913,36.07979,47.74727,ADM3,1,1,1,1,0,0,0,0,1,0,0,0,0,0,0,0,0,0,0,1,0,0,0,0,0,,,46038
bert_20260228023827,261531,20260117,1,2813228,liveuamap,707898,PPLA2,Hulyaypole,Zaporizhzhya,2730,Huliaipil's'kyi,14713,36.25322,47.66644,ADM3,1,1,1,1,0,0,0,0,1,0,0,0,0,0,0,0,0,0,0,1,0,0,0,0,0,,,46038
bert_20260228023827,103024,20260117,1,2813229,liveuamap,698428,PPLA2,Orikhiv,Zaporizhzhya,2730,Orikhivs'kyi,26748,35.77773,47.56947,ADM3,1,1,1,1,0,0,0,0,1,0,0,0,0,0,0,0,0,0,0,1,0,0,0,0,0,,,46038
bert_20260228023827,354998,20260117,1,2813230,liveuamap,829795,PPL,Kirove,Zaporizhzhya,2730,Orikhivs'kyi,26748,35.69274,47.65945,ADM3,1,1,1,1,0,0,0,0,1,0,0,0,0,0,0,0,0,0,0,1,0,0,0,0,0,,,46038
bert_20260228023827,19294,20260117,1,2813231,liveuamap,687700,PPLA,Zaporizhzhya,Zaporizhzhya,2730,Zaporiz'ka,41153,35.13885,47.83831,ADM3,1,1,1,1,0,0,0,0,1,0,0,0,0,0,0,0,0,0,0,1,0,0,0,0,0,,,46038
bert_20260228023827,250202,20260117,1,2813232,liveuamap,706483,PPLA,Kharkiv,Kharkiv,1191,Kharkivs'ka,17850,36.2312,49.99217,ADM3,1,0,1,0,0,0,0,0,0,0,0,0,0,0,0,1,0,0,0,0,0,0,0,0,0,,,46038
bert_20260228023827,32669,20260117,1,2813233,liveuamap,689304,PPLA2,Vovchansk,Kharkiv,1191,Vovchans'kyi,39837,36.9368,50.29401,ADM3,1,0,1,0,0,0,0,0,0,0,0,0,0,0,0,1,0,0,0,0,0,0,0,0,0,,,46038
bert_20260228023827,250208,20260118,1,2984755,liga,706483,PPLA,Kharkiv,Kharkiv,1191,Kharkivs'ka,17850,36.2312,49.99217,ADM3,0,0,0,0,0,0,0,0,0,0,0,0,0,0,0,0,0,0,0,0,0,0,0,0,0,,,46039
bert_20260228023827,250209,20260118,1,2984756,liga,706483,PPLA,Kharkiv,Kharkiv,1191,Kharkivs'ka,17850,36.2312,49.99217,ADM3,0,0,0,0,0,0,0,0,0,0,1,0,0,0,0,0,0,0,0,0,0,0,0,0,0,,,46039
bert_20260228023827,188228,20260118,1,2972035,liga,703448,PPLC,Kyiv,Kiev City,1210,Shevchenkivs'kyi,33738,30.52355,50.45044,ADM3,0,0,1,0,0,0,1,0,0,0,0,0,0,0,0,0,0,0,0,0,0,0,0,0,0,,,46039
bert_20260228023827,323909,20260118,1,2972036,liga,712956,PPL,Bakhmutivka,Luhans'k,1405,Novoaidars'kyi,25882,39.04452,48.86708,ADM3,0,0,1,0,0,0,1,0,0,0,0,0,0,0,0,0,0,0,0,0,0,0,0,0,0,,,46039
bert_20260228023827,357649,20260118,1,2972037,liga,8250815,PPL,Karpaty,Transcarpathia,2491,Mukachivs'kyi,24017,22.8742,48.52159,ADM3,0,0,0,0,0,1,1,0,0,0,0,0,0,0,0,0,0,0,0,1,0,0,0,0,0,,,46039
bert_20260228023827,188231,20260118,1,2965696,liga,703448,PPLC,Kyiv,Kiev City,1210,Shevchenkivs'kyi,33738,30.52355,50.45044,ADM3,1,1,0,1,0,0,0,0,0,0,0,0,0,0,0,0,0,0,0,1,0,0,0,0,0,,,46039
bert_20260228023827,188233,20260118,1,2946751,liga,703448,PPLC,Kyiv,Kiev City,1210,Shevchenkivs'kyi,33738,30.52355,50.45044,ADM3,1,1,1,1,0,0,0,0,0,0,0,0,0,0,0,0,0,0,0,1,0,0,0,0,0,,,46039
bert_20260228023827,188224,20260118,1,2896179,liga,703448,PPLC,Kyiv,Kiev City,1210,Shevchenkivs'kyi,33738,30.52355,50.45044,ADM3,0,0,0,0,0,0,1,0,0,0,0,0,0,0,0,0,0,0,0,0,0,0,0,0,0,,,46039
bert_20260228023827,29696,20260118,1,2870365,liga,689103,PPL,Volovytsia,Chernihiv,498,Borznians'kyi,5262,32.00406,51.35543,ADM1,0,0,0,0,0,1,0,0,0,0,0,0,0,0,0,0,0,0,0,0,0,0,0,0,0,,,46039
bert_20260228023827,188225,20260118,1,2870366,liga,703448,PPLC,Kyiv,Kiev City,1210,Shevchenkivs'kyi,33738,30.52355,50.45044,ADM3,0,0,0,0,0,1,0,0,0,0,0,0,0,0,0,0,0,0,0,0,0,0,0,0,0,,,46039
bert_20260228023827,188234,20260118,2,"2864050, 2826054",liga,703448,PPLC,Kyiv,Kiev City,1210,Shevchenkivs'kyi,33738,30.52355,50.45044,ADM3,1,1,1,1,0,0,0,0,0,0,0,0,0,0,0,0,0,0,0,1,0,0,0,1,0,,,46039
bert_20260228023827,188235,20260118,2,"2857793, 2832077","liga, meduza",703448,PPLC,Kyiv,Kiev City,1210,Shevchenkivs'kyi,33738,30.52355,50.45044,ADM3,1,1,1,1,0,0,0,0,0,0,0,0,0,1,0,0,0,0,0,1,0,0,0,0,0,,,46039
bert_20260228023827,154156,20260118,1,2851499,liga,702550,PPLA,Lviv,L'viv,1289,L'vivs'ka,19402,24.0299,49.83932,ADM3,0,0,0,0,0,1,1,0,0,0,0,0,0,0,0,0,0,0,0,0,0,0,0,0,0,,,46039
bert_20260228023827,188226,20260118,1,2851500,liga,703448,PPLC,Kyiv,Kiev City,1210,Shevchenkivs'kyi,33738,30.52355,50.45044,ADM3,0,0,0,0,0,1,1,0,0,0,0,0,0,0,0,0,0,0,0,0,0,0,0,0,0,,,46039
bert_20260228023827,112392,20260118,1,2845201,liga,698740,PPLA,Odessa,Odessa,1800,Odes'ka,26260,30.73169,46.48421,ADM3,1,0,0,0,0,0,1,0,0,0,0,0,0,0,0,0,0,0,0,0,0,0,0,0,0,,,46039
bert_20260228023827,112391,20260118,1,2838799,liga,698740,PPLA,Odessa,Odessa,1800,Odes'ka,26260,30.73169,46.48421,ADM3,0,0,0,0,0,0,1,0,0,0,0,0,0,0,0,0,0,0,0,1,0,0,0,0,0,,,46039
bert_20260228023827,359359,20260118,1,2832439,liga,8281918,PPL,Posich,Transcarpathia,2491,Khusts'kyi,18005,23.41312,48.22076,ADM1,0,0,0,0,0,1,1,0,0,0,0,0,0,0,0,0,0,0,0,0,0,0,0,0,0,,,46039
bert_20260228023827,203524,20260118,2,"2825675, 2825683",espreso,704422,PPLA2,Pokrovsk,Donets'k,655,Krasnoarmiis'kyi,18918,37.1756,48.28035,ADM3,1,1,1,1,0,0,0,0,0,0,0,0,0,0,0,1,0,0,0,0,0,0,1,0,0,,,46039
bert_20260228023827,188223,20260118,1,2825676,espreso,703448,PPLC,Kyiv,Kiev City,1210,Shevchenkivs'kyi,33738,30.52355,50.45044,ADM3,0,0,0,0,0,0,0,0,0,0,0,0,0,0,0,0,0,0,0,1,0,0,0,0,0,,,46039
bert_20260228023827,19295,20260118,1,2825677,espreso,687700,PPLA,Zaporizhzhya,Zaporizhzhya,2730,Zaporiz'ka,41153,35.13885,47.83831,ADM3,1,0,0,0,0,0,0,0,0,0,0,0,0,0,0,0,0,0,0,0,0,0,0,0,0,,,46039
bert_20260228023827,188229,20260118,1,2825678,espreso,703448,PPLC,Kyiv,Kiev City,1210,Shevchenkivs'kyi,33738,30.52355,50.45044,ADM3,1,0,1,0,0,0,1,0,0,0,0,0,0,0,0,0,0,0,0,0,0,0,0,0,0,,,46039
bert_20260228023827,82423,20260118,1,2825679,espreso,695094,PPLX,Ruttschenkowo,Donets'k,655,Donets'ka,10139,37.67529,47.95508,ADM1,1,1,1,1,0,0,0,0,0,0,0,0,0,0,0,0,0,0,0,0,0,0,0,0,0,,,46039
bert_20260228023827,322979,20260118,1,2825680,espreso,712734,PPL,Baydivka,Luhans'k,1405,Starobil's'kyi,35084,38.90252,49.15874,ADM1,1,1,1,1,0,0,0,0,0,0,0,0,0,0,0,0,0,0,0,0,0,0,0,0,0,,,46039
bert_20260228023827,131262,20260118,1,2825681,espreso,700569,PPLA,Mykolayiv,Mykolayiv,1628,Mykola‹vs'ka,24267,31.99381,46.97557,ADM3,1,1,1,0,0,0,0,0,0,0,0,0,0,0,1,0,0,0,0,0,0,0,0,0,0,,,46039
bert_20260228023827,261533,20260118,1,2825682,espreso,707898,PPLA2,Hulyaypole,Zaporizhzhya,2730,Huliaipil's'kyi,14713,36.25322,47.66644,ADM3,1,1,0,1,0,0,0,0,0,0,0,0,0,0,1,0,0,0,0,1,0,0,0,0,0,,,46039
bert_20260228023827,188232,20260118,1,2826048,liga,703448,PPLC,Kyiv,Kiev City,1210,Shevchenkivs'kyi,33738,30.52355,50.45044,ADM3,1,1,0,1,0,0,0,0,0,0,0,0,0,1,0,0,0,0,0,1,0,0,0,1,0,,,46039
bert_20260228023827,19303,20260118,1,2826049,liga,687700,PPLA,Zaporizhzhya,Zaporizhzhya,2730,Zaporiz'ka,41153,35.13885,47.83831,ADM3,1,1,1,1,0,0,0,0,0,0,0,0,0,1,0,0,0,0,0,1,0,0,0,1,0,,,46039
bert_20260228023827,143757,20260118,1,2826050,liga,701822,PPL,Mariupol,Donets'k,655,Mariupol's'ka,22073,37.54144,47.0967,ADM3,1,1,1,1,0,0,0,0,0,0,0,0,0,0,1,0,0,0,1,0,0,0,0,0,0,,,46039
bert_20260228023827,386036,20260118,1,2826051,liga,10951287,PPL,Vesele,Zaporizhzhya,2730,Tokmats'kyi,37511,35.7672,47.17894,ADM1,1,0,0,0,0,0,0,0,0,0,0,0,0,0,0,0,0,0,0,1,0,0,0,0,0,,,46039
bert_20260228023827,203526,20260118,1,2826052,liga,704422,PPLA2,Pokrovsk,Donets'k,655,Krasnoarmiis'kyi,18918,37.1756,48.28035,ADM3,1,1,1,1,0,0,0,0,0,0,0,0,0,0,1,1,0,0,0,0,0,0,0,0,0,,,46039
bert_20260228023827,188227,20260118,1,2826053,liga,703448,PPLC,Kyiv,Kiev City,1210,Shevchenkivs'kyi,33738,30.52355,50.45044,ADM3,0,0,1,0,0,0,0,0,0,0,0,0,0,0,0,0,0,0,0,1,0,0,0,0,0,,,46039
bert_20260228023827,250213,20260118,2,"2832068, 2825674","meduza, unian",706483,PPLA,Kharkiv,Kharkiv,1191,Kharkivs'ka,17850,36.2312,49.99217,ADM3,1,1,0,1,0,0,0,0,0,0,1,0,0,0,0,0,0,0,0,1,0,0,0,1,0,,,46039
bert_20260228023827,250215,20260118,1,2832070,meduza,706483,PPLA,Kharkiv,Kharkiv,1191,Kharkivs'ka,17850,36.2312,49.99217,ADM3,1,1,1,1,0,0,0,0,0,0,0,0,0,1,0,0,0,0,0,1,0,0,0,0,0,,,46039
bert_20260228023827,345575,20260118,1,2832071,meduza,805500,PPL,Voronyne,Sumy,2356,Bilopils'kyi,4621,34.12376,51.10624,ADM1,1,1,1,1,0,0,0,0,0,0,0,0,0,1,0,0,0,0,0,1,0,0,0,0,0,,,46039
bert_20260228023827,287118,20260118,1,2832072,meduza,709930,PPLA,Dnipro,Dnipropetrovs'k,650,Dnipropetrovs'ka,9966,35.04618,48.46472,ADM3,1,1,1,1,0,0,0,0,0,0,0,0,0,1,0,0,0,0,0,1,0,0,0,0,0,,,46039
bert_20260228023827,386037,20260118,1,2832073,meduza,10951287,PPL,Vesele,Zaporizhzhya,2730,Tokmats'kyi,37511,35.7672,47.17894,ADM1,1,1,1,1,0,0,0,0,0,0,0,0,0,1,0,0,0,0,0,1,0,0,0,0,0,,,46039
bert_20260228023827,255160,20260118,1,2832074,meduza,707153,PPL,Kalinovka,Khmel'nyts'kyy,1196,Khmel'nyts'kyi,17914,26.92966,49.50739,ADM1,1,1,1,1,0,0,0,0,0,0,0,0,0,1,0,0,0,0,0,1,0,0,0,0,0,,,46039
bert_20260228023827,112395,20260118,1,2832075,meduza,698740,PPLA,Odessa,Odessa,1800,Odes'ka,26260,30.73169,46.48421,ADM3,1,1,1,1,0,0,0,0,0,0,0,0,0,1,0,0,0,0,0,1,0,0,0,0,0,,,46039
bert_20260228023827,188222,20260118,3,"2832079, 2832080, 2819611","meduza, liga",703448,PPLC,Kyiv,Kiev City,1210,Shevchenkivs'kyi,33738,30.52355,50.45044,ADM3,0,0,0,0,0,0,0,0,0,0,0,0,0,0,0,0,0,0,0,0,0,0,0,0,0,,,46039
bert_20260228023827,387661,20260118,1,2832081,meduza,11151964,PPL,Novoslobidka,Zaporizhzhya,2730,Zaporiz'ka,41153,35.01629,47.84388,ADM3,1,1,1,0,0,0,0,0,0,0,0,0,0,0,1,0,0,0,1,0,0,0,0,0,0,,,46039
bert_20260228023827,387662,20260118,2,"2832082, 2832089",meduza,11151964,PPL,Novoslobidka,Zaporizhzhya,2730,Zaporiz'ka,41153,35.01629,47.84388,ADM3,1,1,1,1,0,0,0,0,0,0,0,0,0,0,1,0,0,0,0,1,0,0,0,0,0,,,46039
bert_20260228023827,19300,20260118,1,2832083,meduza,687700,PPLA,Zaporizhzhya,Zaporizhzhya,2730,Zaporiz'ka,41153,35.13885,47.83831,ADM3,1,1,1,1,0,0,0,0,0,0,0,0,0,0,1,0,0,0,0,1,0,0,0,0,0,,,46039
bert_20260228023827,387659,20260118,2,"2832084, 2832092",meduza,11151964,PPL,Novoslobidka,Zaporizhzhya,2730,Zaporiz'ka,41153,35.01629,47.84388,ADM3,1,1,0,0,0,0,0,0,0,0,0,0,0,0,0,0,0,0,0,0,0,0,0,0,0,,,46039
bert_20260228023827,387658,20260118,1,2832085,meduza,11151964,PPL,Novoslobidka,Zaporizhzhya,2730,Zaporiz'ka,41153,35.01629,47.84388,ADM3,1,0,0,0,0,0,0,0,0,0,0,0,0,0,0,0,0,0,0,0,0,0,0,0,0,,,46039
bert_20260228023827,19296,20260118,1,2832086,meduza,687700,PPLA,Zaporizhzhya,Zaporizhzhya,2730,Zaporiz'ka,41153,35.13885,47.83831,ADM3,1,1,0,1,0,0,0,0,0,0,0,0,0,0,0,0,0,0,0,1,0,0,0,0,0,,,46039
bert_20260228023827,387660,20260118,1,2832087,meduza,11151964,PPL,Novoslobidka,Zaporizhzhya,2730,Zaporiz'ka,41153,35.01629,47.84388,ADM3,1,1,0,1,0,0,0,0,0,0,0,0,0,0,0,0,0,0,0,1,0,0,0,0,0,,,46039
bert_20260228023827,287117,20260118,1,2832088,meduza,709930,PPLA,Dnipro,Dnipropetrovs'k,650,Dnipropetrovs'ka,9966,35.04618,48.46472,ADM3,1,1,1,1,0,0,0,0,0,0,0,0,0,0,1,0,0,0,0,1,0,0,0,0,0,,,46039
bert_20260228023827,19301,20260118,2,"2832091, 2819621","meduza, liveuamap",687700,PPLA,Zaporizhzhya,Zaporizhzhya,2730,Zaporiz'ka,41153,35.13885,47.83831,ADM3,1,1,1,1,0,0,0,0,0,0,0,0,0,0,1,0,0,0,1,0,0,0,0,0,0,,,46039
bert_20260228023827,319026,20260118,1,2832093,unian,712609,PPL,Bilka,Odessa,1800,Ivanivs'kyi,15842,30.40579,46.90822,ADM1,1,1,0,1,0,0,0,0,0,0,0,0,0,0,0,0,0,0,0,1,0,0,0,0,0,,,46039
bert_20260228023827,192422,20260118,1,2832094,unian,703656,PPLA2,Kupiansk,Kharkiv,1191,Kupians'ka,19188,37.61478,49.7108,ADM3,1,1,1,1,0,0,0,0,0,0,0,0,0,0,1,0,0,0,0,0,0,0,0,0,0,,,46039
bert_20260228023827,203525,20260118,1,2832095,unian,704422,PPLA2,Pokrovsk,Donets'k,655,Krasnoarmiis'kyi,18918,37.1756,48.28035,ADM3,1,1,1,1,0,0,0,0,0,0,0,0,0,0,1,0,0,0,0,0,0,0,0,0,0,,,46039
bert_20260228023827,397095,20260118,1,2832096,unian,,,,,,,,38.92852,47.21537,ADM3,1,1,1,1,0,0,0,1,0,0,1,0,0,1,0,0,0,0,0,1,0,0,0,1,0,,,46039
bert_20260228023827,261534,20260118,1,2832097,unian,707898,PPLA2,Hulyaypole,Zaporizhzhya,2730,Huliaipil's'kyi,14713,36.25322,47.66644,ADM3,1,1,1,1,1,0,0,0,0,0,1,0,0,0,1,0,0,0,0,0,0,0,1,0,0,,,46039
bert_20260228023827,203527,20260118,1,2832098,unian,704422,PPLA2,Pokrovsk,Donets'k,655,Krasnoarmiis'kyi,18918,37.1756,48.28035,ADM3,1,1,1,1,1,0,0,0,0,0,1,0,0,0,1,1,0,0,0,0,0,0,1,0,0,,,46039
bert_20260228023827,82425,20260118,1,2832099,unian,695094,PPLX,Ruttschenkowo,Donets'k,655,Donets'ka,10139,37.67529,47.95508,ADM1,1,1,1,1,1,0,0,0,0,0,1,0,0,1,1,0,0,0,1,1,0,0,1,0,0,,,46039
bert_20260228023827,188230,20260118,1,2832100,unian,703448,PPLC,Kyiv,Kiev City,1210,Shevchenkivs'kyi,33738,30.52355,50.45044,ADM3,0,0,1,0,0,1,0,0,0,0,0,0,0,0,0,0,0,0,0,1,0,0,0,1,0,,,46039
bert_20260228023827,250211,20260118,1,2819608,liga,706483,PPLA,Kharkiv,Kharkiv,1191,Kharkivs'ka,17850,36.2312,49.99217,ADM3,1,1,0,1,0,0,0,0,0,0,0,0,0,0,0,0,0,0,0,1,0,0,0,1,0,,,46039
bert_20260228023827,49221,20260118,1,2819609,liga,692194,PPLA,Sumy,Sumy,2356,Sums'ka,35425,34.80276,50.91198,ADM3,1,1,0,1,0,0,0,0,0,0,0,0,0,0,0,0,0,0,0,1,0,0,0,1,0,,,46039
bert_20260228023827,112394,20260118,1,2819610,liga,698740,PPLA,Odessa,Odessa,1800,Odes'ka,26260,30.73169,46.48421,ADM3,0,1,1,0,0,0,0,0,0,0,0,0,0,0,0,0,0,0,0,0,0,0,0,0,0,,,46039
bert_20260228023827,131261,20260118,1,2819612,liveuamap,700569,PPLA,Mykolayiv,Mykolayiv,1628,Mykola‹vs'ka,24267,31.99381,46.97557,ADM3,1,0,0,0,0,0,0,0,0,0,0,0,0,0,0,0,1,0,0,0,0,0,0,0,0,,,46039
bert_20260228023827,19299,20260118,1,2819613,liveuamap,687700,PPLA,Zaporizhzhya,Zaporizhzhya,2730,Zaporiz'ka,41153,35.13885,47.83831,ADM3,1,1,1,0,1,0,0,1,0,0,1,0,0,0,0,0,0,1,0,1,0,0,0,0,0,,,46039
bert_20260228023827,19302,20260118,1,2819614,liveuamap,687700,PPLA,Zaporizhzhya,Zaporizhzhya,2730,Zaporiz'ka,41153,35.13885,47.83831,ADM3,1,1,1,1,0,0,0,0,0,0,0,0,0,1,0,0,0,0,0,1,0,0,0,0,0,,,46039
bert_20260228023827,250212,20260118,1,2819615,liveuamap,706483,PPLA,Kharkiv,Kharkiv,1191,Kharkivs'ka,17850,36.2312,49.99217,ADM3,1,1,0,1,0,0,0,0,0,0,1,0,0,0,0,0,0,0,0,1,0,0,0,0,0,,,46039
bert_20260228023827,135470,20260118,1,2819616,liveuamap,701404,PPLA2,Melitopol,Zaporizhzhya,2730,Melitopol's'kyi,22691,35.37288,46.84219,ADM3,1,1,1,0,1,0,0,0,0,0,0,0,0,0,0,0,1,1,0,1,0,0,0,0,0,,,46039
bert_20260228023827,250214,20260118,1,2819617,liveuamap,706483,PPLA,Kharkiv,Kharkiv,1191,Kharkivs'ka,17850,36.2312,49.99217,ADM3,1,1,1,0,0,0,0,0,0,0,1,0,0,0,0,0,0,1,0,1,0,0,0,0,0,,,46039
bert_20260228023827,89972,20260118,1,2819618,liveuamap,696218,PPL,Pryvillia,Luhans'k,1405,Popasnians'kyi,28982,38.30109,48.99971,ADM3,1,1,1,1,0,0,0,0,0,0,0,0,0,0,1,0,0,0,1,0,0,0,0,0,0,,,46039
bert_20260228023827,82424,20260118,1,2819619,liveuamap,695094,PPLX,Ruttschenkowo,Donets'k,655,Donets'ka,10139,37.67529,47.95508,ADM1,1,1,1,1,0,0,0,0,0,0,0,0,0,0,1,0,0,0,1,0,0,0,0,0,0,,,46039
bert_20260228023827,89856,20260118,1,2819620,liveuamap,696108,PPLA2,Pryluky,Chernihiv,498,Pryluts'ka,29412,32.3856,50.58256,ADM3,1,1,1,1,0,0,0,0,0,0,0,0,0,0,1,0,0,0,1,0,0,0,0,0,0,,,46039
bert_20260228023827,19298,20260118,1,2819622,liveuamap,687700,PPLA,Zaporizhzhya,Zaporizhzhya,2730,Zaporiz'ka,41153,35.13885,47.83831,ADM3,1,1,0,1,0,0,0,0,1,0,0,0,0,1,0,0,0,0,0,1,0,0,0,1,0,,,46039
bert_20260228023827,275151,20260118,1,2819623,liveuamap,709717,PPLA,Donetsk,Donets'k,655,Donets'ka,10139,37.80285,48.01588,ADM3,1,1,0,1,0,0,0,0,0,0,0,0,0,1,0,0,0,0,0,1,0,0,0,1,0,,,46039
bert_20260228023827,19297,20260118,1,2819624,liveuamap,687700,PPLA,Zaporizhzhya,Zaporizhzhya,2730,Zaporiz'ka,41153,35.13885,47.83831,ADM3,1,1,0,1,0,0,0,0,0,0,0,0,0,1,0,0,0,0,0,1,0,0,0,1,0,,,46039
bert_20260228023827,57706,20260118,1,2819625,liveuamap,693468,PPL,Sloviansk,Donets'k,655,Slovians'ka,34511,37.60582,48.85227,ADM3,1,0,1,1,0,0,0,0,0,0,1,0,0,0,0,1,0,0,0,0,0,0,0,0,0,,,46039
bert_20260228023827,203523,20260118,1,2819626,liveuamap,704422,PPLA2,Pokrovsk,Donets'k,655,Krasnoarmiis'kyi,18918,37.1756,48.28035,ADM3,1,1,1,0,0,0,0,0,0,0,0,0,0,0,0,1,0,0,0,0,0,0,0,0,0,,,46039
bert_20260228023827,287941,20260118,1,2819628,liveuamap,710035,PPLA2,Myrnohrad,Donets'k,655,Krasnoarmiis'ka,18917,37.26806,48.29097,ADM3,1,1,1,0,0,0,0,0,0,0,0,0,0,0,0,1,0,0,0,0,0,0,0,0,0,,,46039
bert_20260228023827,192421,20260118,1,2819629,liveuamap,703656,PPLA2,Kupiansk,Kharkiv,1191,Kupians'ka,19188,37.61478,49.7108,ADM3,1,0,1,0,0,0,0,0,0,0,0,0,0,0,0,1,0,0,0,0,0,0,0,0,0,,,46039
bert_20260228023827,261532,20260118,1,2819630,liveuamap,707898,PPLA2,Hulyaypole,Zaporizhzhya,2730,Huliaipil's'kyi,14713,36.25322,47.66644,ADM3,1,0,1,0,0,0,0,0,0,0,0,0,0,0,0,1,0,0,0,0,0,0,0,0,0,,,46039
bert_20260228023827,268922,20260118,1,2819632,liveuamap,709671,PPL,Dorozhnianka,Zaporizhzhya,2730,Huliaipil's'kyi,14713,36.26004,47.58678,ADM3,1,0,1,0,0,0,0,0,0,0,0,0,0,0,0,1,0,0,0,0,0,0,0,0,0,,,46039
bert_20260228023827,250210,20260118,1,2819633,liveuamap,706483,PPLA,Kharkiv,Kharkiv,1191,Kharkivs'ka,17850,36.2312,49.99217,ADM3,1,0,1,0,0,0,0,0,0,0,0,0,0,0,0,1,0,0,0,0,0,0,0,0,0,,,46039
bert_20260228023827,32670,20260118,1,2819634,liveuamap,689304,PPLA2,Vovchansk,Kharkiv,1191,Vovchans'kyi,39837,36.9368,50.29401,ADM3,1,0,1,0,0,0,0,0,0,0,0,0,0,0,0,1,0,0,0,0,0,0,0,0,0,,,46039
bert_20260228023827,197353,20260118,1,2819635,liveuamap,704204,PPL,Lyman,Donets'k,655,Krasnolymans'kyi,18941,37.82245,48.96409,ADM3,1,0,1,0,0,0,0,0,0,0,0,0,0,0,0,1,0,0,0,0,0,0,0,0,0,,,46039
bert_20260228023827,20572,20260118,1,2819636,liveuamap,688228,PPL,Dibrovy,Kirovohrad,1222,Oleksandriis'kyi,26476,33.06403,48.78726,ADM3,1,0,1,0,0,0,0,0,0,0,0,0,0,0,0,1,0,0,0,0,0,0,0,0,0,,,46039
bert_20260228023827,55612,20260118,1,2819637,liveuamap,693065,PPLX,Sotsmisto,Donets'k,655,Kramators'ka,18898,37.5844,48.73898,ADM3,1,0,1,1,0,0,0,0,0,0,0,0,0,0,0,1,0,0,0,0,0,0,0,0,0,,,46039
bert_20260228023827,208605,20260118,1,2819638,liveuamap,705104,PPL,Kostiantynivka,Donets'k,655,Kostiantynivs'ka,18738,37.69368,48.53467,ADM3,1,0,1,0,0,0,0,0,0,0,0,0,0,0,0,1,0,0,0,0,0,0,0,0,0,,,46039
bert_20260228023827,257473,20260118,1,2819639,liveuamap,707464,PPL,Ivanopillia,Donets'k,655,Kostiantynivs'kyi,18739,37.76439,48.47357,ADM3,1,0,1,0,0,0,0,0,0,0,0,0,0,0,0,1,0,0,0,0,0,0,0,0,0,,,46039
bert_20260228023827,360527,20260118,1,2819640,liveuamap,8419787,PPL,Zakumske,Sumy,2356,Sums'kyi,35426,34.64912,50.95537,ADM2,1,1,1,1,0,0,0,0,0,0,0,0,0,0,1,1,0,0,0,0,0,0,1,0,0,,,46039
bert_20260228023827,387944,20260118,1,2819641,liveuamap,11151973,PPL,Stepove,Dnipropetrovs'k,650,Krynychans'kyi,19030,34.53593,48.44595,ADM3,1,0,1,0,0,0,0,0,0,0,0,0,0,0,0,1,0,0,0,0,0,0,0,0,0,,,46039
bert_20260228023827,50091,20260118,1,2819642,liveuamap,692248,PPL,Stepnohirsk,Zaporizhzhya,2730,Vasylivs'kyi,39200,35.36408,47.58871,ADM3,1,0,1,0,0,0,0,0,0,0,0,0,0,0,0,1,0,0,0,0,0,0,0,0,0,,,46039
bert_20260228023827,381237,20260118,1,2819643,liveuamap,10323759,PPLX,Cheremushky,Donets'k,655,Mariupol's'ka,22073,37.50564,47.07557,ADM3,1,0,1,0,0,0,0,0,0,0,0,0,0,0,0,1,0,0,0,0,0,0,0,0,0,,,46039
bert_20260228023827,69479,20260118,1,2819644,liveuamap,694301,PPL,Shcherbaky,Kiev,1209,Volodars'kyi,39784,29.95282,49.63661,ADM3,1,0,1,0,0,0,0,0,0,0,0,0,0,0,0,1,0,0,0,0,0,0,0,0,0,,,46039
bert_20260228023827,44345,20260118,1,2819645,liveuamap,691639,PPL,Ternuvate,Dnipropetrovs'k,650,Pokrovs'kyi,28862,36.13247,47.82975,ADM3,1,1,1,1,0,0,0,0,1,0,0,0,0,0,0,0,0,0,0,1,0,0,0,0,0,,,46039
bert_20260228023827,19304,20260118,1,2819646,liveuamap,687700,PPLA,Zaporizhzhya,Zaporizhzhya,2730,Zaporiz'ka,41153,35.13885,47.83831,ADM3,1,1,1,1,0,0,0,0,1,0,0,0,0,0,0,0,0,0,0,1,0,0,0,0,0,,,46039
bert_20260228023827,25303,20260118,1,2819647,liveuamap,688628,PPL,Yablon'ki,Kiev,1209,Irpins'ka,15506,30.21345,50.55335,ADM3,1,1,1,1,0,0,0,0,0,0,0,0,0,1,0,0,0,0,0,1,0,0,0,0,0,,,46039
bert_20260228023827,112393,20260118,1,2819648,liveuamap,698740,PPLA,Odessa,Odessa,1800,Odes'ka,26260,30.73169,46.48421,ADM3,1,1,0,1,0,0,0,0,0,0,0,0,0,0,0,0,0,0,0,1,0,0,0,1,0,,,46039
bert_20260228023827,49222,20260118,1,2825673,unian,692194,PPLA,Sumy,Sumy,2356,Sums'ka,35425,34.80276,50.91198,ADM3,1,1,0,1,0,0,0,0,0,0,0,0,0,1,0,0,0,0,0,1,0,0,0,1,0,,,46039
bert_20260228023827,250216,20260119,1,2984767,liga,706483,PPLA,Kharkiv,Kharkiv,1191,Kharkivs'ka,17850,36.2312,49.99217,ADM3,0,0,0,0,0,0,0,0,0,0,0,0,0,0,0,0,0,0,0,0,0,0,0,0,0,,,46040
bert_20260228023827,250217,20260119,1,2984768,liga,706483,PPLA,Kharkiv,Kharkiv,1191,Kharkivs'ka,17850,36.2312,49.99217,ADM3,0,0,0,0,0,0,0,0,0,0,1,0,0,0,0,0,0,0,0,0,0,0,0,0,0,,,46040
bert_20260228023827,188241,20260119,1,2972049,liga,703448,PPLC,Kyiv,Kiev City,1210,Shevchenkivs'kyi,33738,30.52355,50.45044,ADM3,0,0,1,0,0,0,1,0,0,0,0,0,0,0,0,0,0,0,0,0,0,0,0,0,0,,,46040
bert_20260228023827,323910,20260119,1,2972050,liga,712956,PPL,Bakhmutivka,Luhans'k,1405,Novoaidars'kyi,25882,39.04452,48.86708,ADM3,0,0,1,0,0,0,1,0,0,0,0,0,0,0,0,0,0,0,0,0,0,0,0,0,0,,,46040
bert_20260228023827,357650,20260119,1,2972051,liga,8250815,PPL,Karpaty,Transcarpathia,2491,Mukachivs'kyi,24017,22.8742,48.52159,ADM3,0,0,0,0,0,1,1,0,0,0,0,0,0,0,0,0,0,0,0,1,0,0,0,0,0,,,46040
bert_20260228023827,188243,20260119,1,2965707,liga,703448,PPLC,Kyiv,Kiev City,1210,Shevchenkivs'kyi,33738,30.52355,50.45044,ADM3,1,1,0,1,0,0,0,0,0,0,0,0,0,0,0,0,0,0,0,1,0,0,0,0,0,,,46040
bert_20260228023827,188245,20260119,2,"2946762, 2838496","liga, unian",703448,PPLC,Kyiv,Kiev City,1210,Shevchenkivs'kyi,33738,30.52355,50.45044,ADM3,1,1,1,1,0,0,0,0,0,0,0,0,0,0,0,0,0,0,0,1,0,0,0,0,0,,,46040
bert_20260228023827,188237,20260119,4,"2896190, 2832106, 2838477, 2838494","liga, espreso, unian",703448,PPLC,Kyiv,Kiev City,1210,Shevchenkivs'kyi,33738,30.52355,50.45044,ADM3,0,0,0,0,0,0,1,0,0,0,0,0,0,0,0,0,0,0,0,0,0,0,0,0,0,,,46040
bert_20260228023827,29697,20260119,1,2870378,liga,689103,PPL,Volovytsia,Chernihiv,498,Borznians'kyi,5262,32.00406,51.35543,ADM1,0,0,0,0,0,1,0,0,0,0,0,0,0,0,0,0,0,0,0,0,0,0,0,0,0,,,46040
bert_20260228023827,188238,20260119,1,2870379,liga,703448,PPLC,Kyiv,Kiev City,1210,Shevchenkivs'kyi,33738,30.52355,50.45044,ADM3,0,0,0,0,0,1,0,0,0,0,0,0,0,0,0,0,0,0,0,0,0,0,0,0,0,,,46040
bert_20260228023827,188246,20260119,2,"2864062, 2826056",liga,703448,PPLC,Kyiv,Kiev City,1210,Shevchenkivs'kyi,33738,30.52355,50.45044,ADM3,1,1,1,1,0,0,0,0,0,0,0,0,0,0,0,0,0,0,0,1,0,0,0,1,0,,,46040
bert_20260228023827,188247,20260119,1,2857806,liga,703448,PPLC,Kyiv,Kiev City,1210,Shevchenkivs'kyi,33738,30.52355,50.45044,ADM3,1,1,1,1,0,0,0,0,0,0,0,0,0,1,0,0,0,0,0,1,0,0,0,0,0,,,46040
bert_20260228023827,154157,20260119,1,2851512,liga,702550,PPLA,Lviv,L'viv,1289,L'vivs'ka,19402,24.0299,49.83932,ADM3,0,0,0,0,0,1,1,0,0,0,0,0,0,0,0,0,0,0,0,0,0,0,0,0,0,,,46040
bert_20260228023827,188239,20260119,1,2851513,liga,703448,PPLC,Kyiv,Kiev City,1210,Shevchenkivs'kyi,33738,30.52355,50.45044,ADM3,0,0,0,0,0,1,1,0,0,0,0,0,0,0,0,0,0,0,0,0,0,0,0,0,0,,,46040
bert_20260228023827,112397,20260119,1,2845214,liga,698740,PPLA,Odessa,Odessa,1800,Odes'ka,26260,30.73169,46.48421,ADM3,1,0,0,0,0,0,1,0,0,0,0,0,0,0,0,0,0,0,0,0,0,0,0,0,0,,,46040
bert_20260228023827,112396,20260119,1,2838811,liga,698740,PPLA,Odessa,Odessa,1800,Odes'ka,26260,30.73169,46.48421,ADM3,0,0,0,0,0,0,1,0,0,0,0,0,0,0,0,0,0,0,0,1,0,0,0,0,0,,,46040
bert_20260228023827,203533,20260119,1,2832101,espreso,704422,PPLA2,Pokrovsk,Donets'k,655,Krasnoarmiis'kyi,18918,37.1756,48.28035,ADM3,1,1,1,1,0,0,0,0,0,0,0,1,0,0,0,0,0,0,0,0,0,0,1,0,0,,,46040
bert_20260228023827,112400,20260119,1,2832102,espreso,698740,PPLA,Odessa,Odessa,1800,Odes'ka,26260,30.73169,46.48421,ADM3,1,1,0,1,0,0,0,0,0,0,1,0,0,0,0,0,0,0,0,1,0,0,0,1,0,,,46040
bert_20260228023827,250221,20260119,1,2832103,espreso,706483,PPLA,Kharkiv,Kharkiv,1191,Kharkivs'ka,17850,36.2312,49.99217,ADM3,1,1,0,1,0,0,0,0,0,0,1,0,0,0,0,0,0,0,0,1,0,0,0,1,0,,,46040
bert_20260228023827,197355,20260119,1,2832104,espreso,704204,PPL,Lyman,Donets'k,655,Krasnolymans'kyi,18941,37.82245,48.96409,ADM3,1,1,1,0,1,0,0,0,0,0,0,0,0,0,1,0,0,0,0,0,0,0,1,0,0,,,46040
bert_20260228023827,250219,20260119,2,"2832105, 2838491","espreso, unian",706483,PPLA,Kharkiv,Kharkiv,1191,Kharkivs'ka,17850,36.2312,49.99217,ADM3,1,1,0,1,0,0,0,0,0,0,0,0,0,0,0,0,0,0,0,1,0,0,0,1,0,,,46040
bert_20260228023827,203528,20260119,1,2832107,espreso,704422,PPLA2,Pokrovsk,Donets'k,655,Krasnoarmiis'kyi,18918,37.1756,48.28035,ADM3,1,0,1,0,0,0,0,0,0,0,0,0,0,0,0,0,0,0,0,0,0,0,1,0,0,,,46040
bert_20260228023827,154669,20260119,1,2832108,espreso,702569,PPLA,Lutsk,Volyn,2623,Luts'ka,21027,25.32541,50.74731,ADM3,1,0,1,0,0,0,0,0,0,0,0,0,0,0,0,0,0,0,0,0,0,0,1,0,0,,,46040
bert_20260228023827,322980,20260119,2,"2832109, 2838497","espreso, unian",712734,PPL,Baydivka,Luhans'k,1405,Starobil's'kyi,35084,38.90252,49.15874,ADM1,1,1,1,0,1,0,0,0,0,0,1,0,0,0,0,0,0,1,0,1,0,0,0,0,0,,,46040
bert_20260228023827,188244,20260119,1,2832110,espreso,703448,PPLC,Kyiv,Kiev City,1210,Shevchenkivs'kyi,33738,30.52355,50.45044,ADM3,1,1,1,0,0,0,0,0,0,0,0,0,0,0,0,0,0,0,0,1,0,0,0,0,0,,,46040
bert_20260228023827,203531,20260119,1,2832111,espreso,704422,PPLA2,Pokrovsk,Donets'k,655,Krasnoarmiis'kyi,18918,37.1756,48.28035,ADM3,1,1,1,1,0,0,0,0,0,0,0,0,0,0,0,1,0,0,0,0,0,0,1,0,0,,,46040
bert_20260228023827,188236,20260119,2,"2832442, 2838480","liga, unian",703448,PPLC,Kyiv,Kiev City,1210,Shevchenkivs'kyi,33738,30.52355,50.45044,ADM3,0,0,0,0,0,0,0,0,0,0,0,0,0,0,0,0,0,0,0,0,0,0,0,0,0,,,46040
bert_20260228023827,157834,20260119,1,2832443,liga,702658,PPLA,Luhansk,Luhans'k,1405,Luhans'ka,20910,39.30771,48.5739,ADM3,1,1,1,0,1,0,0,0,0,0,1,0,0,0,0,0,0,1,0,1,0,0,0,0,0,,,46040
bert_20260228023827,22756,20260119,1,2832444,liga,688393,PPL,Yaseninichi,Rivne,2066,Rivnens'ka,30582,26.25164,50.61992,ADM3,1,1,1,0,1,0,0,0,0,0,1,0,0,0,0,0,1,0,0,0,0,0,0,0,0,,,46040
bert_20260228023827,203530,20260119,1,2832445,liga,704422,PPLA2,Pokrovsk,Donets'k,655,Krasnoarmiis'kyi,18918,37.1756,48.28035,ADM3,1,1,1,0,1,0,0,0,0,0,0,0,0,0,1,0,0,0,0,0,0,0,1,0,0,,,46040
bert_20260228023827,250222,20260119,1,2832446,liga,706483,PPLA,Kharkiv,Kharkiv,1191,Kharkivs'ka,17850,36.2312,49.99217,ADM3,1,1,1,1,0,0,0,0,1,0,0,0,0,0,0,0,0,0,0,1,0,0,0,1,0,,,46040
bert_20260228023827,19308,20260119,1,2832447,liga,687700,PPLA,Zaporizhzhya,Zaporizhzhya,2730,Zaporiz'ka,41153,35.13885,47.83831,ADM3,1,1,1,1,0,0,0,0,1,0,0,0,0,0,0,0,0,0,0,1,0,0,0,1,0,,,46040
bert_20260228023827,250223,20260119,1,2832448,liga,706483,PPLA,Kharkiv,Kharkiv,1191,Kharkivs'ka,17850,36.2312,49.99217,ADM3,1,1,1,1,0,0,0,1,0,0,0,0,0,1,0,0,0,0,0,1,0,0,0,1,0,,,46040
bert_20260228023827,112398,20260119,1,2832449,liga,698740,PPLA,Odessa,Odessa,1800,Odes'ka,26260,30.73169,46.48421,ADM3,0,1,0,1,0,0,0,0,0,0,0,0,0,0,0,0,0,0,0,1,0,0,0,0,0,,,46040
bert_20260228023827,203532,20260119,2,"2832450, 2838481","liga, unian",704422,PPLA2,Pokrovsk,Donets'k,655,Krasnoarmiis'kyi,18918,37.1756,48.28035,ADM3,1,1,1,1,0,0,0,0,0,0,0,0,0,0,1,0,0,0,1,0,0,0,0,0,0,,,46040
bert_20260228023827,19305,20260119,1,2832451,liga,687700,PPLA,Zaporizhzhya,Zaporizhzhya,2730,Zaporiz'ka,41153,35.13885,47.83831,ADM3,1,1,1,1,0,0,0,0,0,0,0,0,0,1,0,0,0,0,0,1,0,0,0,0,0,,,46040
bert_20260228023827,359360,20260119,1,2832452,liga,8281918,PPL,Posich,Transcarpathia,2491,Khusts'kyi,18005,23.41312,48.22076,ADM1,0,0,0,0,0,1,1,0,0,0,0,0,0,0,0,0,0,0,0,0,0,0,0,0,0,,,46040
bert_20260228023827,112399,20260119,1,2838478,unian,698740,PPLA,Odessa,Odessa,1800,Odes'ka,26260,30.73169,46.48421,ADM3,1,1,0,1,0,0,0,0,0,0,0,0,0,1,0,0,0,0,0,1,0,0,0,1,0,,,46040
bert_20260228023827,203534,20260119,1,2838479,unian,704422,PPLA2,Pokrovsk,Donets'k,655,Krasnoarmiis'kyi,18918,37.1756,48.28035,ADM3,1,1,1,1,1,0,0,0,0,0,1,0,0,0,1,0,0,0,1,0,0,0,0,0,0,,,46040
bert_20260228023827,67817,20260119,1,2838482,unian,693805,PPLA2,Simferopol,Crimea,579,Simferopol's'ka,34229,34.09941,44.95363,ADM3,1,1,1,1,1,0,0,0,0,0,0,0,0,1,1,0,0,0,0,0,0,0,0,0,0,,,46040
bert_20260228023827,188242,20260119,1,2838483,unian,703448,PPLC,Kyiv,Kiev City,1210,Shevchenkivs'kyi,33738,30.52355,50.45044,ADM3,0,0,1,0,0,1,1,0,0,0,0,0,1,0,0,0,0,0,0,0,0,0,0,0,0,,,46040
bert_20260228023827,319027,20260119,1,2838484,unian,712609,PPL,Bilka,Odessa,1800,Ivanivs'kyi,15842,30.40579,46.90822,ADM1,0,0,0,0,0,0,1,0,0,0,0,0,0,0,0,0,0,0,0,0,0,0,0,0,0,,,46040
bert_20260228023827,345576,20260119,1,2838485,unian,805500,PPL,Voronyne,Sumy,2356,Bilopils'kyi,4621,34.12376,51.10624,ADM1,1,1,1,0,1,0,0,0,1,0,0,0,0,0,1,0,0,1,0,0,0,0,1,0,0,,,46040
bert_20260228023827,217143,20260119,1,2838486,unian,705183,PPL,Slobozhans'ke,Kharkiv,1191,Zmiïvs'kyi,41407,36.50512,49.61494,ADM1,1,1,1,0,1,0,0,0,1,0,0,0,0,0,1,0,0,1,0,0,0,0,1,0,0,,,46040
bert_20260228023827,38222,20260119,1,2838487,unian,690773,PPL,Ukrainka,Kiev,1209,Obukhivs'kyi,26204,30.74207,50.15372,ADM3,0,0,0,0,0,1,0,0,0,0,0,0,0,0,0,0,0,0,0,0,0,0,0,0,0,,,46040
bert_20260228023827,89721,20260119,1,2838488,unian,696032,PPLA2,Pustomyty,L'viv,1289,Pustomytivs'kyi,29580,23.91674,49.71749,ADM1,0,0,0,0,0,0,1,0,0,0,0,0,0,0,0,0,0,0,0,0,0,0,0,0,0,,,46040
bert_20260228023827,289800,20260119,1,2838489,unian,710403,PPLQ,Chornobyl,Kiev,1209,Ivankivs'kyi,15844,30.211,51.27784,ADM3,1,1,1,1,0,0,0,0,0,0,1,0,0,0,0,0,0,0,0,1,0,0,0,0,0,,,46040
bert_20260228023827,67816,20260119,1,2838490,unian,693805,PPLA2,Simferopol,Crimea,579,Simferopol's'ka,34229,34.09941,44.95363,ADM3,0,1,1,1,0,0,0,0,0,0,0,0,0,0,1,0,0,0,1,0,0,0,0,0,0,,,46040
bert_20260228023827,287119,20260119,1,2838492,unian,709930,PPLA,Dnipro,Dnipropetrovs'k,650,Dnipropetrovs'ka,9966,35.04618,48.46472,ADM3,1,1,1,1,0,0,0,0,0,0,1,0,0,0,0,0,0,0,0,0,0,0,0,0,0,,,46040
bert_20260228023827,19306,20260119,1,2838493,unian,687700,PPLA,Zaporizhzhya,Zaporizhzhya,2730,Zaporiz'ka,41153,35.13885,47.83831,ADM3,1,1,1,1,0,0,0,0,0,0,0,0,0,1,1,0,0,0,1,0,0,0,0,0,0,,,46040
bert_20260228023827,67815,20260119,1,2838495,unian,693805,PPLA2,Simferopol,Crimea,579,Simferopol's'ka,34229,34.09941,44.95363,ADM3,0,1,1,1,0,0,0,0,0,0,0,0,0,0,0,0,0,0,1,1,0,0,0,0,0,,,46040
bert_20260228023827,188240,20260119,1,2826055,liga,703448,PPLC,Kyiv,Kiev City,1210,Shevchenkivs'kyi,33738,30.52355,50.45044,ADM3,0,0,1,0,0,0,0,0,0,0,0,0,0,0,0,0,0,0,0,1,0,0,0,0,0,,,46040
bert_20260228023827,275152,20260119,1,2826057,liveuamap,709717,PPLA,Donetsk,Donets'k,655,Donets'ka,10139,37.80285,48.01588,ADM3,1,1,1,0,1,0,0,1,0,0,0,0,0,0,0,0,0,1,1,1,0,0,0,0,0,,,46040
bert_20260228023827,123365,20260119,1,2826058,liveuamap,700051,PPLA2,Nikopol,Dnipropetrovs'k,650,Nikopol's'ka,25338,34.39481,47.56746,ADM3,1,1,0,1,0,0,0,0,0,0,0,0,0,1,0,0,0,0,0,1,0,0,0,1,0,,,46040
bert_20260228023827,55775,20260119,1,2826059,liveuamap,693086,PPL,Sosnivka,L'viv,1289,Sokal's'kyi,34627,24.25376,50.29435,ADM3,1,0,1,0,0,0,0,0,0,0,0,0,0,0,0,1,0,0,0,0,0,0,0,0,0,,,46040
bert_20260228023827,376809,20260119,1,2826060,liveuamap,9532052,PPL,Huliaipilske,Zaporizhzhya,2730,Huliaipil's'kyi,14713,36.06122,47.61272,ADM3,1,0,1,0,0,0,0,0,0,0,0,0,0,0,0,1,0,0,0,0,0,0,0,0,0,,,46040
bert_20260228023827,261535,20260119,1,2826061,liveuamap,707898,PPLA2,Hulyaypole,Zaporizhzhya,2730,Huliaipil's'kyi,14713,36.25322,47.66644,ADM3,1,0,1,0,0,0,0,0,0,0,0,0,0,0,0,1,0,0,0,0,0,0,0,0,0,,,46040
bert_20260228023827,268923,20260119,1,2826062,liveuamap,709671,PPL,Dorozhnianka,Zaporizhzhya,2730,Huliaipil's'kyi,14713,36.26004,47.58678,ADM3,1,0,1,0,0,0,0,0,0,0,0,0,0,0,0,1,0,0,0,0,0,0,0,0,0,,,46040
bert_20260228023827,345577,20260119,1,2826063,liveuamap,805500,PPL,Voronyne,Sumy,2356,Bilopils'kyi,4621,34.12376,51.10624,ADM1,1,1,1,1,0,0,0,0,1,0,0,0,0,0,0,0,0,0,0,1,0,0,0,0,0,,,46040
bert_20260228023827,20573,20260119,1,2826064,liveuamap,688228,PPL,Dibrovy,Kirovohrad,1222,Oleksandriis'kyi,26476,33.06403,48.78726,ADM3,1,1,1,1,0,0,0,0,1,0,0,0,0,0,0,0,0,0,0,1,0,0,0,0,0,,,46040
bert_20260228023827,287120,20260119,1,2826065,liveuamap,709930,PPLA,Dnipro,Dnipropetrovs'k,650,Dnipropetrovs'ka,9966,35.04618,48.46472,ADM3,1,1,1,1,0,0,0,0,1,0,0,0,0,0,0,0,0,0,0,1,0,0,0,0,0,,,46040
bert_20260228023827,261536,20260119,1,2826067,liveuamap,707898,PPLA2,Hulyaypole,Zaporizhzhya,2730,Huliaipil's'kyi,14713,36.25322,47.66644,ADM3,1,1,1,1,0,0,0,0,1,0,0,0,0,0,0,0,0,0,0,1,0,0,0,0,0,,,46040
bert_20260228023827,26161,20260119,1,2826068,liveuamap,688871,PPL,Vozdvyzhivka,Zaporizhzhya,2730,Novomykola‹vs'kyi,25913,36.07979,47.74727,ADM3,1,1,1,1,0,0,0,0,1,0,0,0,0,0,0,0,0,0,0,1,0,0,0,0,0,,,46040
bert_20260228023827,19307,20260119,1,2826069,liveuamap,687700,PPLA,Zaporizhzhya,Zaporizhzhya,2730,Zaporiz'ka,41153,35.13885,47.83831,ADM3,1,1,1,1,0,0,0,0,1,0,0,0,0,0,0,0,0,0,0,1,0,0,0,0,0,,,46040
bert_20260228023827,192423,20260119,1,2826070,liveuamap,703656,PPLA2,Kupiansk,Kharkiv,1191,Kupians'ka,19188,37.61478,49.7108,ADM3,1,0,1,0,0,0,0,0,0,0,0,0,0,0,0,1,0,0,0,0,0,0,0,0,0,,,46040
bert_20260228023827,57707,20260119,1,2826071,liveuamap,693468,PPL,Sloviansk,Donets'k,655,Slovians'ka,34511,37.60582,48.85227,ADM3,1,0,1,0,0,0,0,0,0,0,0,0,0,0,0,1,0,0,0,0,0,0,0,0,0,,,46040
bert_20260228023827,250218,20260119,1,2826072,liveuamap,706483,PPLA,Kharkiv,Kharkiv,1191,Kharkivs'ka,17850,36.2312,49.99217,ADM3,1,0,1,0,0,0,0,0,0,0,0,0,0,0,0,1,0,0,0,0,0,0,0,0,0,,,46040
bert_20260228023827,32671,20260119,1,2826073,liveuamap,689304,PPLA2,Vovchansk,Kharkiv,1191,Vovchans'kyi,39837,36.9368,50.29401,ADM3,1,0,1,0,0,0,0,0,0,0,0,0,0,0,0,1,0,0,0,0,0,0,0,0,0,,,46040
bert_20260228023827,257474,20260119,1,2826074,liveuamap,707464,PPL,Ivanopillia,Donets'k,655,Kostiantynivs'kyi,18739,37.76439,48.47357,ADM3,1,0,1,0,0,0,0,0,0,0,0,0,0,0,0,1,0,0,0,0,0,0,0,0,0,,,46040
bert_20260228023827,42293,20260119,1,2826075,liveuamap,691358,PPL,Torske,Donets'k,655,Krasnolymans'kyi,18941,37.96573,49.00937,STREET,1,0,1,0,0,0,0,0,0,0,0,0,0,0,0,1,0,0,0,0,0,0,0,0,0,,,46040
bert_20260228023827,197354,20260119,1,2826076,liveuamap,704204,PPL,Lyman,Donets'k,655,Krasnolymans'kyi,18941,37.82245,48.96409,ADM3,1,0,1,0,0,0,0,0,0,0,0,0,0,0,0,1,0,0,0,0,0,0,0,0,0,,,46040
bert_20260228023827,287942,20260119,1,2826078,liveuamap,710035,PPLA2,Myrnohrad,Donets'k,655,Krasnoarmiis'ka,18917,37.26806,48.29097,ADM3,1,0,1,0,0,0,0,0,0,0,0,0,0,0,0,1,0,0,0,0,0,0,0,0,0,,,46040
bert_20260228023827,203529,20260119,1,2826079,liveuamap,704422,PPLA2,Pokrovsk,Donets'k,655,Krasnoarmiis'kyi,18918,37.1756,48.28035,ADM3,1,0,1,0,0,0,0,0,0,0,0,0,0,0,0,1,0,0,0,0,0,0,0,0,0,,,46040
bert_20260228023827,22755,20260119,1,2826080,liveuamap,688393,PPL,Yaseninichi,Rivne,2066,Rivnens'ka,30582,26.25164,50.61992,ADM3,1,0,1,0,0,0,0,0,0,0,0,0,0,0,0,1,0,0,0,0,0,0,0,0,0,,,46040
bert_20260228023827,381238,20260119,1,2826081,liveuamap,10323759,PPLX,Cheremushky,Donets'k,655,Mariupol's'ka,22073,37.50564,47.07557,ADM3,1,0,1,0,0,0,0,0,0,0,0,0,0,0,0,1,0,0,0,0,0,0,0,0,0,,,46040
bert_20260228023827,250220,20260119,1,2826082,liveuamap,706483,PPLA,Kharkiv,Kharkiv,1191,Kharkivs'ka,17850,36.2312,49.99217,ADM3,1,1,0,1,0,0,0,0,0,0,0,0,0,1,0,0,0,0,0,1,0,0,0,1,0,,,46040
bert_20260228023827,250224,20260120,1,2984780,liga,706483,PPLA,Kharkiv,Kharkiv,1191,Kharkivs'ka,17850,36.2312,49.99217,ADM3,0,0,0,0,0,0,0,0,0,0,0,0,0,0,0,0,0,0,0,0,0,0,0,0,0,,,46041
bert_20260228023827,250225,20260120,1,2984781,liga,706483,PPLA,Kharkiv,Kharkiv,1191,Kharkivs'ka,17850,36.2312,49.99217,ADM3,0,0,0,0,0,0,0,0,0,0,1,0,0,0,0,0,0,0,0,0,0,0,0,0,0,,,46041
bert_20260228023827,188254,20260120,2,"2972064, 2844883","liga, unian",703448,PPLC,Kyiv,Kiev City,1210,Shevchenkivs'kyi,33738,30.52355,50.45044,ADM3,0,0,1,0,0,0,1,0,0,0,0,0,0,0,0,0,0,0,0,0,0,0,0,0,0,,,46041
bert_20260228023827,323911,20260120,1,2972065,liga,712956,PPL,Bakhmutivka,Luhans'k,1405,Novoaidars'kyi,25882,39.04452,48.86708,ADM3,0,0,1,0,0,0,1,0,0,0,0,0,0,0,0,0,0,0,0,0,0,0,0,0,0,,,46041
bert_20260228023827,357651,20260120,1,2972066,liga,8250815,PPL,Karpaty,Transcarpathia,2491,Mukachivs'kyi,24017,22.8742,48.52159,ADM3,0,0,0,0,0,1,1,0,0,0,0,0,0,0,0,0,0,0,0,1,0,0,0,0,0,,,46041
bert_20260228023827,188256,20260120,2,"2965719, 2844869","liga, unian",703448,PPLC,Kyiv,Kiev City,1210,Shevchenkivs'kyi,33738,30.52355,50.45044,ADM3,1,1,0,1,0,0,0,0,0,0,0,0,0,0,0,0,0,0,0,1,0,0,0,0,0,,,46041
bert_20260228023827,188263,20260120,1,2946774,liga,703448,PPLC,Kyiv,Kiev City,1210,Shevchenkivs'kyi,33738,30.52355,50.45044,ADM3,1,1,1,1,0,0,0,0,0,0,0,0,0,0,0,0,0,0,0,1,0,0,0,0,0,,,46041
bert_20260228023827,188251,20260120,3,"2896202, 2844870, 2838499","liga, unian",703448,PPLC,Kyiv,Kiev City,1210,Shevchenkivs'kyi,33738,30.52355,50.45044,ADM3,0,0,0,0,0,0,1,0,0,0,0,0,0,0,0,0,0,0,0,0,0,0,0,0,0,,,46041
bert_20260228023827,29698,20260120,1,2870392,liga,689103,PPL,Volovytsia,Chernihiv,498,Borznians'kyi,5262,32.00406,51.35543,ADM1,0,0,0,0,0,1,0,0,0,0,0,0,0,0,0,0,0,0,0,0,0,0,0,0,0,,,46041
bert_20260228023827,188252,20260120,1,2870393,liga,703448,PPLC,Kyiv,Kiev City,1210,Shevchenkivs'kyi,33738,30.52355,50.45044,ADM3,0,0,0,0,0,1,0,0,0,0,0,0,0,0,0,0,0,0,0,0,0,0,0,0,0,,,46041
bert_20260228023827,188264,20260120,1,2864075,liga,703448,PPLC,Kyiv,Kiev City,1210,Shevchenkivs'kyi,33738,30.52355,50.45044,ADM3,1,1,1,1,0,0,0,0,0,0,0,0,0,0,0,0,0,0,0,1,0,0,0,1,0,,,46041
bert_20260228023827,188266,20260120,3,"2857820, 2844853, 2844877","liga, meduza, unian",703448,PPLC,Kyiv,Kiev City,1210,Shevchenkivs'kyi,33738,30.52355,50.45044,ADM3,1,1,1,1,0,0,0,0,0,0,0,0,0,1,0,0,0,0,0,1,0,0,0,0,0,,,46041
bert_20260228023827,154158,20260120,1,2851526,liga,702550,PPLA,Lviv,L'viv,1289,L'vivs'ka,19402,24.0299,49.83932,ADM3,0,0,0,0,0,1,1,0,0,0,0,0,0,0,0,0,0,0,0,0,0,0,0,0,0,,,46041
bert_20260228023827,188253,20260120,1,2851527,liga,703448,PPLC,Kyiv,Kiev City,1210,Shevchenkivs'kyi,33738,30.52355,50.45044,ADM3,0,0,0,0,0,1,1,0,0,0,0,0,0,0,0,0,0,0,0,0,0,0,0,0,0,,,46041
bert_20260228023827,112404,20260120,1,2845228,liga,698740,PPLA,Odessa,Odessa,1800,Odes'ka,26260,30.73169,46.48421,ADM3,1,0,0,0,0,0,1,0,0,0,0,0,0,0,0,0,0,0,0,0,0,0,0,0,0,,,46041
bert_20260228023827,203536,20260120,2,"2838501, 2838512",espreso,704422,PPLA2,Pokrovsk,Donets'k,655,Krasnoarmiis'kyi,18918,37.1756,48.28035,ADM3,1,1,1,1,0,0,0,0,0,0,0,0,0,0,0,1,0,0,0,0,0,0,0,0,0,,,46041
bert_20260228023827,287126,20260120,1,2838502,espreso,709930,PPLA,Dnipro,Dnipropetrovs'k,650,Dnipropetrovs'ka,9966,35.04618,48.46472,ADM3,1,1,0,1,0,0,0,0,0,0,1,0,0,1,0,0,0,0,0,1,0,0,0,1,0,,,46041
bert_20260228023827,393697,20260120,1,2838503,espreso,11777953,PPL,Deremezna,Kiev,1209,Obukhivs'kyi,26204,30.47662,50.02393,ADM1,1,1,0,1,0,0,0,0,0,0,1,0,0,1,0,0,0,0,0,1,0,0,0,1,0,,,46041
bert_20260228023827,19310,20260120,2,"2838504, 2844872","espreso, unian",687700,PPLA,Zaporizhzhya,Zaporizhzhya,2730,Zaporiz'ka,41153,35.13885,47.83831,ADM3,1,1,1,1,0,0,0,0,0,0,0,0,0,0,1,0,0,0,1,0,0,0,0,0,0,,,46041
bert_20260228023827,203537,20260120,1,2838505,espreso,704422,PPLA2,Pokrovsk,Donets'k,655,Krasnoarmiis'kyi,18918,37.1756,48.28035,ADM3,1,1,1,1,0,0,0,0,0,0,0,0,0,0,1,0,0,0,1,0,0,0,0,0,0,,,46041
bert_20260228023827,36030,20260120,1,2838506,espreso,690266,PPL,Velyka Dymerka,Kiev,1209,Brovars'kyi,5672,30.90488,50.56832,ADM3,0,0,1,0,0,0,1,0,0,0,0,0,0,0,0,0,0,0,0,0,0,0,0,0,0,,,46041
bert_20260228023827,188270,20260120,1,2838507,espreso,703448,PPLC,Kyiv,Kiev City,1210,Shevchenkivs'kyi,33738,30.52355,50.45044,ADM3,1,1,1,1,0,0,0,0,1,0,0,0,0,0,0,0,0,0,0,1,0,0,0,1,0,,,46041
bert_20260228023827,90601,20260120,1,2838508,espreso,696329,PPL,Prybirsk,Kiev,1209,Ivankivs'kyi,15844,30.00968,51.01313,ADM3,0,1,1,0,0,0,1,0,0,0,0,0,0,0,0,0,0,0,0,0,0,0,0,0,0,,,46041
bert_20260228023827,217144,20260120,2,"2838509, 2838511",espreso,705183,PPL,Slobozhans'ke,Kharkiv,1191,Zmiïvs'kyi,41407,36.50512,49.61494,ADM1,1,1,1,1,0,0,0,0,0,0,0,0,0,0,1,0,0,0,1,0,0,0,0,0,0,,,46041
bert_20260228023827,345579,20260120,1,2838510,espreso,805500,PPL,Voronyne,Sumy,2356,Bilopils'kyi,4621,34.12376,51.10624,ADM1,1,1,1,1,0,0,0,0,0,0,0,0,0,0,1,0,0,0,1,0,0,0,0,0,0,,,46041
bert_20260228023827,188262,20260120,1,2838814,liga,703448,PPLC,Kyiv,Kiev City,1210,Shevchenkivs'kyi,33738,30.52355,50.45044,ADM3,1,1,1,0,0,0,1,0,0,0,0,0,0,0,0,0,0,0,0,0,0,0,0,0,0,,,46041
bert_20260228023827,250229,20260120,1,2838815,liga,706483,PPLA,Kharkiv,Kharkiv,1191,Kharkivs'ka,17850,36.2312,49.99217,ADM3,1,1,1,0,1,0,0,0,0,0,0,0,0,0,1,0,0,0,1,0,0,0,0,0,0,,,46041
bert_20260228023827,19311,20260120,1,2838816,liga,687700,PPLA,Zaporizhzhya,Zaporizhzhya,2730,Zaporiz'ka,41153,35.13885,47.83831,ADM3,1,1,1,1,0,0,0,0,0,0,1,0,0,0,0,0,0,0,0,1,0,0,0,1,0,,,46041
bert_20260228023827,188261,20260120,1,2838817,liga,703448,PPLC,Kyiv,Kiev City,1210,Shevchenkivs'kyi,33738,30.52355,50.45044,ADM3,0,1,1,0,0,0,1,0,0,0,0,0,0,0,1,0,0,0,0,0,0,0,0,0,0,,,46041
bert_20260228023827,36029,20260120,1,2838818,liga,690266,PPL,Velyka Dymerka,Kiev,1209,Brovars'kyi,5672,30.90488,50.56832,ADM3,0,0,0,0,0,1,1,0,0,0,0,0,0,0,0,0,0,0,0,0,0,0,0,0,0,,,46041
bert_20260228023827,287125,20260120,1,2838819,liga,709930,PPLA,Dnipro,Dnipropetrovs'k,650,Dnipropetrovs'ka,9966,35.04618,48.46472,ADM3,0,0,1,0,0,1,0,0,0,0,0,0,0,0,0,0,0,0,0,0,0,0,0,0,0,,,46041
bert_20260228023827,188269,20260120,3,"2838820, 2844878, 2832112","liga, unian, espreso",703448,PPLC,Kyiv,Kiev City,1210,Shevchenkivs'kyi,33738,30.52355,50.45044,ADM3,1,1,1,1,0,0,0,0,0,0,1,0,0,1,0,0,0,0,0,1,0,0,0,1,0,,,46041
bert_20260228023827,112405,20260120,1,2838821,liga,698740,PPLA,Odessa,Odessa,1800,Odes'ka,26260,30.73169,46.48421,ADM3,1,1,1,1,0,0,0,0,0,0,1,0,0,1,0,0,0,0,0,1,0,0,0,1,0,,,46041
bert_20260228023827,34509,20260120,1,2838822,liga,689558,PPLA,Vinnytsya,Vinnytsya,2611,Vinnyts'ka,39646,28.46868,49.23256,ADM3,1,1,1,1,0,0,0,0,0,0,1,0,0,1,0,0,0,0,0,1,0,0,0,1,0,,,46041
bert_20260228023827,287127,20260120,1,2838823,liga,709930,PPLA,Dnipro,Dnipropetrovs'k,650,Dnipropetrovs'ka,9966,35.04618,48.46472,ADM3,1,1,1,1,0,0,0,0,0,0,1,0,0,1,0,0,0,0,0,1,0,0,0,1,0,,,46041
bert_20260228023827,188268,20260120,2,"2838824, 2838498","liga, unian",703448,PPLC,Kyiv,Kiev City,1210,Shevchenkivs'kyi,33738,30.52355,50.45044,ADM3,1,1,1,1,0,0,0,0,0,0,1,0,0,0,0,0,0,0,0,1,0,0,0,0,0,,,46041
bert_20260228023827,112403,20260120,1,2838825,liga,698740,PPLA,Odessa,Odessa,1800,Odes'ka,26260,30.73169,46.48421,ADM3,0,0,0,0,0,0,1,0,0,0,0,0,0,0,0,0,0,0,0,1,0,0,0,0,0,,,46041
bert_20260228023827,188257,20260120,1,2844851,meduza,703448,PPLC,Kyiv,Kiev City,1210,Shevchenkivs'kyi,33738,30.52355,50.45044,ADM3,1,1,0,1,0,0,0,0,0,0,0,0,0,1,0,0,0,0,0,1,0,0,0,0,0,,,46041
bert_20260228023827,188248,20260120,5,"2844854, 2844873, 2844875, 2844879, 2838500","meduza, unian",703448,PPLC,Kyiv,Kiev City,1210,Shevchenkivs'kyi,33738,30.52355,50.45044,ADM3,0,0,0,0,0,0,0,0,0,0,0,0,0,0,0,0,0,0,0,0,0,0,0,0,0,,,46041
bert_20260228023827,188249,20260120,2,"2844855, 2844881","meduza, unian",703448,PPLC,Kyiv,Kiev City,1210,Shevchenkivs'kyi,33738,30.52355,50.45044,ADM3,0,0,0,0,0,0,0,0,0,0,0,0,0,0,0,0,0,0,0,1,0,0,0,0,0,,,46041
bert_20260228023827,287121,20260120,2,"2844856, 2832460","meduza, liveuamap",709930,PPLA,Dnipro,Dnipropetrovs'k,650,Dnipropetrovs'ka,9966,35.04618,48.46472,ADM3,1,0,0,0,0,0,0,0,0,0,0,0,0,0,0,0,0,0,0,1,0,0,0,0,0,,,46041
bert_20260228023827,188250,20260120,1,2844857,meduza,703448,PPLC,Kyiv,Kiev City,1210,Shevchenkivs'kyi,33738,30.52355,50.45044,ADM3,1,0,0,0,0,0,0,0,0,0,0,0,0,1,0,0,0,0,0,1,0,0,0,0,0,,,46041
bert_20260228023827,34508,20260120,1,2844859,meduza,689558,PPLA,Vinnytsya,Vinnytsya,2611,Vinnyts'ka,39646,28.46868,49.23256,ADM3,1,0,0,0,0,0,0,0,0,0,0,0,0,1,0,0,0,0,0,1,0,0,0,0,0,,,46041
bert_20260228023827,287122,20260120,1,2844860,meduza,709930,PPLA,Dnipro,Dnipropetrovs'k,650,Dnipropetrovs'ka,9966,35.04618,48.46472,ADM3,1,0,0,0,0,0,0,0,0,0,0,0,0,1,0,0,0,0,0,1,0,0,0,0,0,,,46041
bert_20260228023827,112401,20260120,1,2844861,meduza,698740,PPLA,Odessa,Odessa,1800,Odes'ka,26260,30.73169,46.48421,ADM3,1,0,0,0,0,0,0,0,0,0,0,0,0,1,0,0,0,0,0,1,0,0,0,0,0,,,46041
bert_20260228023827,386038,20260120,1,2844862,meduza,10951287,PPL,Vesele,Zaporizhzhya,2730,Tokmats'kyi,37511,35.7672,47.17894,ADM1,1,0,0,0,0,0,0,0,0,0,0,0,0,1,0,0,0,0,0,1,0,0,0,0,0,,,46041
bert_20260228023827,364677,20260120,1,2844863,meduza,8718704,PPL,Luhove,Poltava,1956,Velykobahachans'kyi,39269,33.77849,49.73239,ADM1,1,0,0,0,0,0,0,0,0,0,0,0,0,1,0,0,0,0,0,1,0,0,0,0,0,,,46041
bert_20260228023827,345578,20260120,1,2844864,meduza,805500,PPL,Voronyne,Sumy,2356,Bilopils'kyi,4621,34.12376,51.10624,ADM1,1,0,0,0,0,0,0,0,0,0,0,0,0,1,0,0,0,0,0,1,0,0,0,0,0,,,46041
bert_20260228023827,188259,20260120,1,2844865,unian,703448,PPLC,Kyiv,Kiev City,1210,Shevchenkivs'kyi,33738,30.52355,50.45044,ADM3,1,1,0,1,0,0,0,0,0,0,1,0,0,0,0,0,0,0,0,1,0,0,0,0,0,,,46041
bert_20260228023827,68487,20260120,1,2844866,unian,694129,PPL,Shevchenkove,Kharkiv,1191,Vovchans'kyi,39837,37.04016,50.20219,ADM2,1,1,1,1,0,0,0,0,0,0,0,0,0,0,1,0,0,0,0,0,0,0,0,0,0,,,46041
bert_20260228023827,188258,20260120,1,2844867,unian,703448,PPLC,Kyiv,Kiev City,1210,Shevchenkivs'kyi,33738,30.52716,50.44856,ADM3,1,1,0,1,0,0,0,0,0,0,0,0,0,1,0,0,0,0,0,1,0,0,0,1,0,,,46041
bert_20260228023827,319028,20260120,1,2844868,unian,712609,PPL,Bilka,Odessa,1800,Ivanivs'kyi,15842,30.40579,46.90822,ADM1,1,1,1,1,0,0,0,0,0,0,1,0,0,0,0,0,0,0,0,1,0,0,0,1,0,,,46041
bert_20260228023827,287124,20260120,1,2844871,unian,709930,PPLA,Dnipro,Dnipropetrovs'k,650,Dnipropetrovs'ka,9966,35.04618,48.46472,ADM3,0,0,1,0,0,0,0,0,0,0,0,0,0,0,0,0,0,0,0,0,0,0,0,0,0,,,46041
bert_20260228023827,188260,20260120,1,2844874,unian,703448,PPLC,Kyiv,Kiev City,1210,Shevchenkivs'kyi,33738,30.52355,50.45044,ADM3,1,1,0,1,0,0,0,0,0,0,1,0,0,0,0,0,0,0,0,1,0,0,0,1,0,,,46041
bert_20260228023827,188255,20260120,1,2844876,unian,703448,PPLC,Kyiv,Kiev City,1210,Shevchenkivs'kyi,33738,30.52355,50.45044,ADM3,1,0,1,0,0,0,1,0,0,0,1,0,0,0,0,0,0,0,0,0,0,0,0,0,0,,,46041
bert_20260228023827,192425,20260120,1,2844880,unian,703656,PPLA2,Kupiansk,Kharkiv,1191,Kupians'ka,19188,37.61478,49.7108,ADM3,1,1,1,1,1,0,0,0,0,0,0,0,0,0,1,0,0,0,1,0,0,0,0,0,0,,,46041
bert_20260228023827,359361,20260120,2,"2844882, 2832454","unian, liga",8281918,PPL,Posich,Transcarpathia,2491,Khusts'kyi,18005,23.41312,48.22076,ADM1,0,0,0,0,0,1,1,0,0,0,0,0,0,0,0,0,0,0,0,0,0,0,0,0,0,,,46041
bert_20260228023827,188265,20260120,1,2844884,unian,703448,PPLC,Kyiv,Kiev City,1210,Shevchenkivs'kyi,33738,30.52355,50.45044,ADM3,1,1,1,1,0,0,0,0,0,0,0,0,0,0,1,0,0,0,0,0,0,0,0,0,0,,,46041
bert_20260228023827,188267,20260120,1,2832453,liga,703448,PPLC,Kyiv,Kiev City,1210,Shevchenkivs'kyi,33738,30.52355,50.45044,ADM3,1,1,1,1,0,0,0,0,0,0,0,0,0,1,0,0,0,0,0,1,0,0,0,1,0,,,46041
bert_20260228023827,289389,20260120,1,2832455,liveuamap,710374,PPLA2,Chuhuiv,Kharkiv,1191,Chuhu‹vs'kyi,8040,36.67945,49.83527,ADM3,1,1,1,1,0,0,0,1,0,0,1,0,0,0,0,0,0,0,0,1,0,0,0,1,0,,,46041
bert_20260228023827,217145,20260120,1,2832456,liveuamap,705183,PPL,Slobozhans'ke,Kharkiv,1191,Zmiïvs'kyi,41407,36.50512,49.61494,ADM1,1,1,1,1,0,0,0,1,0,0,1,0,0,0,0,0,0,0,0,1,0,0,0,1,0,,,46041
bert_20260228023827,289388,20260120,1,2832457,liveuamap,710374,PPLA2,Chuhuiv,Kharkiv,1191,Chuhu‹vs'kyi,8040,36.67945,49.83527,ADM3,0,0,0,0,0,0,1,0,0,0,0,0,0,0,0,0,0,0,0,1,0,0,0,0,0,,,46041
bert_20260228023827,99100,20260120,1,2832459,liveuamap,697889,PPLA2,Pavlohrad,Dnipropetrovs'k,650,Pavlograd,27918,35.87012,48.53181,ADM3,1,0,0,0,0,0,0,0,0,0,0,0,0,0,0,0,0,0,0,1,0,0,0,0,0,,,46041
bert_20260228023827,250228,20260120,2,"2832461, 2832466",liveuamap,706483,PPLA,Kharkiv,Kharkiv,1191,Kharkivs'ka,17850,36.2312,49.99217,ADM3,1,1,0,1,0,0,0,0,1,0,0,0,0,0,0,0,0,0,0,1,0,0,0,1,0,,,46041
bert_20260228023827,250227,20260120,1,2832462,liveuamap,706483,PPLA,Kharkiv,Kharkiv,1191,Kharkivs'ka,17850,36.2312,49.99217,ADM3,1,1,0,1,0,0,0,0,1,0,0,0,0,0,0,0,0,0,0,0,0,0,0,1,0,,,46041
bert_20260228023827,287129,20260120,1,2832463,liveuamap,709930,PPLA,Dnipro,Dnipropetrovs'k,650,Dnipropetrovs'ka,9966,35.04618,48.46472,ADM3,1,1,1,1,0,0,0,1,0,0,0,0,0,1,0,0,0,0,0,1,0,0,0,0,0,,,46041
bert_20260228023827,287123,20260120,1,2832464,liveuamap,709930,PPLA,Dnipro,Dnipropetrovs'k,650,Dnipropetrovs'ka,9966,35.04618,48.46472,ADM3,1,0,0,0,0,0,0,0,0,0,1,0,0,0,0,0,0,0,0,0,0,0,0,1,0,,,46041
bert_20260228023827,112402,20260120,1,2832465,liveuamap,698740,PPLA,Odessa,Odessa,1800,Odes'ka,26260,30.73169,46.48421,ADM3,1,0,0,0,0,0,0,0,0,0,1,0,0,0,0,0,0,0,0,1,0,0,0,0,0,,,46041
bert_20260228023827,250226,20260120,1,2832467,liveuamap,706483,PPLA,Kharkiv,Kharkiv,1191,Kharkivs'ka,17850,36.2312,49.99217,ADM3,1,0,1,0,0,0,0,0,0,0,0,0,0,0,0,1,0,0,0,0,0,0,0,0,0,,,46041
bert_20260228023827,32672,20260120,1,2832468,liveuamap,689304,PPLA2,Vovchansk,Kharkiv,1191,Vovchans'kyi,39837,36.9368,50.29401,ADM3,1,0,1,0,0,0,0,0,0,0,0,0,0,0,0,1,0,0,0,0,0,0,0,0,0,,,46041
bert_20260228023827,192424,20260120,1,2832469,liveuamap,703656,PPLA2,Kupiansk,Kharkiv,1191,Kupians'ka,19188,37.61478,49.7108,ADM3,1,0,1,0,0,0,0,0,0,0,0,0,0,0,0,1,0,0,0,0,0,0,0,0,0,,,46041
bert_20260228023827,203538,20260120,1,2832470,liveuamap,704422,PPLA2,Pokrovsk,Donets'k,655,Krasnoarmiis'kyi,18918,37.1756,48.28035,ADM3,1,1,1,1,0,0,0,0,1,0,0,0,0,0,0,0,0,0,0,1,0,0,0,0,0,,,46041
bert_20260228023827,287128,20260120,1,2832471,liveuamap,709930,PPLA,Dnipro,Dnipropetrovs'k,650,Dnipropetrovs'ka,9966,35.04618,48.46472,ADM3,1,1,1,1,0,0,0,0,1,0,0,0,0,0,0,0,0,0,0,1,0,0,0,0,0,,,46041
bert_20260228023827,354999,20260120,1,2832472,liveuamap,829795,PPL,Kirove,Zaporizhzhya,2730,Orikhivs'kyi,26748,35.69274,47.65945,ADM3,1,1,1,1,0,0,0,0,1,0,0,0,0,0,0,0,0,0,0,1,0,0,0,0,0,,,46041
bert_20260228023827,26162,20260120,1,2832473,liveuamap,688871,PPL,Vozdvyzhivka,Zaporizhzhya,2730,Novomykola‹vs'kyi,25913,36.07979,47.74727,ADM3,1,1,1,1,0,0,0,0,1,0,0,0,0,0,0,0,0,0,0,1,0,0,0,0,0,,,46041
bert_20260228023827,261538,20260120,1,2832474,liveuamap,707898,PPLA2,Hulyaypole,Zaporizhzhya,2730,Huliaipil's'kyi,14713,36.25322,47.66644,ADM3,1,1,1,1,0,0,0,0,1,0,0,0,0,0,0,0,0,0,0,1,0,0,0,0,0,,,46041
bert_20260228023827,19312,20260120,1,2832475,liveuamap,687700,PPLA,Zaporizhzhya,Zaporizhzhya,2730,Zaporiz'ka,41153,35.13885,47.83831,ADM3,1,1,1,1,0,0,0,0,1,0,0,0,0,0,0,0,0,0,0,1,0,0,0,0,0,,,46041
bert_20260228023827,287943,20260120,1,2832476,liveuamap,710035,PPLA2,Myrnohrad,Donets'k,655,Krasnoarmiis'ka,18917,37.26806,48.29097,ADM3,1,0,1,0,0,0,0,0,0,0,0,0,0,0,0,1,0,0,0,0,0,0,0,0,0,,,46041
bert_20260228023827,203535,20260120,1,2832477,liveuamap,704422,PPLA2,Pokrovsk,Donets'k,655,Krasnoarmiis'kyi,18918,37.1756,48.28035,ADM3,1,0,1,0,0,0,0,0,0,0,0,0,0,0,0,1,0,0,0,0,0,0,0,0,0,,,46041
bert_20260228023827,197356,20260120,2,"2832478, 2832480",liveuamap,704204,PPL,Lyman,Donets'k,655,Krasnolymans'kyi,18941,37.82245,48.96409,ADM3,1,0,1,0,0,0,0,0,0,0,0,0,0,0,0,1,0,0,0,0,0,0,0,0,0,,,46041
bert_20260228023827,365119,20260120,1,2832479,liveuamap,9112183,PPL,Novopavlivka,Donets'k,655,Krasnoarmiis'kyi,18918,37.22614,48.24869,ADM3,1,0,1,0,0,0,0,0,0,0,0,0,0,0,0,1,0,0,0,0,0,0,0,0,0,,,46041
bert_20260228023827,261537,20260120,1,2832481,liveuamap,707898,PPLA2,Hulyaypole,Zaporizhzhya,2730,Huliaipil's'kyi,14713,36.25322,47.66644,ADM3,1,0,1,0,0,0,0,0,0,0,0,0,0,0,0,1,0,0,0,0,0,0,0,0,0,,,46041
bert_20260228023827,57708,20260120,1,2832483,liveuamap,693468,PPL,Sloviansk,Donets'k,655,Slovians'ka,34511,37.60582,48.85227,ADM3,1,0,1,0,0,0,0,0,0,0,0,0,0,0,0,1,0,0,0,0,0,0,0,0,0,,,46041
bert_20260228023827,19309,20260120,1,2832484,liveuamap,687700,PPLA,Zaporizhzhya,Zaporizhzhya,2730,Zaporiz'ka,41153,35.13885,47.83831,ADM3,1,0,1,0,0,0,0,0,0,0,0,0,0,0,0,1,0,0,0,0,0,0,0,0,0,,,46041
bert_20260228023827,360528,20260120,1,2832485,liveuamap,8419787,PPL,Zakumske,Sumy,2356,Sums'kyi,35426,34.64912,50.95537,ADM2,1,1,1,1,0,0,0,0,0,0,0,0,0,0,1,0,0,0,0,0,0,0,0,0,0,,,46041
bert_20260228023827,188274,20260121,2,"3009914, 2870405",liga,703448,PPLC,Kyiv,Kiev City,1210,Shevchenkivs'kyi,33738,30.52355,50.45044,ADM3,0,0,0,0,0,1,0,0,0,0,0,0,0,0,0,0,0,0,0,0,0,0,0,0,0,,,46042
bert_20260228023827,250230,20260121,1,2984791,liga,706483,PPLA,Kharkiv,Kharkiv,1191,Kharkivs'ka,17850,36.2312,49.99217,ADM3,0,0,0,0,0,0,0,0,0,0,0,0,0,0,0,0,0,0,0,0,0,0,0,0,0,,,46042
bert_20260228023827,250231,20260121,1,2984792,liga,706483,PPLA,Kharkiv,Kharkiv,1191,Kharkivs'ka,17850,36.2312,49.99217,ADM3,0,0,0,0,0,0,0,0,0,0,1,0,0,0,0,0,0,0,0,0,0,0,0,0,0,,,46042
bert_20260228023827,188280,20260121,2,"2972077, 2844891","liga, espreso",703448,PPLC,Kyiv,Kiev City,1210,Shevchenkivs'kyi,33738,30.52355,50.45044,ADM3,0,0,1,0,0,0,1,0,0,0,0,0,0,0,0,0,0,0,0,0,0,0,0,0,0,,,46042
bert_20260228023827,323912,20260121,1,2972078,liga,712956,PPL,Bakhmutivka,Luhans'k,1405,Novoaidars'kyi,25882,39.04452,48.86708,ADM3,0,0,1,0,0,0,1,0,0,0,0,0,0,0,0,0,0,0,0,0,0,0,0,0,0,,,46042
bert_20260228023827,357652,20260121,1,2972079,liga,8250815,PPL,Karpaty,Transcarpathia,2491,Mukachivs'kyi,24017,22.8742,48.52159,ADM3,0,0,0,0,0,1,1,0,0,0,0,0,0,0,0,0,0,0,0,1,0,0,0,0,0,,,46042
bert_20260228023827,188285,20260121,1,2965729,liga,703448,PPLC,Kyiv,Kiev City,1210,Shevchenkivs'kyi,33738,30.52355,50.45044,ADM3,1,1,0,1,0,0,0,0,0,0,0,0,0,0,0,0,0,0,0,1,0,0,0,0,0,,,46042
bert_20260228023827,188288,20260121,2,"2946784, 2851171","liga, meduza",703448,PPLC,Kyiv,Kiev City,1210,Shevchenkivs'kyi,33738,30.52355,50.45044,ADM3,1,1,1,1,0,0,0,0,0,0,0,0,0,0,0,0,0,0,0,1,0,0,0,0,0,,,46042
bert_20260228023827,188273,20260121,2,"2896212, 2851185","liga, unian",703448,PPLC,Kyiv,Kiev City,1210,Shevchenkivs'kyi,33738,30.52355,50.45044,ADM3,0,0,0,0,0,0,1,0,0,0,0,0,0,0,0,0,0,0,0,0,0,0,0,0,0,,,46042
bert_20260228023827,29699,20260121,1,2870404,liga,689103,PPL,Volovytsia,Chernihiv,498,Borznians'kyi,5262,32.00406,51.35543,ADM1,0,0,0,0,0,1,0,0,0,0,0,0,0,0,0,0,0,0,0,0,0,0,0,0,0,,,46042
bert_20260228023827,188289,20260121,1,2864086,liga,703448,PPLC,Kyiv,Kiev City,1210,Shevchenkivs'kyi,33738,30.52355,50.45044,ADM3,1,1,1,1,0,0,0,0,0,0,0,0,0,0,0,0,0,0,0,1,0,0,0,1,0,,,46042
bert_20260228023827,188290,20260121,4,"2857832, 2851165, 2851167, 2851182","liga, meduza, unian",703448,PPLC,Kyiv,Kiev City,1210,Shevchenkivs'kyi,33738,30.52355,50.45044,ADM3,1,1,1,1,0,0,0,0,0,0,0,0,0,1,0,0,0,0,0,1,0,0,0,0,0,,,46042
bert_20260228023827,203539,20260121,3,"2851193, 2844893, 2838852","espreso, liveuamap",704422,PPLA2,Pokrovsk,Donets'k,655,Krasnoarmiis'kyi,18918,37.1756,48.28035,ADM3,1,0,1,0,0,0,0,0,0,0,0,0,0,0,0,1,0,0,0,0,0,0,0,0,0,,,46042
bert_20260228023827,154159,20260121,1,2851538,liga,702550,PPLA,Lviv,L'viv,1289,L'vivs'ka,19402,24.0299,49.83932,ADM3,0,0,0,0,0,1,1,0,0,0,0,0,0,0,0,0,0,0,0,0,0,0,0,0,0,,,46042
bert_20260228023827,188275,20260121,1,2851539,liga,703448,PPLC,Kyiv,Kiev City,1210,Shevchenkivs'kyi,33738,30.52355,50.45044,ADM3,0,0,0,0,0,1,1,0,0,0,0,0,0,0,0,0,0,0,0,0,0,0,0,0,0,,,46042
bert_20260228023827,319030,20260121,2,"2844887, 2851175","espreso, unian",712609,PPL,Bilka,Odessa,1800,Ivanivs'kyi,15842,30.40579,46.90822,ADM1,1,1,0,1,0,0,0,0,0,0,1,0,0,0,0,0,0,0,0,1,0,0,0,1,0,,,46042
bert_20260228023827,19317,20260121,1,2844888,espreso,687700,PPLA,Zaporizhzhya,Zaporizhzhya,2730,Zaporiz'ka,41153,35.13885,47.83831,ADM3,1,1,1,1,0,0,0,0,0,0,0,0,1,0,0,0,0,0,0,0,0,0,0,0,0,,,46042
bert_20260228023827,67818,20260121,1,2844889,espreso,693805,PPLA2,Simferopol,Crimea,579,Simferopol's'ka,34229,34.09941,44.95363,ADM3,1,1,1,0,1,0,0,0,0,0,0,0,1,0,1,0,0,0,0,0,0,0,0,0,0,,,46042
bert_20260228023827,188279,20260121,1,2844890,espreso,703448,PPLC,Kyiv,Kiev City,1210,Shevchenkivs'kyi,33738,30.52355,50.45044,ADM3,1,0,1,0,0,0,0,0,0,0,0,0,0,0,0,0,0,0,0,0,0,0,1,1,0,,,46042
bert_20260228023827,188272,20260121,1,2844892,espreso,703448,PPLC,Kyiv,Kiev City,1210,Shevchenkivs'kyi,33738,30.52355,50.45044,ADM3,1,0,0,0,0,0,0,0,0,0,0,0,0,0,0,0,0,0,0,0,0,0,0,0,0,,,46042
bert_20260228023827,376810,20260121,2,"2844894, 2838855","espreso, liveuamap",9532052,PPL,Huliaipilske,Zaporizhzhya,2730,Huliaipil's'kyi,14713,36.06122,47.61272,ADM3,1,0,1,0,0,0,0,0,0,0,0,0,0,0,0,1,0,0,0,0,0,0,0,0,0,,,46042
bert_20260228023827,19318,20260121,1,2845231,liga,687700,PPLA,Zaporizhzhya,Zaporizhzhya,2730,Zaporiz'ka,41153,35.13885,47.83831,ADM3,1,1,1,1,0,0,0,0,0,0,1,0,0,0,0,0,0,0,0,1,0,0,0,0,0,,,46042
bert_20260228023827,188271,20260121,4,"2845232, 2851183, 2851186, 2844886","liga, unian",703448,PPLC,Kyiv,Kiev City,1210,Shevchenkivs'kyi,33738,30.52355,50.45044,ADM3,0,0,0,0,0,0,0,0,0,0,0,0,0,0,0,0,0,0,0,0,0,0,0,0,0,,,46042
bert_20260228023827,192427,20260121,1,2845233,liga,703656,PPLA2,Kupiansk,Kharkiv,1191,Kupians'ka,19188,37.61478,49.7108,ADM3,1,1,1,0,0,0,0,0,0,0,0,0,0,0,1,0,0,0,1,0,0,0,0,0,0,,,46042
bert_20260228023827,188282,20260121,1,2845234,liga,703448,PPLC,Kyiv,Kiev City,1210,Shevchenkivs'kyi,33738,30.52355,50.45044,ADM3,0,0,1,0,0,1,0,0,0,0,0,0,1,0,0,0,0,0,0,0,0,0,0,0,0,,,46042
bert_20260228023827,188287,20260121,1,2845235,liga,703448,PPLC,Kyiv,Kiev City,1210,Shevchenkivs'kyi,33738,30.52355,50.45044,ADM3,0,1,1,0,0,0,1,0,0,0,0,0,0,0,0,0,0,0,0,0,0,0,0,0,0,,,46042
bert_20260228023827,188281,20260121,1,2845236,liga,703448,PPLC,Kyiv,Kiev City,1210,Shevchenkivs'kyi,33738,30.52355,50.45044,ADM3,0,0,1,0,0,1,0,0,0,0,0,0,0,0,0,0,0,0,0,0,0,0,0,1,0,,,46042
bert_20260228023827,19316,20260121,1,2845237,liga,687700,PPLA,Zaporizhzhya,Zaporizhzhya,2730,Zaporiz'ka,41153,35.13885,47.83831,ADM3,1,1,1,1,0,0,0,0,0,0,0,0,0,0,1,0,0,0,0,0,0,0,0,0,0,,,46042
bert_20260228023827,19313,20260121,1,2845238,liga,687700,PPLA,Zaporizhzhya,Zaporizhzhya,2730,Zaporiz'ka,41153,35.13885,47.83831,ADM3,0,0,0,0,0,1,0,0,0,0,0,0,1,0,0,0,0,0,0,0,0,0,0,0,0,,,46042
bert_20260228023827,188277,20260121,1,2845239,liga,703448,PPLC,Kyiv,Kiev City,1210,Shevchenkivs'kyi,33738,30.52355,50.45044,ADM3,0,0,1,0,0,0,0,0,0,0,0,0,0,0,0,0,0,0,0,0,0,0,0,0,0,,,46042
bert_20260228023827,112407,20260121,1,2845240,liga,698740,PPLA,Odessa,Odessa,1800,Odes'ka,26260,30.73169,46.48421,ADM3,1,0,0,0,0,0,1,0,0,0,0,0,0,0,0,0,0,0,0,0,0,0,0,0,0,,,46042
bert_20260228023827,188284,20260121,1,2851164,meduza,703448,PPLC,Kyiv,Kiev City,1210,Shevchenkivs'kyi,33738,30.52355,50.45044,ADM3,1,1,0,1,0,0,0,0,0,0,0,0,0,0,0,0,0,0,0,0,0,0,0,0,0,,,46042
bert_20260228023827,188286,20260121,1,2851166,meduza,703448,PPLC,Kyiv,Kiev City,1210,Shevchenkivs'kyi,33738,30.52355,50.45044,ADM3,1,1,0,1,0,0,0,0,0,0,0,0,0,1,0,0,0,0,0,1,0,0,0,0,0,,,46042
bert_20260228023827,250234,20260121,1,2851169,meduza,706483,PPLA,Kharkiv,Kharkiv,1191,Kharkivs'ka,17850,36.2312,49.99217,ADM3,1,1,1,1,0,0,0,0,0,0,0,0,0,1,0,0,0,0,0,1,0,0,0,0,0,,,46042
bert_20260228023827,188278,20260121,1,2851170,meduza,703448,PPLC,Kyiv,Kiev City,1210,Shevchenkivs'kyi,33738,30.52355,50.45044,ADM3,1,0,1,0,0,0,0,0,0,0,0,0,0,0,0,0,0,0,0,0,0,0,0,0,0,,,46042
bert_20260228023827,373686,20260121,2,"2851172, 2844885",unian,9114542,PPL,Novyi,Luhans'k,1405,Krasnoluts'ka,18939,38.59081,48.49995,ADM3,0,0,0,0,0,0,1,0,0,0,0,0,0,0,0,0,0,0,0,0,0,0,0,0,0,,,46042
bert_20260228023827,203540,20260121,1,2851173,unian,704422,PPLA2,Pokrovsk,Donets'k,655,Krasnoarmiis'kyi,18918,37.1756,48.28035,ADM3,1,0,1,0,1,0,0,0,0,0,0,0,0,0,0,0,0,0,0,0,0,0,0,0,0,,,46042
bert_20260228023827,287131,20260121,1,2851174,unian,709930,PPLA,Dnipro,Dnipropetrovs'k,650,Dnipropetrovs'ka,9966,35.04618,48.46472,ADM3,1,1,0,1,0,0,0,0,0,0,1,0,0,0,0,0,0,0,0,1,0,0,0,1,0,,,46042
bert_20260228023827,188283,20260121,1,2851176,unian,703448,PPLC,Kyiv,Kiev City,1210,Shevchenkivs'kyi,33738,30.52355,50.45044,ADM3,1,0,1,1,0,0,0,0,0,0,0,0,0,0,0,0,0,0,0,1,0,0,0,0,0,,,46042
bert_20260228023827,192428,20260121,1,2851177,unian,703656,PPLA2,Kupiansk,Kharkiv,1191,Kupians'ka,19188,37.61478,49.7108,ADM3,1,1,1,1,1,0,0,0,0,0,0,0,0,0,1,0,0,0,0,0,0,0,0,0,0,,,46042
bert_20260228023827,319029,20260121,1,2851178,unian,712609,PPL,Bilka,Odessa,1800,Ivanivs'kyi,15842,30.40579,46.90822,ADM1,0,0,0,0,0,0,0,0,0,0,0,0,0,0,0,0,0,0,0,0,0,0,0,0,0,,,46042
bert_20260228023827,197357,20260121,1,2851179,unian,704204,PPL,Lyman,Donets'k,655,Krasnolymans'kyi,18941,37.82245,48.96409,ADM3,1,1,1,1,0,0,0,0,0,0,1,0,0,0,1,0,0,0,0,0,0,0,0,0,0,,,46042
bert_20260228023827,38223,20260121,1,2851180,unian,690773,PPL,Ukrainka,Kiev,1209,Obukhivs'kyi,26204,30.74207,50.15372,ADM3,0,0,0,0,0,1,0,0,0,0,0,0,0,0,0,0,0,0,0,0,0,0,0,0,0,,,46042
bert_20260228023827,37815,20260121,1,2851181,unian,690771,PPL,Ukrainsk,Donets'k,655,Mar‹ns'kyi,21886,37.35866,48.09471,ADM3,0,0,0,0,0,1,1,0,0,0,0,0,0,0,0,0,0,0,0,0,0,0,0,0,0,,,46042
bert_20260228023827,49223,20260121,1,2851184,unian,692194,PPLA,Sumy,Sumy,2356,Sums'ka,35425,34.80276,50.91198,ADM3,0,1,1,0,0,1,0,0,0,0,0,0,0,0,0,0,0,0,0,0,0,0,0,0,0,,,46042
bert_20260228023827,289801,20260121,1,2851187,unian,710403,PPLQ,Chornobyl,Kiev,1209,Ivankivs'kyi,15844,30.211,51.27784,ADM3,1,1,1,1,0,0,0,0,1,0,1,0,0,0,0,0,0,0,0,1,0,0,0,1,0,,,46042
bert_20260228023827,112408,20260121,1,2851188,unian,698740,PPLA,Odessa,Odessa,1800,Odes'ka,26260,30.73169,46.48421,ADM3,0,1,1,0,0,1,1,0,0,0,0,0,1,0,0,0,0,0,0,0,0,0,0,0,0,,,46042
bert_20260228023827,188276,20260121,1,2851189,unian,703448,PPLC,Kyiv,Kiev City,1210,Shevchenkivs'kyi,33738,30.52355,50.45044,ADM3,0,0,0,1,0,0,0,0,0,0,0,0,0,0,0,0,0,0,0,1,0,0,0,0,0,,,46042
bert_20260228023827,359362,20260121,1,2838826,liga,8281918,PPL,Posich,Transcarpathia,2491,Khusts'kyi,18005,23.41312,48.22076,ADM1,0,0,0,0,0,1,1,0,0,0,0,0,0,0,0,0,0,0,0,0,0,0,0,0,0,,,46042
bert_20260228023827,112406,20260121,1,2838827,liga,698740,PPLA,Odessa,Odessa,1800,Odes'ka,26260,30.73169,46.48421,ADM3,0,0,0,0,0,0,1,0,0,0,0,0,0,0,0,0,0,0,0,1,0,0,0,0,0,,,46042
bert_20260228023827,19315,20260121,2,"2838828, 2838829",liveuamap,687700,PPLA,Zaporizhzhya,Zaporizhzhya,2730,Zaporiz'ka,41153,35.13885,47.83831,ADM3,1,1,0,1,0,0,0,0,0,0,0,0,0,1,0,0,0,0,0,1,0,0,0,1,0,,,46042
bert_20260228023827,19321,20260121,1,2838830,liveuamap,687700,PPLA,Zaporizhzhya,Zaporizhzhya,2730,Zaporiz'ka,41153,35.13885,47.83831,ADM3,1,1,1,1,0,0,0,1,0,0,1,0,0,0,0,0,0,0,0,0,0,0,0,0,0,,,46042
bert_20260228023827,250233,20260121,1,2838831,liveuamap,706483,PPLA,Kharkiv,Kharkiv,1191,Kharkivs'ka,17850,36.2312,49.99217,ADM3,1,1,0,1,0,0,0,0,0,0,0,0,0,1,0,0,0,0,0,1,0,0,0,1,0,,,46042
bert_20260228023827,19314,20260121,1,2838832,liveuamap,687700,PPLA,Zaporizhzhya,Zaporizhzhya,2730,Zaporiz'ka,41153,35.13885,47.83831,ADM3,1,1,0,0,1,0,0,0,0,0,1,0,0,0,0,0,0,0,0,0,0,0,0,0,0,,,46042
bert_20260228023827,90602,20260121,1,2838833,liveuamap,696329,PPL,Prybirsk,Kiev,1209,Ivankivs'kyi,15844,30.00968,51.01313,ADM3,1,1,1,1,0,0,0,0,0,0,0,0,0,0,0,0,0,0,0,1,0,0,0,0,0,,,46042
bert_20260228023827,157836,20260121,1,2838834,liveuamap,702658,PPLA,Luhansk,Luhans'k,1405,Luhans'ka,20910,39.30771,48.5739,ADM3,1,1,1,0,1,0,0,0,0,0,0,0,0,0,0,0,0,1,0,1,0,0,0,0,0,,,46042
bert_20260228023827,157835,20260121,1,2838835,liveuamap,702658,PPLA,Luhansk,Luhans'k,1405,Luhans'ka,20910,39.30771,48.5739,ADM3,1,1,1,0,0,0,0,0,0,0,0,0,0,0,0,0,0,0,1,1,0,0,0,0,0,,,46042
bert_20260228023827,131263,20260121,1,2838836,liveuamap,700569,PPLA,Mykolayiv,Mykolayiv,1628,Mykola‹vs'ka,24267,31.99381,46.97557,ADM3,1,0,1,0,0,0,0,0,0,0,0,0,0,0,0,0,0,0,0,1,0,0,0,0,0,,,46042
bert_20260228023827,192426,20260121,1,2838837,liveuamap,703656,PPLA2,Kupiansk,Kharkiv,1191,Kupians'ka,19188,37.61478,49.7108,ADM3,1,0,1,0,0,0,0,0,0,0,0,0,0,0,0,1,0,0,0,0,0,0,0,0,0,,,46042
bert_20260228023827,250235,20260121,1,2838838,liveuamap,706483,PPLA,Kharkiv,Kharkiv,1191,Kharkivs'ka,17850,36.2312,49.99217,ADM3,1,1,1,1,0,0,0,0,1,0,0,0,0,0,0,0,0,0,0,1,0,0,0,0,0,,,46042
bert_20260228023827,287133,20260121,1,2838839,liveuamap,709930,PPLA,Dnipro,Dnipropetrovs'k,650,Dnipropetrovs'ka,9966,35.04618,48.46472,ADM3,1,1,1,1,0,0,0,0,1,0,0,0,0,0,0,0,0,0,0,1,0,0,0,0,0,,,46042
bert_20260228023827,208607,20260121,1,2838840,liveuamap,705104,PPL,Kostiantynivka,Donets'k,655,Kostiantynivs'ka,18738,37.69368,48.53467,ADM3,1,1,1,1,0,0,0,0,1,0,0,0,0,0,0,0,0,0,0,1,0,0,0,0,0,,,46042
bert_20260228023827,82426,20260121,1,2838841,liveuamap,695094,PPLX,Ruttschenkowo,Donets'k,655,Donets'ka,10139,37.67529,47.95508,ADM1,1,1,1,1,0,0,0,0,1,0,0,0,0,0,0,0,0,0,0,1,0,0,0,0,0,,,46042
bert_20260228023827,44346,20260121,1,2838842,liveuamap,691639,PPL,Ternuvate,Dnipropetrovs'k,650,Pokrovs'kyi,28862,36.13247,47.82975,ADM3,1,1,1,1,0,0,0,0,1,0,0,0,0,0,0,0,0,0,0,1,0,0,0,0,0,,,46042
bert_20260228023827,304917,20260121,1,2838843,liveuamap,710925,PPL,Charivne,Zaporizhzhya,2730,Orikhivs'kyi,26748,36.03595,47.58161,ADM3,1,1,1,1,0,0,0,0,1,0,0,0,0,0,0,0,0,0,0,1,0,0,0,0,0,,,46042
bert_20260228023827,20574,20260121,1,2838844,liveuamap,688228,PPL,Dibrovy,Kirovohrad,1222,Oleksandriis'kyi,26476,33.06403,48.78726,ADM3,1,1,1,1,0,0,0,0,1,0,0,0,0,0,0,0,0,0,0,1,0,0,0,0,0,,,46042
bert_20260228023827,19319,20260121,1,2838845,liveuamap,687700,PPLA,Zaporizhzhya,Zaporizhzhya,2730,Zaporiz'ka,41153,35.13885,47.83831,ADM3,1,1,1,1,0,0,0,0,1,0,0,0,0,0,0,0,0,0,0,1,0,0,0,0,0,,,46042
bert_20260228023827,55613,20260121,1,2838846,liveuamap,693065,PPLX,Sotsmisto,Donets'k,655,Kramators'ka,18898,37.5844,48.73898,ADM3,1,0,1,0,0,0,0,0,0,0,0,0,0,0,0,1,0,0,0,0,0,0,0,0,0,,,46042
bert_20260228023827,89973,20260121,1,2838847,liveuamap,696218,PPL,Pryvillia,Luhans'k,1405,Popasnians'kyi,28982,38.30109,48.99971,ADM3,1,0,1,0,0,0,0,0,0,0,0,0,0,0,0,1,0,0,0,0,0,0,0,0,0,,,46042
bert_20260228023827,217413,20260121,1,2838848,liveuamap,705408,PPL,Kolodiazi,Donets'k,655,Krasnolymans'kyi,18941,37.88154,49.08314,ADM3,1,0,1,0,0,0,0,0,0,0,0,0,0,0,0,1,0,0,0,0,0,0,0,0,0,,,46042
bert_20260228023827,250232,20260121,1,2838849,liveuamap,706483,PPLA,Kharkiv,Kharkiv,1191,Kharkivs'ka,17850,36.2312,49.99217,ADM3,1,0,1,0,0,0,0,0,0,0,0,0,0,0,0,1,0,0,0,0,0,0,0,0,0,,,46042
bert_20260228023827,208606,20260121,1,2838850,liveuamap,705104,PPL,Kostiantynivka,Donets'k,655,Kostiantynivs'ka,18738,37.69368,48.53467,ADM3,1,0,1,0,0,0,0,0,0,0,0,0,0,0,0,1,0,0,0,0,0,0,0,0,0,,,46042
bert_20260228023827,57709,20260121,1,2838851,liveuamap,693468,PPL,Sloviansk,Donets'k,655,Slovians'ka,34511,37.60582,48.85227,ADM3,1,0,1,0,0,0,0,0,0,0,1,0,0,0,0,1,0,0,0,0,0,0,0,0,0,,,46042
bert_20260228023827,287944,20260121,1,2838853,liveuamap,710035,PPLA2,Myrnohrad,Donets'k,655,Krasnoarmiis'ka,18917,37.26806,48.29097,ADM3,1,0,1,0,0,0,0,0,0,0,0,0,0,0,0,1,0,0,0,0,0,0,0,0,0,,,46042
bert_20260228023827,261539,20260121,1,2838856,liveuamap,707898,PPLA2,Hulyaypole,Zaporizhzhya,2730,Huliaipil's'kyi,14713,36.25322,47.66644,ADM3,1,0,1,0,0,0,0,0,0,0,0,0,0,0,0,1,0,0,0,0,0,0,0,0,0,,,46042
bert_20260228023827,93757,20260121,1,2838857,liveuamap,696643,PPLA,Poltava,Poltava,1956,Poltavs'ka,28898,34.55125,49.58953,ADM3,1,1,1,1,0,0,0,0,1,0,0,0,0,0,0,0,0,0,0,1,0,0,0,0,0,,,46042
bert_20260228023827,287130,20260121,1,2838858,liveuamap,709930,PPLA,Dnipro,Dnipropetrovs'k,650,Dnipropetrovs'ka,9966,35.04618,48.46472,ADM3,1,1,0,1,0,0,0,0,0,0,0,0,0,1,0,0,0,0,0,1,0,0,0,1,0,,,46042
bert_20260228023827,112409,20260121,1,2838859,liveuamap,698740,PPLA,Odessa,Odessa,1800,Odes'ka,26260,30.73169,46.48421,ADM3,1,1,1,0,1,0,0,1,0,0,1,0,0,0,0,0,0,1,0,1,0,0,0,0,0,,,46042
bert_20260228023827,19320,20260121,1,2838860,liveuamap,687700,PPLA,Zaporizhzhya,Zaporizhzhya,2730,Zaporiz'ka,41153,35.13885,47.83831,ADM3,1,1,1,1,0,0,0,0,1,0,1,0,0,0,0,0,0,0,0,1,0,0,0,1,0,,,46042
bert_20260228023827,294893,20260121,1,2838861,liveuamap,710735,PPLA,Chernihiv,Chernihiv,498,Chernihivs'ka,7660,31.29865,51.49101,ADM3,1,1,1,1,0,0,0,0,1,0,0,0,0,1,0,0,0,0,0,1,0,0,0,0,0,,,46042
bert_20260228023827,287132,20260121,1,2838862,liveuamap,709930,PPLA,Dnipro,Dnipropetrovs'k,650,Dnipropetrovs'ka,9966,35.04618,48.46472,ADM3,1,1,1,1,0,0,0,0,0,0,0,0,0,0,0,0,1,0,0,1,0,0,0,1,0,,,46042
bert_20260228023827,287134,20260121,1,2838863,liveuamap,709930,PPLA,Dnipro,Dnipropetrovs'k,650,Dnipropetrovs'ka,9966,35.04618,48.46472,ADM3,1,1,1,1,0,0,0,1,0,0,1,0,0,1,0,0,0,0,0,1,0,0,0,0,0,,,46042
bert_20260228023827,34510,20260121,1,2838864,liveuamap,689558,PPLA,Vinnytsya,Vinnytsya,2611,Vinnyts'ka,39646,28.46868,49.23256,ADM3,1,1,1,1,0,0,0,0,0,0,0,0,0,1,0,0,0,0,0,1,0,0,0,1,0,,,46042
bert_20260228023827,188291,20260121,1,2838865,liveuamap,703448,PPLC,Kyiv,Kiev City,1210,Shevchenkivs'kyi,33738,30.52355,50.45044,ADM3,1,1,1,1,0,0,0,0,0,0,0,0,0,1,0,0,0,0,0,1,0,0,0,1,0,,,46042
bert_20260228023827,188294,20260122,2,"3009924, 2870417",liga,703448,PPLC,Kyiv,Kiev City,1210,Shevchenkivs'kyi,33738,30.52355,50.45044,ADM3,0,0,0,0,0,1,0,0,0,0,0,0,0,0,0,0,0,0,0,0,0,0,0,0,0,,,46043
bert_20260228023827,250236,20260122,2,"2984802, 2857477","liga, unian",706483,PPLA,Kharkiv,Kharkiv,1191,Kharkivs'ka,17850,36.2312,49.99217,ADM3,0,0,0,0,0,0,0,0,0,0,0,0,0,0,0,0,0,0,0,0,0,0,0,0,0,,,46043
bert_20260228023827,250237,20260122,1,2984803,liga,706483,PPLA,Kharkiv,Kharkiv,1191,Kharkivs'ka,17850,36.2312,49.99217,ADM3,0,0,0,0,0,0,0,0,0,0,1,0,0,0,0,0,0,0,0,0,0,0,0,0,0,,,46043
bert_20260228023827,188298,20260122,2,"2972090, 2851198","liga, espreso",703448,PPLC,Kyiv,Kiev City,1210,Shevchenkivs'kyi,33738,30.52355,50.45044,ADM3,0,0,1,0,0,0,1,0,0,0,0,0,0,0,0,0,0,0,0,0,0,0,0,0,0,,,46043
bert_20260228023827,323913,20260122,1,2972091,liga,712956,PPL,Bakhmutivka,Luhans'k,1405,Novoaidars'kyi,25882,39.04452,48.86708,ADM3,0,0,1,0,0,0,1,0,0,0,0,0,0,0,0,0,0,0,0,0,0,0,0,0,0,,,46043
bert_20260228023827,357653,20260122,1,2972092,liga,8250815,PPL,Karpaty,Transcarpathia,2491,Mukachivs'kyi,24017,22.8742,48.52159,ADM3,0,0,0,0,0,1,1,0,0,0,0,0,0,0,0,0,0,0,0,1,0,0,0,0,0,,,46043
bert_20260228023827,188299,20260122,1,2965739,liga,703448,PPLC,Kyiv,Kiev City,1210,Shevchenkivs'kyi,33738,30.52355,50.45044,ADM3,1,1,0,1,0,0,0,0,0,0,0,0,0,0,0,0,0,0,0,1,0,0,0,0,0,,,46043
bert_20260228023827,188300,20260122,1,2946794,liga,703448,PPLC,Kyiv,Kiev City,1210,Shevchenkivs'kyi,33738,30.52355,50.45044,ADM3,1,1,1,1,0,0,0,0,0,0,0,0,0,0,0,0,0,0,0,1,0,0,0,0,0,,,46043
bert_20260228023827,188293,20260122,4,"2896222, 2857476, 2857480, 2851190","liga, unian",703448,PPLC,Kyiv,Kiev City,1210,Shevchenkivs'kyi,33738,30.52355,50.45044,ADM3,0,0,0,0,0,0,1,0,0,0,0,0,0,0,0,0,0,0,0,0,0,0,0,0,0,,,46043
bert_20260228023827,29700,20260122,1,2870416,liga,689103,PPL,Volovytsia,Chernihiv,498,Borznians'kyi,5262,32.00406,51.35543,ADM1,0,0,0,0,0,1,0,0,0,0,0,0,0,0,0,0,0,0,0,0,0,0,0,0,0,,,46043
bert_20260228023827,188301,20260122,1,2864097,liga,703448,PPLC,Kyiv,Kiev City,1210,Shevchenkivs'kyi,33738,30.52355,50.45044,ADM3,1,1,1,1,0,0,0,0,0,0,0,0,0,0,0,0,0,0,0,1,0,0,0,1,0,,,46043
bert_20260228023827,188302,20260122,1,2857844,liga,703448,PPLC,Kyiv,Kiev City,1210,Shevchenkivs'kyi,33738,30.52355,50.45044,ADM3,1,1,1,1,0,0,0,0,0,0,0,0,0,1,0,0,0,0,0,1,0,0,0,0,0,,,46043
bert_20260228023827,82427,20260122,1,2851194,espreso,695094,PPLX,Ruttschenkowo,Donets'k,655,Donets'ka,10139,37.67529,47.95508,ADM1,0,0,0,0,0,0,0,0,0,0,0,0,0,0,0,0,0,0,0,0,0,0,0,0,0,,,46043
bert_20260228023827,203541,20260122,1,2851195,espreso,704422,PPLA2,Pokrovsk,Donets'k,655,Krasnoarmiis'kyi,18918,37.1756,48.28035,ADM3,1,1,1,0,0,0,0,0,1,0,0,0,0,0,0,1,0,0,0,0,0,0,1,0,0,,,46043
bert_20260228023827,376811,20260122,1,2851196,espreso,9532052,PPL,Huliaipilske,Zaporizhzhya,2730,Huliaipil's'kyi,14713,36.06122,47.61272,ADM3,1,1,1,0,0,0,0,0,1,0,0,0,0,0,0,1,0,0,0,0,0,0,1,0,0,,,46043
bert_20260228023827,89722,20260122,2,"2851197, 2857483","espreso, unian",696032,PPLA2,Pustomyty,L'viv,1289,Pustomytivs'kyi,29580,23.91674,49.71749,ADM1,1,1,1,1,0,0,0,0,0,0,0,0,1,0,0,0,0,0,0,1,0,0,0,0,0,,,46043
bert_20260228023827,188303,20260122,1,2851199,espreso,703448,PPLC,Kyiv,Kiev City,1210,Shevchenkivs'kyi,33738,30.52355,50.45044,ADM3,1,1,1,1,0,0,0,0,0,0,0,0,0,1,0,0,0,0,0,1,0,0,0,1,0,,,46043
bert_20260228023827,67822,20260122,1,2851200,espreso,693805,PPLA2,Simferopol,Crimea,579,Simferopol's'ka,34229,34.09941,44.95363,ADM3,1,1,1,0,1,0,0,1,0,0,0,0,0,0,0,0,0,1,0,0,0,0,0,0,0,,,46043
bert_20260228023827,287135,20260122,1,2851201,espreso,709930,PPLA,Dnipro,Dnipropetrovs'k,650,Dnipropetrovs'ka,9966,35.04618,48.46472,ADM3,1,1,0,1,0,0,0,0,0,0,0,0,0,0,0,0,0,0,0,1,0,0,0,1,0,,,46043
bert_20260228023827,157837,20260122,1,2851202,espreso,702658,PPLA,Luhansk,Luhans'k,1405,Luhans'ka,20910,39.30771,48.5739,ADM3,1,1,1,1,0,0,0,0,0,0,0,0,0,0,0,0,0,0,0,0,0,0,0,0,0,,,46043
bert_20260228023827,217146,20260122,1,2851203,espreso,705183,PPL,Slobozhans'ke,Kharkiv,1191,Zmiïvs'kyi,41407,36.50512,49.61494,ADM1,0,0,0,0,0,0,0,0,0,0,0,0,0,0,0,0,0,0,0,0,0,0,0,0,0,,,46043
bert_20260228023827,319032,20260122,1,2851204,espreso,712609,PPL,Bilka,Odessa,1800,Ivanivs'kyi,15842,30.40579,46.90822,ADM1,1,1,1,1,0,0,0,0,0,0,1,0,0,0,0,0,0,0,0,1,0,0,0,1,0,,,46043
bert_20260228023827,306862,20260122,1,2851205,espreso,711503,PPLX,Bazhanovo,Dnipropetrovs'k,650,KryvyiRig,19033,33.436,47.96127,ADM3,1,1,1,1,0,0,0,0,0,0,1,0,0,0,0,0,0,0,0,1,0,0,0,1,0,,,46043
bert_20260228023827,203542,20260122,1,2851206,espreso,704422,PPLA2,Pokrovsk,Donets'k,655,Krasnoarmiis'kyi,18918,37.1756,48.28035,ADM3,1,1,1,1,0,0,0,0,0,0,0,0,0,0,0,1,0,0,0,0,0,0,1,0,0,,,46043
bert_20260228023827,30006,20260122,1,2851542,liga,689131,PPL,Voloshky,Volyn,2623,Kovel's'kyi,18846,24.87053,51.19091,ADM1,0,0,1,0,0,1,0,0,0,0,0,0,1,0,0,0,0,0,0,0,0,0,0,0,0,,,46043
bert_20260228023827,250238,20260122,1,2851543,liga,706483,PPLA,Kharkiv,Kharkiv,1191,Kharkivs'ka,17850,36.2312,49.99217,ADM3,1,1,0,1,0,1,0,0,0,0,0,0,0,0,0,0,0,0,0,0,0,0,0,1,0,,,46043
bert_20260228023827,287137,20260122,1,2851544,liga,709930,PPLA,Dnipro,Dnipropetrovs'k,650,Dnipropetrovs'ka,9966,35.04618,48.46472,ADM3,1,1,0,1,0,0,0,0,1,0,0,0,0,1,0,0,0,0,0,1,0,0,0,1,0,,,46043
bert_20260228023827,203543,20260122,1,2851545,liga,704422,PPLA2,Pokrovsk,Donets'k,655,Krasnoarmiis'kyi,18918,37.1756,48.28035,ADM3,1,1,1,1,0,0,0,0,0,0,0,0,0,0,1,0,0,0,0,0,0,0,0,0,0,,,46043
bert_20260228023827,67820,20260122,1,2851546,liga,693805,PPLA2,Simferopol,Crimea,579,Simferopol's'ka,34229,34.09941,44.95363,ADM3,1,1,1,0,0,0,0,1,0,0,0,0,0,0,0,0,0,1,0,1,0,0,0,0,0,,,46043
bert_20260228023827,188295,20260122,1,2851547,liga,703448,PPLC,Kyiv,Kiev City,1210,Shevchenkivs'kyi,33738,30.52355,50.45044,ADM3,0,0,0,0,0,1,0,0,0,0,0,0,0,0,0,0,0,0,0,1,0,0,0,0,0,,,46043
bert_20260228023827,306861,20260122,1,2851548,liga,711503,PPLX,Bazhanovo,Dnipropetrovs'k,650,KryvyiRig,19033,33.436,47.96127,ADM3,1,1,0,1,0,0,0,0,0,0,0,0,0,0,0,0,0,0,0,1,0,0,0,1,0,,,46043
bert_20260228023827,89723,20260122,1,2851549,liga,696032,PPLA2,Pustomyty,L'viv,1289,Pustomytivs'kyi,29580,23.91674,49.71749,ADM1,1,1,1,1,0,0,0,0,0,0,0,0,1,1,0,0,0,0,0,1,0,0,0,1,0,,,46043
bert_20260228023827,112411,20260122,1,2851550,liga,698740,PPLA,Odessa,Odessa,1800,Odes'ka,26260,30.73169,46.48421,ADM3,1,0,1,0,1,0,0,0,0,0,1,0,0,0,0,0,0,0,0,1,0,0,0,1,0,,,46043
bert_20260228023827,154161,20260122,1,2851551,liga,702550,PPLA,Lviv,L'viv,1289,L'vivs'ka,19402,24.0299,49.83932,ADM3,0,0,0,0,0,1,1,0,0,0,0,0,0,0,0,0,0,0,0,0,0,0,0,0,0,,,46043
bert_20260228023827,188296,20260122,1,2851552,liga,703448,PPLC,Kyiv,Kiev City,1210,Shevchenkivs'kyi,33738,30.52355,50.45044,ADM3,0,0,0,0,0,1,1,0,0,0,0,0,0,0,0,0,0,0,0,0,0,0,0,0,0,,,46043
bert_20260228023827,154160,20260122,1,2857478,unian,702550,PPLA,Lviv,L'viv,1289,L'vivs'ka,19402,24.0299,49.83932,ADM3,0,0,0,0,0,0,1,0,0,0,0,0,0,0,0,0,0,0,0,0,0,0,0,0,0,,,46043
bert_20260228023827,82428,20260122,1,2857479,unian,695094,PPLX,Ruttschenkowo,Donets'k,655,Donets'ka,10139,37.67529,47.95508,ADM1,1,1,1,0,1,0,0,0,0,0,0,0,0,0,1,0,0,0,1,0,0,0,0,0,0,,,46043
bert_20260228023827,260102,20260122,1,2857481,unian,707688,PPL,Chornomors'k,Odessa,1800,Ovidiopol's'kyi,27181,30.66422,46.3035,ADM3,1,1,0,1,0,0,0,0,0,0,1,0,0,0,0,0,0,0,0,0,0,0,0,1,0,,,46043
bert_20260228023827,319031,20260122,1,2857482,unian,712609,PPL,Bilka,Odessa,1800,Ivanivs'kyi,15842,30.40579,46.90822,ADM1,1,1,0,1,0,0,0,0,0,0,1,0,0,0,0,0,0,0,0,0,0,0,0,1,0,,,46043
bert_20260228023827,217147,20260122,1,2857484,unian,705183,PPL,Slobozhans'ke,Kharkiv,1191,Zmiïvs'kyi,41407,36.50512,49.61494,ADM1,1,1,1,1,1,0,0,0,0,0,0,0,0,0,1,0,0,0,0,0,0,0,0,0,0,,,46043
bert_20260228023827,188305,20260122,1,2857485,unian,703448,PPLC,Kyiv,Kiev City,1210,Shevchenkivs'kyi,33738,30.52355,50.45044,ADM3,1,1,1,1,0,0,0,1,0,0,1,0,0,0,0,0,0,0,0,0,0,0,0,0,0,,,46043
bert_20260228023827,287136,20260122,1,2857486,unian,709930,PPLA,Dnipro,Dnipropetrovs'k,650,Dnipropetrovs'ka,9966,35.04618,48.46472,ADM3,1,1,0,1,0,0,0,0,0,0,1,0,0,0,0,0,0,0,0,1,0,0,0,1,0,,,46043
bert_20260228023827,261540,20260122,1,2857487,unian,707898,PPLA2,Hulyaypole,Zaporizhzhya,2730,Huliaipil's'kyi,14713,36.25322,47.66644,ADM3,1,1,1,1,0,0,0,0,0,0,0,0,0,0,1,0,0,0,1,0,0,0,0,0,0,,,46043
bert_20260228023827,383231,20260122,1,2857488,unian,10323823,PPLX,Miskyi Ostriv,Donets'k,655,Mariupol's'ka,22073,37.57421,47.09605,ADM3,1,1,1,1,0,0,0,0,0,0,0,0,0,0,0,0,0,0,0,1,0,0,0,0,0,,,46043
bert_20260228023827,143758,20260122,1,2857489,unian,701822,PPL,Mariupol,Donets'k,655,Mariupol's'ka,22073,37.54144,47.0967,ADM3,1,1,1,1,0,0,0,0,0,0,0,0,0,0,0,0,0,0,0,1,0,0,0,0,0,,,46043
bert_20260228023827,67821,20260122,1,2857490,unian,693805,PPLA2,Simferopol,Crimea,579,Simferopol's'ka,34229,34.09941,44.95363,ADM3,1,1,1,0,1,0,0,0,0,0,1,0,0,0,0,0,0,1,1,1,0,0,0,0,0,,,46043
bert_20260228023827,266607,20260122,1,2857491,unian,709334,PPLA2,Dzhankoi,Crimea,579,Dzhankois'kyi,10516,34.39287,45.71335,ADM3,1,1,1,0,1,0,0,0,0,0,1,0,0,0,0,0,0,1,1,1,0,0,0,0,0,,,46043
bert_20260228023827,188292,20260122,1,2857492,unian,703448,PPLC,Kyiv,Kiev City,1210,Shevchenkivs'kyi,33738,30.52355,50.45044,ADM3,0,0,0,0,0,0,0,0,0,0,0,0,0,0,0,0,0,0,0,0,0,0,0,0,0,,,46043
bert_20260228023827,119912,20260122,1,2857493,unian,699751,PPL,Novgorodskoye,Donets'k,655,Dzerzhyns'ka,10511,37.83659,48.33202,ADM3,0,1,1,0,0,0,0,0,0,0,0,0,1,0,0,0,0,0,0,0,0,0,0,0,0,,,46043
bert_20260228023827,154162,20260122,1,2857494,unian,702550,PPLA,Lviv,L'viv,1289,L'vivs'ka,19402,24.0299,49.83932,ADM3,0,1,1,1,0,0,0,0,0,0,0,0,0,0,1,0,0,0,0,0,0,0,0,0,0,,,46043
bert_20260228023827,188297,20260122,1,2857495,unian,703448,PPLC,Kyiv,Kiev City,1210,Shevchenkivs'kyi,33738,30.52355,50.45044,ADM3,0,0,1,0,0,0,0,0,0,0,0,0,0,0,0,0,0,0,0,0,0,0,0,0,0,,,46043
bert_20260228023827,67819,20260122,1,2844895,espreso,693805,PPLA2,Simferopol,Crimea,579,Simferopol's'ka,34229,34.09941,44.95363,ADM3,1,0,1,0,1,0,0,0,0,0,0,0,0,0,0,0,0,0,0,0,0,0,0,0,0,,,46043
bert_20260228023827,378982,20260122,1,2845241,liga,9982339,PPL,Port,Odessa,1800,Kominternivs'kyi,18555,31.00479,46.72451,ADM3,1,0,1,0,1,0,0,0,0,0,1,0,0,0,0,0,0,1,0,1,0,0,0,0,0,,,46043
bert_20260228023827,112410,20260122,1,2845242,liga,698740,PPLA,Odessa,Odessa,1800,Odes'ka,26260,30.73169,46.48421,ADM3,1,0,0,0,0,0,1,0,0,0,0,0,0,0,0,0,0,0,0,0,0,0,0,0,0,,,46043
bert_20260228023827,132584,20260122,1,2851191,unian,701372,PPL,Mena,Chernihiv,498,Mens'kyi,22740,32.21638,51.52279,ADM3,0,1,0,0,0,0,1,0,0,0,0,0,0,0,0,0,0,0,0,0,0,0,0,0,0,,,46043
bert_20260228023827,188304,20260122,1,2851192,unian,703448,PPLC,Kyiv,Kiev City,1210,Shevchenkivs'kyi,33738,30.52355,50.45044,ADM3,1,1,1,1,0,0,0,0,1,0,1,0,0,1,1,0,0,0,0,1,0,0,1,1,0,,,46043
bert_20260228023827,258261,20260123,1,3022434,liga,707471,PPLA,Ivano-Frankivsk,Ivano-Frankivs'k,1023,Ivano-Frankivs'ka,15846,24.71116,48.92268,ADM3,0,0,0,0,0,0,1,0,0,0,0,0,0,0,0,0,0,0,0,0,0,0,0,0,0,,,46044
bert_20260228023827,188308,20260123,2,"3009928, 2870423",liga,703448,PPLC,Kyiv,Kiev City,1210,Shevchenkivs'kyi,33738,30.52355,50.45044,ADM3,0,0,0,0,0,1,0,0,0,0,0,0,0,0,0,0,0,0,0,0,0,0,0,0,0,,,46044
bert_20260228023827,250239,20260123,1,2984807,liga,706483,PPLA,Kharkiv,Kharkiv,1191,Kharkivs'ka,17850,36.2312,49.99217,ADM3,0,0,0,0,0,0,0,0,0,0,0,0,0,0,0,0,0,0,0,0,0,0,0,0,0,,,46044
bert_20260228023827,250240,20260123,1,2984808,liga,706483,PPLA,Kharkiv,Kharkiv,1191,Kharkivs'ka,17850,36.2312,49.99217,ADM3,0,0,0,0,0,0,0,0,0,0,1,0,0,0,0,0,0,0,0,0,0,0,0,0,0,,,46044
bert_20260228023827,188311,20260123,1,2972097,liga,703448,PPLC,Kyiv,Kiev City,1210,Shevchenkivs'kyi,33738,30.52355,50.45044,ADM3,0,0,1,0,0,0,1,0,0,0,0,0,0,0,0,0,0,0,0,0,0,0,0,0,0,,,46044
bert_20260228023827,323914,20260123,1,2972098,liga,712956,PPL,Bakhmutivka,Luhans'k,1405,Novoaidars'kyi,25882,39.04452,48.86708,ADM3,0,0,1,0,0,0,1,0,0,0,0,0,0,0,0,0,0,0,0,0,0,0,0,0,0,,,46044
bert_20260228023827,357654,20260123,1,2972099,liga,8250815,PPL,Karpaty,Transcarpathia,2491,Mukachivs'kyi,24017,22.8742,48.52159,ADM3,0,0,0,0,0,1,1,0,0,0,0,0,0,0,0,0,0,0,0,1,0,0,0,0,0,,,46044
bert_20260228023827,188312,20260123,1,2965743,liga,703448,PPLC,Kyiv,Kiev City,1210,Shevchenkivs'kyi,33738,30.52355,50.45044,ADM3,1,1,0,1,0,0,0,0,0,0,0,0,0,0,0,0,0,0,0,1,0,0,0,0,0,,,46044
bert_20260228023827,188314,20260123,1,2946798,liga,703448,PPLC,Kyiv,Kiev City,1210,Shevchenkivs'kyi,33738,30.52355,50.45044,ADM3,1,1,1,1,0,0,0,0,0,0,0,0,0,0,0,0,0,0,0,1,0,0,0,0,0,,,46044
bert_20260228023827,188307,20260123,1,2896226,liga,703448,PPLC,Kyiv,Kiev City,1210,Shevchenkivs'kyi,33738,30.52355,50.45044,ADM3,0,0,0,0,0,0,1,0,0,0,0,0,0,0,0,0,0,0,0,0,0,0,0,0,0,,,46044
bert_20260228023827,29701,20260123,1,2870422,liga,689103,PPL,Volovytsia,Chernihiv,498,Borznians'kyi,5262,32.00406,51.35543,ADM1,0,0,0,0,0,1,0,0,0,0,0,0,0,0,0,0,0,0,0,0,0,0,0,0,0,,,46044
bert_20260228023827,188315,20260123,1,2864103,liga,703448,PPLC,Kyiv,Kiev City,1210,Shevchenkivs'kyi,33738,30.52355,50.45044,ADM3,1,1,1,1,0,0,0,0,0,0,0,0,0,0,0,0,0,0,0,1,0,0,0,1,0,,,46044
bert_20260228023827,203544,20260123,1,2857500,espreso,704422,PPLA2,Pokrovsk,Donets'k,655,Krasnoarmiis'kyi,18918,37.1756,48.28035,ADM3,1,1,1,1,0,0,0,0,0,0,0,0,0,0,0,1,0,0,0,0,0,0,0,0,0,,,46044
bert_20260228023827,136723,20260123,1,2857501,espreso,701673,PPL,Marianivka,Rivne,2066,Kostopil's'kyi,18743,26.39117,51.03972,ADM1,1,1,1,1,0,0,0,0,0,0,0,0,1,0,0,0,0,0,0,0,0,0,0,0,0,,,46044
bert_20260228023827,82429,20260123,1,2857502,espreso,695094,PPLX,Ruttschenkowo,Donets'k,655,Donets'ka,10139,37.67529,47.95508,ADM1,1,1,0,1,0,0,0,0,0,0,1,0,0,0,0,0,0,0,0,1,0,0,0,1,0,,,46044
bert_20260228023827,217148,20260123,1,2857503,espreso,705183,PPL,Slobozhans'ke,Kharkiv,1191,Zmiïvs'kyi,41407,36.50512,49.61494,ADM1,1,1,0,1,0,0,0,0,0,0,1,0,0,0,0,0,0,0,0,1,0,0,0,1,0,,,46044
bert_20260228023827,359363,20260123,1,2857504,espreso,8281918,PPL,Posich,Transcarpathia,2491,Khusts'kyi,18005,23.41312,48.22076,ADM1,1,1,1,1,0,1,0,0,0,0,0,0,1,0,0,0,0,0,0,0,0,0,0,0,0,,,46044
bert_20260228023827,203545,20260123,1,2857505,espreso,704422,PPLA2,Pokrovsk,Donets'k,655,Krasnoarmiis'kyi,18918,37.1756,48.28035,ADM3,1,1,1,1,0,0,0,0,0,0,0,0,0,0,0,1,0,0,0,0,0,0,1,0,0,,,46044
bert_20260228023827,51032,20260123,1,2857847,liga,692661,PPL,Stavky,Rivne,2066,Rivnens'kyi,30583,26.14025,50.65555,ADM3,0,0,1,0,0,0,0,0,0,0,0,0,0,0,0,0,0,0,0,0,0,0,0,0,0,,,46044
bert_20260228023827,51033,20260123,1,2857848,liga,692661,PPL,Stavky,Rivne,2066,Rivnens'kyi,30583,26.14025,50.65555,ADM3,0,1,1,0,0,0,1,0,0,0,0,0,0,0,0,0,0,0,0,0,0,0,0,0,0,,,46044
bert_20260228023827,203546,20260123,1,2857849,liga,704422,PPLA2,Pokrovsk,Donets'k,655,Krasnoarmiis'kyi,18918,37.1756,48.28035,ADM3,1,1,1,1,0,0,0,0,0,0,0,0,0,0,1,0,0,0,0,0,0,0,1,0,0,,,46044
bert_20260228023827,55614,20260123,1,2857850,liga,693065,PPLX,Sotsmisto,Donets'k,655,Kramators'ka,18898,37.5844,48.73898,ADM3,1,1,0,1,0,0,0,0,0,0,1,0,0,0,0,0,0,0,0,1,0,0,0,1,0,,,46044
bert_20260228023827,188316,20260123,1,2857851,liga,703448,PPLC,Kyiv,Kiev City,1210,Shevchenkivs'kyi,33738,30.52355,50.45044,ADM3,1,1,1,1,0,0,0,0,0,0,0,0,0,1,0,0,0,0,0,1,0,0,0,0,0,,,46044
bert_20260228023827,188306,20260123,3,"2863777, 2863780, 2863781",unian,703448,PPLC,Kyiv,Kiev City,1210,Shevchenkivs'kyi,33738,30.52355,50.45044,ADM3,0,0,0,0,0,0,0,0,0,0,0,0,0,0,0,0,0,0,0,0,0,0,0,0,0,,,46044
bert_20260228023827,154163,20260123,1,2863778,unian,702550,PPLA,Lviv,L'viv,1289,L'vivs'ka,19402,24.0299,49.83932,ADM3,0,0,0,0,0,0,1,0,0,0,0,0,0,0,0,0,0,0,0,0,0,0,0,0,0,,,46044
bert_20260228023827,38224,20260123,1,2863779,unian,690773,PPL,Ukrainka,Kiev,1209,Obukhivs'kyi,26204,30.74207,50.15372,ADM3,0,0,0,0,0,1,0,0,0,0,0,0,0,0,0,0,0,0,0,0,0,0,0,0,0,,,46044
bert_20260228023827,188313,20260123,1,2863782,unian,703448,PPLC,Kyiv,Kiev City,1210,Shevchenkivs'kyi,33738,30.52355,50.45044,ADM3,0,1,1,0,0,1,0,0,0,0,0,0,0,0,0,0,0,0,0,1,0,0,0,0,0,,,46044
bert_20260228023827,373687,20260123,1,2863783,unian,9114542,PPL,Novyi,Luhans'k,1405,Krasnoluts'ka,18939,38.59081,48.49995,ADM3,0,0,0,0,0,1,1,0,0,0,0,0,0,0,0,0,0,0,0,0,0,0,0,0,0,,,46044
bert_20260228023827,188310,20260123,1,2863784,unian,703448,PPLC,Kyiv,Kiev City,1210,Shevchenkivs'kyi,33738,30.52355,50.45044,ADM3,1,0,0,1,0,0,0,0,0,0,0,0,0,0,0,0,0,0,0,1,0,0,0,0,0,,,46044
bert_20260228023827,68488,20260123,1,2863785,unian,694129,PPL,Shevchenkove,Kharkiv,1191,Vovchans'kyi,39837,37.04016,50.20219,ADM2,1,1,1,1,0,0,0,0,0,0,0,0,0,0,1,0,0,0,1,0,0,0,0,0,0,,,46044
bert_20260228023827,154164,20260123,1,2851553,liga,702550,PPLA,Lviv,L'viv,1289,L'vivs'ka,19402,24.0299,49.83932,ADM3,0,0,0,0,0,1,1,0,0,0,0,0,0,0,0,0,0,0,0,0,0,0,0,0,0,,,46044
bert_20260228023827,188309,20260123,1,2851554,liga,703448,PPLC,Kyiv,Kiev City,1210,Shevchenkivs'kyi,33738,30.52355,50.45044,ADM3,0,0,0,0,0,1,1,0,0,0,0,0,0,0,0,0,0,0,0,0,0,0,0,0,0,,,46044
bert_20260228023827,19322,20260123,1,2857496,unian,687700,PPLA,Zaporizhzhya,Zaporizhzhya,2730,Zaporiz'ka,41153,35.13885,47.83831,ADM3,1,1,0,1,0,0,0,0,0,0,0,0,0,1,0,0,0,0,0,1,0,0,0,1,0,,,46044
bert_20260228023827,217149,20260123,1,2857497,unian,705183,PPL,Slobozhans'ke,Kharkiv,1191,Zmiïvs'kyi,41407,36.50512,49.61494,ADM1,1,1,1,1,0,0,0,0,0,0,0,0,0,0,1,0,0,0,1,0,0,0,0,0,0,,,46044
bert_20260228023827,82430,20260123,1,2857498,unian,695094,PPLX,Ruttschenkowo,Donets'k,655,Donets'ka,10139,37.67529,47.95508,ADM1,1,1,1,1,0,0,0,0,0,0,0,0,0,0,1,0,0,0,1,0,0,0,0,0,0,,,46044
bert_20260228023827,287138,20260123,1,2857499,unian,709930,PPLA,Dnipro,Dnipropetrovs'k,650,Dnipropetrovs'ka,9966,35.04618,48.46472,ADM3,1,1,1,1,0,0,0,0,0,0,1,0,0,1,1,0,0,0,0,1,0,0,1,1,0,,,46044
bert_20260228023827,258262,20260124,1,3022448,liga,707471,PPLA,Ivano-Frankivsk,Ivano-Frankivs'k,1023,Ivano-Frankivs'ka,15846,24.71116,48.92268,ADM3,0,0,0,0,0,0,1,0,0,0,0,0,0,0,0,0,0,0,0,0,0,0,0,0,0,,,46045
bert_20260228023827,188322,20260124,2,"3009942, 2870439",liga,703448,PPLC,Kyiv,Kiev City,1210,Shevchenkivs'kyi,33738,30.52355,50.45044,ADM3,0,0,0,0,0,1,0,0,0,0,0,0,0,0,0,0,0,0,0,0,0,0,0,0,0,,,46045
bert_20260228023827,250241,20260124,2,"2984822, 2863787","liga, unian",706483,PPLA,Kharkiv,Kharkiv,1191,Kharkivs'ka,17850,36.2312,49.99217,ADM3,0,0,0,0,0,0,0,0,0,0,0,0,0,0,0,0,0,0,0,0,0,0,0,0,0,,,46045
bert_20260228023827,250242,20260124,1,2984823,liga,706483,PPLA,Kharkiv,Kharkiv,1191,Kharkivs'ka,17850,36.2312,49.99217,ADM3,0,0,0,0,0,0,0,0,0,0,1,0,0,0,0,0,0,0,0,0,0,0,0,0,0,,,46045
bert_20260228023827,188324,20260124,1,2972114,liga,703448,PPLC,Kyiv,Kiev City,1210,Shevchenkivs'kyi,33738,30.52355,50.45044,ADM3,0,0,1,0,0,0,1,0,0,0,0,0,0,0,0,0,0,0,0,0,0,0,0,0,0,,,46045
bert_20260228023827,323915,20260124,1,2972115,liga,712956,PPL,Bakhmutivka,Luhans'k,1405,Novoaidars'kyi,25882,39.04452,48.86708,ADM3,0,0,1,0,0,0,1,0,0,0,0,0,0,0,0,0,0,0,0,0,0,0,0,0,0,,,46045
bert_20260228023827,357655,20260124,1,2972116,liga,8250815,PPL,Karpaty,Transcarpathia,2491,Mukachivs'kyi,24017,22.8742,48.52159,ADM3,0,0,0,0,0,1,1,0,0,0,0,0,0,0,0,0,0,0,0,1,0,0,0,0,0,,,46045
bert_20260228023827,188328,20260124,1,2965757,liga,703448,PPLC,Kyiv,Kiev City,1210,Shevchenkivs'kyi,33738,30.52355,50.45044,ADM3,1,1,0,1,0,0,0,0,0,0,0,0,0,0,0,0,0,0,0,1,0,0,0,0,0,,,46045
bert_20260228023827,188335,20260124,4,"2946812, 2864107, 2870058, 2870077","liga, unian",703448,PPLC,Kyiv,Kiev City,1210,Shevchenkivs'kyi,33738,30.52355,50.45044,ADM3,1,1,1,1,0,0,0,0,0,0,0,0,0,0,0,0,0,0,0,1,0,0,0,0,0,,,46045
bert_20260228023827,188320,20260124,1,2896240,liga,703448,PPLC,Kyiv,Kiev City,1210,Shevchenkivs'kyi,33738,30.52355,50.45044,ADM3,0,0,0,0,0,0,1,0,0,0,0,0,0,0,0,0,0,0,0,0,0,0,0,0,0,,,46045
bert_20260228023827,29702,20260124,1,2870438,liga,689103,PPL,Volovytsia,Chernihiv,498,Borznians'kyi,5262,32.00406,51.35543,ADM1,0,0,0,0,0,1,0,0,0,0,0,0,0,0,0,0,0,0,0,0,0,0,0,0,0,,,46045
bert_20260228023827,304239,20260124,1,2870492,liveuamap,710791,PPLA,Cherkasy,Cherkasy,497,Cherkas'ka,7654,32.05977,49.44443,ADM3,1,0,1,0,1,0,0,1,0,0,1,0,0,0,0,0,0,0,0,1,0,0,0,1,0,,,46045
bert_20260228023827,250244,20260124,1,2870493,liveuamap,706483,PPLA,Kharkiv,Kharkiv,1191,Kharkivs'ka,17850,36.2312,49.99217,ADM3,1,0,1,0,1,0,0,1,0,0,1,0,0,0,0,0,0,0,0,1,0,0,0,0,0,,,46045
bert_20260228023827,188340,20260124,1,2870494,liveuamap,703448,PPLC,Kyiv,Kiev City,1210,Shevchenkivs'kyi,33738,30.52355,50.45044,ADM3,1,1,1,1,0,0,0,0,0,0,1,0,0,0,0,0,0,0,0,0,0,0,0,0,0,,,46045
bert_20260228023827,89869,20260124,1,2870495,liveuamap,696127,PPL,Prudianka,Kharkiv,1191,Derhachivs'kyi,9588,36.17045,50.23972,ADM3,1,1,0,1,0,0,0,0,0,0,1,0,0,0,0,0,0,0,0,0,0,0,0,1,0,,,46045
bert_20260228023827,250246,20260124,1,2870496,liveuamap,706483,PPLA,Kharkiv,Kharkiv,1191,Kharkivs'ka,17850,36.2312,49.99217,ADM3,1,1,0,1,0,0,0,0,0,0,1,0,0,0,0,0,0,0,0,0,0,0,0,1,0,,,46045
bert_20260228023827,250249,20260124,1,2870497,liveuamap,706483,PPLA,Kharkiv,Kharkiv,1191,Kharkivs'ka,17850,36.2312,49.99217,ADM3,1,1,1,1,0,0,0,0,0,0,0,0,0,0,1,0,0,0,1,0,0,0,0,0,0,,,46045
bert_20260228023827,250243,20260124,2,"2870498, 2870538",liveuamap,706483,PPLA,Kharkiv,Kharkiv,1191,Kharkivs'ka,17850,36.2312,49.99217,ADM3,1,0,1,0,0,0,0,0,0,0,0,0,0,0,0,1,0,0,0,0,0,0,0,0,0,,,46045
bert_20260228023827,32673,20260124,1,2870499,liveuamap,689304,PPLA2,Vovchansk,Kharkiv,1191,Vovchans'kyi,39837,36.9368,50.29401,ADM3,1,0,1,0,0,0,0,0,0,0,0,0,0,0,0,1,0,0,0,0,0,0,0,0,0,,,46045
bert_20260228023827,57710,20260124,1,2870500,liveuamap,693468,PPL,Sloviansk,Donets'k,655,Slovians'ka,34511,37.60582,48.85227,ADM3,1,0,1,0,0,0,0,0,0,0,0,0,0,0,0,1,0,0,0,0,0,0,0,0,0,,,46045
bert_20260228023827,100680,20260124,1,2870501,liveuamap,698020,PPL,Pankivka,Luhans'k,1405,Luhans'ka,20910,39.34878,48.69979,ADM3,1,0,1,0,0,0,0,0,0,0,0,0,0,0,0,1,0,0,0,0,0,0,0,0,0,,,46045
bert_20260228023827,192429,20260124,2,"2870502, 2870541",liveuamap,703656,PPLA2,Kupiansk,Kharkiv,1191,Kupians'ka,19188,37.61478,49.7108,ADM3,1,0,1,0,0,0,0,0,0,0,0,0,0,0,0,1,0,0,0,0,0,0,0,0,0,,,46045
bert_20260228023827,55615,20260124,2,"2870503, 2870527",liveuamap,693065,PPLX,Sotsmisto,Donets'k,655,Kramators'ka,18898,37.5844,48.73898,ADM3,1,0,1,0,0,0,0,0,0,0,0,0,0,0,0,1,0,0,0,0,0,0,0,0,0,,,46045
bert_20260228023827,82432,20260124,1,2870504,liveuamap,695094,PPLX,Ruttschenkowo,Donets'k,655,Donets'ka,10139,37.67529,47.95508,ADM1,1,1,1,1,0,0,0,0,1,0,0,0,0,0,0,0,0,0,0,1,0,0,0,0,0,,,46045
bert_20260228023827,26163,20260124,2,"2870505, 2870533",liveuamap,688871,PPL,Vozdvyzhivka,Zaporizhzhya,2730,Novomykola‹vs'kyi,25913,36.07979,47.74727,ADM3,1,1,1,1,0,0,0,0,1,0,0,0,0,0,0,0,0,0,0,1,0,0,0,0,0,,,46045
bert_20260228023827,19326,20260124,2,"2870506, 2870535",liveuamap,687700,PPLA,Zaporizhzhya,Zaporizhzhya,2730,Zaporiz'ka,41153,35.13885,47.83831,ADM3,1,1,1,1,0,0,0,0,1,0,0,0,0,0,0,0,0,0,0,1,0,0,0,0,0,,,46045
bert_20260228023827,197358,20260124,2,"2870507, 2870543",liveuamap,704204,PPL,Lyman,Donets'k,655,Krasnolymans'kyi,18941,37.82245,48.96409,ADM3,1,0,1,0,0,0,0,0,0,0,0,0,0,0,0,1,0,0,0,0,0,0,0,0,0,,,46045
bert_20260228023827,203547,20260124,1,2870508,liveuamap,704422,PPLA2,Pokrovsk,Donets'k,655,Krasnoarmiis'kyi,18918,37.1756,48.28035,ADM3,1,0,1,0,0,0,0,0,0,0,0,0,0,0,0,0,0,0,0,0,0,0,0,0,0,,,46045
bert_20260228023827,90744,20260124,1,2870510,liveuamap,696357,PPL,Predtechyne,Donets'k,655,Kostiantynivs'kyi,18739,37.80136,48.51891,STREET,1,0,1,0,0,0,0,0,0,0,0,0,0,0,0,1,0,0,0,0,0,0,0,0,0,,,46045
bert_20260228023827,257475,20260124,2,"2870511, 2870530",liveuamap,707464,PPL,Ivanopillia,Donets'k,655,Kostiantynivs'kyi,18739,37.76439,48.47357,ADM3,1,0,1,0,0,0,0,0,0,0,0,0,0,0,0,1,0,0,0,0,0,0,0,0,0,,,46045
bert_20260228023827,387945,20260124,1,2870512,liveuamap,11151973,PPL,Stepove,Dnipropetrovs'k,650,Krynychans'kyi,19030,34.53593,48.44595,ADM3,1,0,1,0,0,0,0,0,0,0,0,0,0,0,0,1,0,0,0,0,0,0,0,0,0,,,46045
bert_20260228023827,261541,20260124,2,"2870513, 2870551",liveuamap,707898,PPLA2,Hulyaypole,Zaporizhzhya,2730,Huliaipil's'kyi,14713,36.25322,47.66644,ADM3,1,0,1,0,0,0,0,0,0,0,0,0,0,0,0,1,0,0,0,0,0,0,0,0,0,,,46045
bert_20260228023827,235318,20260124,1,2870515,liveuamap,706448,PPLA,Kherson,Kherson,1195,Khersons'ka,17890,32.61496,46.64032,ADM3,1,1,1,1,0,0,0,0,0,0,0,0,0,0,1,0,0,0,0,0,0,0,1,0,0,,,46045
bert_20260228023827,360529,20260124,1,2870516,liveuamap,8419787,PPL,Zakumske,Sumy,2356,Sums'kyi,35426,34.64912,50.95537,ADM2,1,1,1,1,0,0,0,0,0,0,0,0,0,0,1,1,0,0,0,0,0,0,1,0,0,,,46045
bert_20260228023827,57712,20260124,1,2870517,liveuamap,693468,PPL,Sloviansk,Donets'k,655,Slovians'ka,34511,37.60582,48.85227,ADM3,1,1,0,1,0,0,0,0,0,0,0,0,0,1,0,0,0,0,0,1,0,0,0,0,0,,,46045
bert_20260228023827,252908,20260124,1,2870518,liveuamap,706941,PPL,Komyshuvakha,Zaporizhzhya,2730,Orikhivs'kyi,26748,35.52466,47.71952,ADM3,1,1,0,1,0,0,0,0,0,0,0,0,0,1,0,0,0,0,0,1,0,0,0,1,0,,,46045
bert_20260228023827,252909,20260124,1,2870519,liveuamap,706941,PPL,Komyshuvakha,Zaporizhzhya,2730,Orikhivs'kyi,26748,35.52466,47.71952,ADM3,1,1,0,1,0,0,0,0,1,0,0,0,0,0,0,0,0,0,0,1,0,0,0,1,0,,,46045
bert_20260228023827,19324,20260124,1,2870520,liveuamap,687700,PPLA,Zaporizhzhya,Zaporizhzhya,2730,Zaporiz'ka,41153,35.13885,47.83831,ADM3,1,1,0,1,0,0,0,0,1,0,0,0,0,0,0,0,0,0,0,1,0,0,0,1,0,,,46045
bert_20260228023827,19325,20260124,1,2870521,liveuamap,687700,PPLA,Zaporizhzhya,Zaporizhzhya,2730,Zaporiz'ka,41153,35.13885,47.83831,ADM3,1,1,1,0,1,0,0,0,0,0,1,0,0,0,0,0,0,1,0,1,0,0,0,0,0,,,46045
bert_20260228023827,287141,20260124,1,2870522,liveuamap,709930,PPLA,Dnipro,Dnipropetrovs'k,650,Dnipropetrovs'ka,9966,35.04618,48.46472,ADM3,1,1,0,1,0,0,0,0,0,0,1,0,0,0,0,0,0,0,0,0,0,0,0,1,0,,,46045
bert_20260228023827,287142,20260124,1,2870523,liveuamap,709930,PPLA,Dnipro,Dnipropetrovs'k,650,Dnipropetrovs'ka,9966,35.04618,48.46472,ADM3,1,1,0,1,0,0,0,0,1,0,1,0,0,0,0,0,1,0,0,1,0,0,1,1,0,,,46045
bert_20260228023827,287139,20260124,1,2870524,liveuamap,709930,PPLA,Dnipro,Dnipropetrovs'k,650,Dnipropetrovs'ka,9966,35.04618,48.46472,ADM3,1,0,0,0,0,0,1,0,0,0,1,0,0,0,0,0,0,0,0,1,0,0,0,1,0,,,46045
bert_20260228023827,287140,20260124,1,2870525,liveuamap,709930,PPLA,Dnipro,Dnipropetrovs'k,650,Dnipropetrovs'ka,9966,35.04618,48.46472,ADM3,1,0,1,0,0,0,0,0,0,0,1,0,0,0,0,0,0,0,0,0,0,0,0,0,0,,,46045
bert_20260228023827,192983,20260124,1,2870526,liveuamap,703845,PPLA2,Kryvyy Rih,Dnipropetrovs'k,650,KryvyiRig,19033,33.39179,47.91042,ADM3,1,1,1,0,1,0,0,0,0,0,0,0,0,1,0,0,0,0,0,0,0,0,0,0,0,,,46045
bert_20260228023827,370606,20260124,1,2870528,liveuamap,9113948,PPL,Stupochky,Donets'k,655,Kostiantynivs'kyi,18739,37.82831,48.53838,STREET,1,0,1,0,0,0,0,0,0,0,0,0,0,0,0,1,0,0,0,0,0,0,0,0,0,,,46045
bert_20260228023827,208608,20260124,1,2870529,liveuamap,705104,PPL,Kostiantynivka,Donets'k,655,Kostiantynivs'ka,18738,37.69368,48.53467,ADM3,1,0,1,0,0,0,0,0,0,0,0,0,0,0,0,1,0,0,0,0,0,0,0,0,0,,,46045
bert_20260228023827,287143,20260124,1,2870531,liveuamap,709930,PPLA,Dnipro,Dnipropetrovs'k,650,Dnipropetrovs'ka,9966,35.04618,48.46472,ADM3,1,1,1,1,0,0,0,0,1,0,0,0,0,0,0,0,0,0,0,1,0,0,0,0,0,,,46045
bert_20260228023827,44347,20260124,1,2870532,liveuamap,691639,PPL,Ternuvate,Dnipropetrovs'k,650,Pokrovs'kyi,28862,36.13247,47.82975,ADM3,1,1,1,1,0,0,0,0,1,0,0,0,0,0,0,0,0,0,0,1,0,0,0,0,0,,,46045
bert_20260228023827,261543,20260124,1,2870534,liveuamap,707898,PPLA2,Hulyaypole,Zaporizhzhya,2730,Huliaipil's'kyi,14713,36.25322,47.66644,ADM3,1,1,1,1,0,0,0,0,1,0,0,0,0,0,0,0,0,0,0,1,0,0,0,0,0,,,46045
bert_20260228023827,58785,20260124,1,2870536,liveuamap,693787,PPL,Sadove,Rivne,2066,Hoshchans'kyi,14544,26.6415,50.71255,ADM3,1,1,1,1,0,0,0,0,1,0,0,0,0,0,0,0,0,0,0,1,0,0,0,0,0,,,46045
bert_20260228023827,235319,20260124,1,2870537,liveuamap,706448,PPLA,Kherson,Kherson,1195,Khersons'ka,17890,32.61496,46.64032,ADM3,1,1,1,1,0,0,0,0,1,0,0,0,0,0,0,0,0,0,0,1,0,0,0,0,0,,,46045
bert_20260228023827,55776,20260124,1,2870539,liveuamap,693086,PPL,Sosnivka,L'viv,1289,Sokal's'kyi,34627,24.25376,50.29435,ADM3,1,0,1,0,0,0,0,0,0,0,0,0,0,0,0,1,0,0,0,0,0,0,0,0,0,,,46045
bert_20260228023827,19323,20260124,1,2870540,liveuamap,687700,PPLA,Zaporizhzhya,Zaporizhzhya,2730,Zaporiz'ka,41153,35.13885,47.83831,ADM3,1,0,1,0,0,0,0,0,0,0,0,0,0,0,0,1,0,0,0,0,0,0,0,0,0,,,46045
bert_20260228023827,57711,20260124,1,2870542,liveuamap,693468,PPL,Sloviansk,Donets'k,655,Slovians'ka,34511,37.60582,48.85227,ADM3,1,0,1,1,0,0,0,0,0,0,1,0,0,0,0,1,0,0,0,0,0,0,0,0,0,,,46045
bert_20260228023827,117581,20260124,1,2870544,liveuamap,699458,PPL,Novomykhailivka,Donets'k,655,Mar‹ns'kyi,21886,37.48298,47.85341,ADM3,1,0,1,0,0,0,0,0,0,0,0,0,0,0,0,1,0,0,0,0,0,0,0,0,0,,,46045
bert_20260228023827,20575,20260124,1,2870545,liveuamap,688228,PPL,Dibrovy,Kirovohrad,1222,Oleksandriis'kyi,26476,33.06403,48.78726,ADM3,1,0,1,0,0,0,0,0,0,0,0,0,0,0,0,1,0,0,0,0,0,0,0,0,0,,,46045
bert_20260228023827,203548,20260124,1,2870547,liveuamap,704422,PPLA2,Pokrovsk,Donets'k,655,Krasnoarmiis'kyi,18918,37.1756,48.28035,ADM3,1,0,1,0,0,0,0,0,0,0,0,0,0,0,0,1,0,0,0,0,0,0,0,0,0,,,46045
bert_20260228023827,287945,20260124,1,2870548,liveuamap,710035,PPLA2,Myrnohrad,Donets'k,655,Krasnoarmiis'ka,18917,37.26806,48.29097,ADM3,1,0,1,0,0,0,0,0,0,0,0,0,0,0,0,1,0,0,0,0,0,0,0,0,0,,,46045
bert_20260228023827,376812,20260124,1,2870550,liveuamap,9532052,PPL,Huliaipilske,Zaporizhzhya,2730,Huliaipil's'kyi,14713,36.06122,47.61272,ADM3,1,0,1,0,0,0,0,0,0,0,0,0,0,0,0,1,0,0,0,0,0,0,0,0,0,,,46045
bert_20260228023827,235317,20260124,1,2870552,liveuamap,706448,PPLA,Kherson,Kherson,1195,Khersons'ka,17890,32.61496,46.64032,ADM3,1,1,1,1,0,0,0,0,0,0,0,0,0,0,0,1,0,0,0,0,0,0,1,0,0,,,46045
bert_20260228023827,203551,20260124,1,2863788,espreso,704422,PPLA2,Pokrovsk,Donets'k,655,Krasnoarmiis'kyi,18918,37.1756,48.28035,ADM3,1,1,1,1,0,0,0,0,0,0,0,0,0,0,1,1,0,0,0,0,0,0,1,0,0,,,46045
bert_20260228023827,188332,20260124,3,"2863789, 2863792, 2870047","espreso, meduza",703448,PPLC,Kyiv,Kiev City,1210,Shevchenkivs'kyi,33738,30.52355,50.45044,ADM3,1,1,0,1,0,0,0,0,0,0,1,0,0,0,0,0,0,0,0,1,0,0,0,1,0,,,46045
bert_20260228023827,294896,20260124,1,2863790,espreso,710735,PPLA,Chernihiv,Chernihiv,498,Chernihivs'ka,7660,31.29865,51.49101,ADM3,1,1,0,1,0,0,0,0,0,0,0,0,0,0,0,0,0,0,0,1,0,0,0,0,0,,,46045
bert_20260228023827,287946,20260124,1,2863791,espreso,710035,PPLA2,Myrnohrad,Donets'k,655,Krasnoarmiis'ka,18917,37.2591,48.30791,ADM3,1,1,1,1,0,0,0,0,0,0,1,0,0,0,1,0,0,0,1,0,0,0,0,0,0,,,46045
bert_20260228023827,250247,20260124,2,"2863793, 2870056","espreso, meduza",706483,PPLA,Kharkiv,Kharkiv,1191,Kharkivs'ka,17850,36.2312,49.99217,ADM3,1,1,0,1,0,0,0,0,0,0,1,0,0,0,0,0,0,0,0,1,0,0,0,1,0,,,46045
bert_20260228023827,188346,20260124,1,2863794,espreso,703448,PPLC,Kyiv,Kiev City,1210,Shevchenkivs'kyi,33738,30.52355,50.45044,ADM3,1,1,1,1,0,0,0,0,1,0,1,0,0,1,0,0,0,0,0,1,0,0,0,0,0,,,46045
bert_20260228023827,22757,20260124,1,2863795,espreso,688393,PPL,Yaseninichi,Rivne,2066,Rivnens'ka,30582,26.25164,50.61992,ADM3,1,1,1,1,0,0,0,0,0,0,1,0,0,1,0,0,0,0,0,1,0,0,0,1,0,,,46045
bert_20260228023827,188344,20260124,1,2863796,espreso,703448,PPLC,Kyiv,Kiev City,1210,Shevchenkivs'kyi,33738,30.52355,50.45044,ADM3,1,1,1,1,0,0,0,0,0,0,1,0,0,1,0,0,0,0,0,1,0,0,0,1,0,,,46045
bert_20260228023827,203549,20260124,1,2863797,espreso,704422,PPLA2,Pokrovsk,Donets'k,655,Krasnoarmiis'kyi,18918,37.1756,48.28035,ADM3,1,0,1,1,0,0,0,0,0,0,0,0,0,0,0,1,0,0,0,0,0,0,1,0,0,,,46045
bert_20260228023827,188334,20260124,2,"2864105, 2870059","liga, unian",703448,PPLC,Kyiv,Kiev City,1210,Shevchenkivs'kyi,33738,30.52355,50.45044,ADM3,0,1,1,0,0,0,1,0,0,0,0,0,0,0,1,0,0,0,0,0,0,0,0,0,0,,,46045
bert_20260228023827,188337,20260124,1,2864106,liga,703448,PPLC,Kyiv,Kiev City,1210,Shevchenkivs'kyi,33738,30.52355,50.45044,ADM3,1,1,1,1,0,0,0,0,0,0,0,0,0,0,0,0,1,0,0,1,0,0,0,0,0,,,46045
bert_20260228023827,188333,20260124,1,2864108,liga,703448,PPLC,Kyiv,Kiev City,1210,Shevchenkivs'kyi,33738,30.52355,50.45044,ADM3,0,1,1,0,0,0,1,0,0,0,0,0,0,0,0,0,0,0,0,0,0,0,0,0,0,,,46045
bert_20260228023827,188330,20260124,1,2864109,liga,703448,PPLC,Kyiv,Kiev City,1210,Shevchenkivs'kyi,33738,30.52355,50.45044,ADM3,1,1,0,1,0,0,0,0,0,0,0,0,0,1,0,0,0,0,0,1,0,0,0,0,0,,,46045
bert_20260228023827,19886,20260124,1,2864110,liga,688032,PPL,Troieshchyna,Khmel'nyts'kyy,1196,Polons'kyi,28889,27.37045,50.00972,ADM3,1,1,0,1,0,0,0,0,0,0,0,0,0,1,0,0,0,0,0,1,0,0,0,0,0,,,46045
bert_20260228023827,188317,20260124,3,"2864111, 2870069, 2870074","liga, unian",703448,PPLC,Kyiv,Kiev City,1210,Shevchenkivs'kyi,33738,30.52355,50.45044,ADM3,0,0,0,0,0,0,0,0,0,0,0,0,0,0,0,0,0,0,0,0,0,0,0,0,0,,,46045
bert_20260228023827,188319,20260124,1,2864112,liga,703448,PPLC,Kyiv,Kiev City,1210,Shevchenkivs'kyi,33738,30.52355,50.45044,ADM3,1,0,0,0,0,0,0,0,0,0,0,0,0,0,0,0,0,0,0,1,0,0,0,0,0,,,46045
bert_20260228023827,294894,20260124,1,2864113,liga,710735,PPLA,Chernihiv,Chernihiv,498,Chernihivs'ka,7660,31.29865,51.49101,ADM3,1,0,0,0,0,0,0,0,0,0,0,0,0,0,0,0,0,0,0,1,0,0,0,0,0,,,46045
bert_20260228023827,188343,20260124,2,"2864114, 2870045","liga, meduza",703448,PPLC,Kyiv,Kiev City,1210,Shevchenkivs'kyi,33738,30.52355,50.45044,ADM3,1,1,1,1,0,0,0,0,0,0,1,0,0,1,0,0,0,0,0,0,0,0,0,0,0,,,46045
bert_20260228023827,250245,20260124,3,"2864115, 2870065, 2863786","liga, unian",706483,PPLA,Kharkiv,Kharkiv,1191,Kharkivs'ka,17850,36.2312,49.99217,ADM3,1,1,0,1,0,0,0,0,0,0,0,0,0,0,0,0,0,0,0,1,0,0,0,1,0,,,46045
bert_20260228023827,188329,20260124,1,2864116,liga,703448,PPLC,Kyiv,Kiev City,1210,Shevchenkivs'kyi,33738,30.52355,50.45044,ADM3,1,1,0,1,0,0,0,0,0,0,0,0,0,0,0,0,0,0,0,1,0,0,0,1,0,,,46045
bert_20260228023827,188336,20260124,1,2864118,liga,703448,PPLC,Kyiv,Kiev City,1210,Shevchenkivs'kyi,33738,30.52355,50.45044,ADM3,1,1,1,1,0,0,0,0,0,0,0,0,0,0,0,0,0,0,0,1,0,0,0,1,0,,,46045
bert_20260228023827,250248,20260124,1,2870046,meduza,706483,PPLA,Kharkiv,Kharkiv,1191,Kharkivs'ka,17850,36.2312,49.99217,ADM3,1,1,1,0,0,0,0,0,0,0,1,0,0,0,0,0,0,0,0,1,0,0,0,1,0,,,46045
bert_20260228023827,389528,20260124,1,2870048,meduza,11776362,PPLH,Demiyevka,Kiev City,1210,Holosiïvs'kyi,14450,30.49585,50.38876,ADM3,1,1,0,1,0,0,0,0,0,0,1,0,0,0,0,0,0,0,0,1,0,0,0,1,0,,,46045
bert_20260228023827,188339,20260124,2,"2870049, 2857852","meduza, liga",703448,PPLC,Kyiv,Kiev City,1210,Shevchenkivs'kyi,33738,30.52355,50.45044,ADM3,1,1,1,1,0,0,0,0,0,0,0,0,0,1,0,0,0,0,0,1,0,0,0,0,0,,,46045
bert_20260228023827,188341,20260124,1,2870050,meduza,703448,PPLC,Kyiv,Kiev City,1210,Shevchenkivs'kyi,33738,30.52355,50.45044,ADM3,1,1,1,1,0,0,0,0,0,0,1,0,0,0,0,0,0,0,0,1,0,0,0,0,0,,,46045
bert_20260228023827,188347,20260124,1,2870051,meduza,703448,PPLC,Kyiv,Kiev City,1210,Shevchenkivs'kyi,33738,30.52355,50.45044,ADM3,1,1,1,1,0,0,0,1,0,0,0,0,0,1,0,0,0,0,0,1,0,0,0,1,0,,,46045
bert_20260228023827,250250,20260124,1,2870052,meduza,706483,PPLA,Kharkiv,Kharkiv,1191,Kharkivs'ka,17850,36.2312,49.99217,ADM3,1,1,1,1,0,0,0,1,0,0,0,0,0,1,0,0,0,0,0,1,0,0,0,1,0,,,46045
bert_20260228023827,188331,20260124,1,2870053,meduza,703448,PPLC,Kyiv,Kiev City,1210,Shevchenkivs'kyi,33738,30.52355,50.45044,ADM3,1,1,0,1,0,0,0,0,0,0,0,0,0,1,0,0,0,0,0,1,0,0,0,1,0,,,46045
bert_20260228023827,188321,20260124,1,2870054,meduza,703448,PPLC,Kyiv,Kiev City,1210,Shevchenkivs'kyi,33738,30.52355,50.45044,ADM3,1,0,0,0,0,0,1,0,0,0,0,0,0,0,0,0,0,0,0,1,0,0,0,0,0,,,46045
bert_20260228023827,188345,20260124,1,2870055,meduza,703448,PPLC,Kyiv,Kiev City,1210,Shevchenkivs'kyi,33738,30.52355,50.45044,ADM3,1,1,1,1,0,0,0,0,1,0,0,0,0,0,0,0,0,0,0,1,0,0,0,0,0,,,46045
bert_20260228023827,294895,20260124,1,2870057,unian,710735,PPLA,Chernihiv,Chernihiv,498,Chernihivs'ka,7660,31.29865,51.49101,ADM3,0,0,0,0,0,1,1,0,0,0,0,0,0,0,0,0,0,0,0,0,0,0,0,0,0,,,46045
bert_20260228023827,319033,20260124,1,2870060,unian,712609,PPL,Bilka,Odessa,1800,Ivanivs'kyi,15842,30.40579,46.90822,ADM1,0,0,0,0,0,0,0,0,0,0,0,0,0,0,0,0,0,0,0,1,0,0,0,0,0,,,46045
bert_20260228023827,188338,20260124,1,2870061,unian,703448,PPLC,Kyiv,Kiev City,1210,Shevchenkivs'kyi,33738,30.52355,50.45044,ADM3,1,1,1,1,0,0,0,0,0,0,0,0,0,1,0,0,0,0,0,0,0,0,0,0,0,,,46045
bert_20260228023827,203550,20260124,1,2870062,unian,704422,PPLA2,Pokrovsk,Donets'k,655,Krasnoarmiis'kyi,18918,37.1756,48.28035,ADM3,0,1,1,0,0,0,0,0,0,0,0,0,0,0,1,0,0,0,0,1,0,0,0,0,0,,,46045
bert_20260228023827,82431,20260124,1,2870063,unian,695094,PPLX,Ruttschenkowo,Donets'k,655,Donets'ka,10139,37.67529,47.95508,ADM1,1,1,0,1,0,0,0,0,0,0,0,0,0,0,1,0,0,0,0,0,0,0,0,0,0,,,46045
bert_20260228023827,188325,20260124,1,2870064,unian,703448,PPLC,Kyiv,Kiev City,1210,Shevchenkivs'kyi,33738,30.52355,50.45044,ADM3,1,0,1,1,0,0,0,0,0,0,0,0,0,0,0,0,0,0,0,1,0,0,0,1,0,,,46045
bert_20260228023827,188323,20260124,1,2870066,unian,703448,PPLC,Kyiv,Kiev City,1210,Shevchenkivs'kyi,33738,30.52355,50.45044,ADM3,0,0,0,0,0,1,1,0,0,0,0,0,0,0,0,0,0,0,0,0,0,0,0,0,0,,,46045
bert_20260228023827,188318,20260124,1,2870067,unian,703448,PPLC,Kyiv,Kiev City,1210,Shevchenkivs'kyi,33738,30.52355,50.45044,ADM3,0,0,0,0,0,0,0,0,0,0,0,0,0,0,0,0,0,0,0,1,0,0,0,0,0,,,46045
bert_20260228023827,19885,20260124,1,2870068,unian,688032,PPL,Troieshchyna,Khmel'nyts'kyy,1196,Polons'kyi,28889,27.37045,50.00972,ADM3,0,0,0,0,0,0,0,0,0,0,0,0,0,0,0,0,0,0,0,1,0,0,0,0,0,,,46045
bert_20260228023827,188326,20260124,1,2870070,unian,703448,PPLC,Kyiv,Kiev City,1210,Shevchenkivs'kyi,33738,30.52355,50.45044,ADM3,0,1,0,1,0,0,0,0,0,0,0,0,0,0,0,0,0,0,0,0,0,0,0,0,0,,,46045
bert_20260228023827,188327,20260124,1,2870071,unian,703448,PPLC,Kyiv,Kiev City,1210,Shevchenkivs'kyi,33738,30.52355,50.45044,ADM3,1,1,0,1,0,0,0,0,0,0,0,0,0,0,0,0,0,0,0,0,0,0,0,0,0,,,46045
bert_20260228023827,261542,20260124,1,2870072,unian,707898,PPLA2,Hulyaypole,Zaporizhzhya,2730,Huliaipil's'kyi,14713,36.25322,47.66644,ADM3,1,1,1,1,0,0,0,0,0,0,0,0,0,0,1,0,0,0,0,0,0,0,1,0,0,,,46045
bert_20260228023827,188342,20260124,1,2870073,unian,703448,PPLC,Kyiv,Kiev City,1210,Shevchenkivs'kyi,33738,30.52355,50.45044,ADM3,1,1,1,1,0,0,0,0,0,0,1,0,0,0,0,0,0,0,0,1,0,0,0,1,0,,,46045
bert_20260228023827,19887,20260124,1,2870076,unian,688032,PPL,Troieshchyna,Khmel'nyts'kyy,1196,Polons'kyi,28889,27.37045,50.00972,ADM3,1,1,1,1,1,0,0,0,1,0,1,0,0,1,0,0,0,0,0,1,0,0,0,1,0,,,46045
bert_20260228023827,192430,20260124,1,2870078,unian,703656,PPLA2,Kupiansk,Kharkiv,1191,Kupians'ka,19188,37.61478,49.7108,ADM3,1,1,1,1,0,0,0,0,0,0,0,0,0,0,1,0,0,0,1,0,0,0,0,0,0,,,46045
bert_20260228023827,397096,20260124,1,2870079,unian,,,,,,,,36.58734,50.59556,ADM3,1,1,0,0,0,0,0,0,0,0,0,0,0,0,0,0,1,0,0,1,0,0,0,0,0,,,46045
bert_20260228023827,258263,20260125,1,3022452,liga,707471,PPLA,Ivano-Frankivsk,Ivano-Frankivs'k,1023,Ivano-Frankivs'ka,15846,24.71116,48.92268,ADM3,0,0,0,0,0,0,1,0,0,0,0,0,0,0,0,0,0,0,0,0,0,0,0,0,0,,,46046
bert_20260228023827,188351,20260125,6,"3009946, 2870085, 2870446, 2876833, 2876837, 2876838","liga, espreso, meduza",703448,PPLC,Kyiv,Kiev City,1210,Shevchenkivs'kyi,33738,30.52355,50.45044,ADM3,0,0,0,0,0,1,0,0,0,0,0,0,0,0,0,0,0,0,0,0,0,0,0,0,0,,,46046
bert_20260228023827,250251,20260125,1,2984827,liga,706483,PPLA,Kharkiv,Kharkiv,1191,Kharkivs'ka,17850,36.2312,49.99217,ADM3,0,0,0,0,0,0,0,0,0,0,0,0,0,0,0,0,0,0,0,0,0,0,0,0,0,,,46046
bert_20260228023827,250252,20260125,1,2984828,liga,706483,PPLA,Kharkiv,Kharkiv,1191,Kharkivs'ka,17850,36.2312,49.99217,ADM3,0,0,0,0,0,0,0,0,0,0,1,0,0,0,0,0,0,0,0,0,0,0,0,0,0,,,46046
bert_20260228023827,188355,20260125,1,2972121,liga,703448,PPLC,Kyiv,Kiev City,1210,Shevchenkivs'kyi,33738,30.52355,50.45044,ADM3,0,0,1,0,0,0,1,0,0,0,0,0,0,0,0,0,0,0,0,0,0,0,0,0,0,,,46046
bert_20260228023827,323916,20260125,1,2972122,liga,712956,PPL,Bakhmutivka,Luhans'k,1405,Novoaidars'kyi,25882,39.04452,48.86708,ADM3,0,0,1,0,0,0,1,0,0,0,0,0,0,0,0,0,0,0,0,0,0,0,0,0,0,,,46046
bert_20260228023827,357656,20260125,1,2972123,liga,8250815,PPL,Karpaty,Transcarpathia,2491,Mukachivs'kyi,24017,22.8742,48.52159,ADM3,0,0,0,0,0,1,1,0,0,0,0,0,0,0,0,0,0,0,0,1,0,0,0,0,0,,,46046
bert_20260228023827,188356,20260125,1,2965761,liga,703448,PPLC,Kyiv,Kiev City,1210,Shevchenkivs'kyi,33738,30.52355,50.45044,ADM3,1,1,0,1,0,0,0,0,0,0,0,0,0,0,0,0,0,0,0,1,0,0,0,0,0,,,46046
bert_20260228023827,188360,20260125,3,"2946816, 2876835, 2864119","liga, meduza",703448,PPLC,Kyiv,Kiev City,1210,Shevchenkivs'kyi,33738,30.52355,50.45044,ADM3,1,1,1,1,0,0,0,0,0,0,0,0,0,0,0,0,0,0,0,1,0,0,0,0,0,,,46046
bert_20260228023827,188350,20260125,3,"2896244, 2876836, 2876853","liga, meduza, unian",703448,PPLC,Kyiv,Kiev City,1210,Shevchenkivs'kyi,33738,30.52355,50.45044,ADM3,0,0,0,0,0,0,1,0,0,0,0,0,0,0,0,0,0,0,0,0,0,0,0,0,0,,,46046
bert_20260228023827,203555,20260125,1,2870080,espreso,704422,PPLA2,Pokrovsk,Donets'k,655,Krasnoarmiis'kyi,18918,37.1756,48.28035,ADM3,1,1,1,1,0,0,0,0,0,0,0,0,0,0,1,1,0,0,0,0,0,0,1,0,0,,,46046
bert_20260228023827,29704,20260125,1,2870081,espreso,689103,PPL,Volovytsia,Chernihiv,498,Borznians'kyi,5262,32.00406,51.35543,ADM1,1,1,0,1,0,0,0,0,0,0,1,0,0,0,0,0,0,0,0,1,0,0,0,1,0,,,46046
bert_20260228023827,188359,20260125,1,2870082,espreso,703448,PPLC,Kyiv,Kiev City,1210,Shevchenkivs'kyi,33738,30.52355,50.45044,ADM3,1,1,0,1,0,0,0,0,0,0,1,0,0,1,0,0,0,0,0,1,0,0,0,1,0,,,46046
bert_20260228023827,131264,20260125,1,2870083,espreso,700569,PPLA,Mykolayiv,Mykolayiv,1628,Mykola‹vs'ka,24267,31.99381,46.97557,ADM3,1,1,0,1,0,0,0,0,0,0,1,0,0,1,0,0,0,0,0,1,0,0,0,1,0,,,46046
bert_20260228023827,250257,20260125,1,2870084,espreso,706483,PPLA,Kharkiv,Kharkiv,1191,Kharkivs'ka,17850,36.2312,49.99217,ADM3,1,1,0,1,0,0,0,0,0,0,1,0,0,0,0,0,0,0,0,1,0,0,0,1,0,,,46046
bert_20260228023827,188348,20260125,3,"2870086, 2870088, 2876834","espreso, meduza",703448,PPLC,Kyiv,Kiev City,1210,Shevchenkivs'kyi,33738,30.52355,50.45044,ADM3,0,0,0,0,0,0,0,0,0,0,0,0,0,0,0,0,0,0,0,0,0,0,0,0,0,,,46046
bert_20260228023827,203554,20260125,1,2870087,espreso,704422,PPLA2,Pokrovsk,Donets'k,655,Krasnoarmiis'kyi,18918,37.1756,48.28035,ADM3,1,1,1,0,0,0,0,0,0,0,0,0,0,0,0,1,0,0,0,0,0,0,1,0,0,,,46046
bert_20260228023827,188352,20260125,1,2870442,liga,703448,PPLC,Kyiv,Kiev City,1210,Shevchenkivs'kyi,33738,30.52355,50.45044,ADM3,0,0,0,0,0,1,0,0,0,0,0,0,0,0,0,0,1,0,0,1,0,0,0,1,0,,,46046
bert_20260228023827,188354,20260125,1,2870443,liga,703448,PPLC,Kyiv,Kiev City,1210,Shevchenkivs'kyi,33738,30.52355,50.45044,ADM3,1,0,1,0,0,0,0,0,0,0,0,0,0,0,0,0,0,0,0,0,0,0,0,0,0,,,46046
bert_20260228023827,188353,20260125,1,2870444,liga,703448,PPLC,Kyiv,Kiev City,1210,Shevchenkivs'kyi,33738,30.52355,50.45044,ADM3,1,0,0,1,0,0,0,0,0,0,0,0,0,1,0,0,0,0,0,1,0,0,0,1,0,,,46046
bert_20260228023827,29703,20260125,1,2870445,liga,689103,PPL,Volovytsia,Chernihiv,498,Borznians'kyi,5262,32.00406,51.35543,ADM1,0,0,0,0,0,1,0,0,0,0,0,0,0,0,0,0,0,0,0,0,0,0,0,0,0,,,46046
bert_20260228023827,287145,20260125,1,2870553,liveuamap,709930,PPLA,Dnipro,Dnipropetrovs'k,650,Dnipropetrovs'ka,9966,35.04618,48.46472,ADM3,1,1,0,1,0,0,0,0,0,0,1,0,0,0,0,0,0,0,0,0,0,0,0,0,0,,,46046
bert_20260228023827,287146,20260125,1,2870554,liveuamap,709930,PPLA,Dnipro,Dnipropetrovs'k,650,Dnipropetrovs'ka,9966,35.04618,48.46472,ADM3,1,1,1,0,1,0,0,0,0,0,0,0,0,0,0,0,0,1,0,1,0,0,0,0,0,,,46046
bert_20260228023827,307070,20260125,1,2870555,liveuamap,711562,PPL,Bortnychi,Kiev City,1210,Darnyts'kyi,9350,30.69594,50.40952,STREET,0,0,0,0,0,0,0,0,0,0,0,0,0,0,0,0,0,0,0,0,0,0,0,0,0,,,46046
bert_20260228023827,287144,20260125,1,2870556,liveuamap,709930,PPLA,Dnipro,Dnipropetrovs'k,650,Dnipropetrovs'ka,9966,35.04618,48.46472,ADM3,0,0,0,0,0,0,0,0,0,0,0,0,0,0,0,0,0,0,0,0,0,0,0,0,0,,,46046
bert_20260228023827,306949,20260125,1,2870558,liveuamap,711562,PPL,Bortnychi,Kiev City,1210,Darnyts'kyi,9350,30.69133,50.3998,ADM2,0,0,0,0,0,0,0,0,0,0,0,0,0,0,0,0,0,0,0,0,0,0,0,0,0,,,46046
bert_20260228023827,235320,20260125,1,2870559,liveuamap,706448,PPLA,Kherson,Kherson,1195,Khersons'ka,17890,32.61496,46.64032,ADM3,1,1,0,1,0,0,0,0,0,0,0,0,0,1,0,0,0,0,0,1,0,0,0,1,0,,,46046
bert_20260228023827,287147,20260125,1,2870560,liveuamap,709930,PPLA,Dnipro,Dnipropetrovs'k,650,Dnipropetrovs'ka,9966,35.04618,48.46472,ADM3,1,1,1,1,0,0,0,0,1,0,0,0,0,0,0,0,0,0,0,1,0,0,0,0,0,,,46046
bert_20260228023827,26164,20260125,2,"2870561, 2870599",liveuamap,688871,PPL,Vozdvyzhivka,Zaporizhzhya,2730,Novomykola‹vs'kyi,25913,36.07979,47.74727,ADM3,1,1,1,1,0,0,0,0,1,0,0,0,0,0,0,0,0,0,0,1,0,0,0,0,0,,,46046
bert_20260228023827,44348,20260125,1,2870562,liveuamap,691639,PPL,Ternuvate,Dnipropetrovs'k,650,Pokrovs'kyi,28862,36.13247,47.82975,ADM3,1,1,1,1,0,0,0,0,1,0,0,0,0,0,0,0,0,0,0,1,0,0,0,0,0,,,46046
bert_20260228023827,304918,20260125,1,2870563,liveuamap,710925,PPL,Charivne,Zaporizhzhya,2730,Orikhivs'kyi,26748,36.03595,47.58161,ADM3,1,1,1,1,0,0,0,0,1,0,0,0,0,0,0,0,0,0,0,1,0,0,0,0,0,,,46046
bert_20260228023827,355000,20260125,1,2870564,liveuamap,829795,PPL,Kirove,Zaporizhzhya,2730,Orikhivs'kyi,26748,35.69274,47.65945,ADM3,1,1,1,1,0,0,0,0,1,0,0,0,0,0,0,0,0,0,0,1,0,0,0,0,0,,,46046
bert_20260228023827,19330,20260125,2,"2870565, 2870600",liveuamap,687700,PPLA,Zaporizhzhya,Zaporizhzhya,2730,Zaporiz'ka,41153,35.13885,47.83831,ADM3,1,1,1,1,0,0,0,0,1,0,0,0,0,0,0,0,0,0,0,1,0,0,0,0,0,,,46046
bert_20260228023827,55616,20260125,2,"2870566, 2870597",liveuamap,693065,PPLX,Sotsmisto,Donets'k,655,Kramators'ka,18898,37.5844,48.73898,ADM3,1,0,1,0,0,0,0,0,0,0,0,0,0,0,0,1,0,0,0,0,0,0,0,0,0,,,46046
bert_20260228023827,208609,20260125,1,2870567,liveuamap,705104,PPL,Kostiantynivka,Donets'k,655,Kostiantynivs'ka,18738,37.69368,48.53467,ADM3,1,0,1,0,0,0,0,0,0,0,0,0,0,0,0,1,0,0,0,0,0,0,0,0,0,,,46046
bert_20260228023827,250253,20260125,2,"2870568, 2870592",liveuamap,706483,PPLA,Kharkiv,Kharkiv,1191,Kharkivs'ka,17850,36.2312,49.99217,ADM3,1,0,1,0,0,0,0,0,0,0,0,0,0,0,0,1,0,0,0,0,0,0,0,0,0,,,46046
bert_20260228023827,57713,20260125,2,"2870569, 2870594",liveuamap,693468,PPL,Sloviansk,Donets'k,655,Slovians'ka,34511,37.60582,48.85227,ADM3,1,0,1,0,0,0,0,0,0,0,0,0,0,0,0,1,0,0,0,0,0,0,0,0,0,,,46046
bert_20260228023827,100681,20260125,2,"2870570, 2870595",liveuamap,698020,PPL,Pankivka,Luhans'k,1405,Luhans'ka,20910,39.34878,48.69979,ADM3,1,0,1,0,0,0,0,0,0,0,0,0,0,0,0,1,0,0,0,0,0,0,0,0,0,,,46046
bert_20260228023827,192431,20260125,2,"2870571, 2870596",liveuamap,703656,PPLA2,Kupiansk,Kharkiv,1191,Kupians'ka,19188,37.61478,49.7108,ADM3,1,0,1,0,0,0,0,0,0,0,0,0,0,0,0,1,0,0,0,0,0,0,0,0,0,,,46046
bert_20260228023827,19327,20260125,1,2870572,liveuamap,687700,PPLA,Zaporizhzhya,Zaporizhzhya,2730,Zaporiz'ka,41153,35.13885,47.83831,ADM3,1,0,1,0,0,0,0,0,0,0,0,0,0,0,0,1,0,0,0,0,0,0,0,0,0,,,46046
bert_20260228023827,42294,20260125,1,2870573,liveuamap,691358,PPL,Torske,Donets'k,655,Krasnolymans'kyi,18941,37.96573,49.00937,STREET,1,0,1,0,0,0,0,0,0,0,0,0,0,0,0,1,0,0,0,0,0,0,0,0,0,,,46046
bert_20260228023827,197359,20260125,3,"2870574, 2870577, 2870601",liveuamap,704204,PPL,Lyman,Donets'k,655,Krasnolymans'kyi,18941,37.82245,48.96409,ADM3,1,0,1,0,0,0,0,0,0,0,0,0,0,0,0,1,0,0,0,0,0,0,0,0,0,,,46046
bert_20260228023827,20576,20260125,1,2870575,liveuamap,688228,PPL,Dibrovy,Kirovohrad,1222,Oleksandriis'kyi,26476,33.06403,48.78726,ADM3,1,0,1,0,0,0,0,0,0,0,0,0,0,0,0,1,0,0,0,0,0,0,0,0,0,,,46046
bert_20260228023827,203553,20260125,1,2870576,liveuamap,704422,PPLA2,Pokrovsk,Donets'k,655,Krasnoarmiis'kyi,18918,37.1756,48.28035,ADM3,1,0,1,0,0,0,0,0,0,0,0,0,0,0,0,1,0,0,0,0,0,0,0,0,0,,,46046
bert_20260228023827,98636,20260125,1,2870579,liveuamap,697866,PPL,Pavlivka,Donets'k,655,Mar‹ns'kyi,21886,37.21804,47.75441,STREET,1,0,1,0,0,0,0,0,0,0,0,0,0,0,0,1,0,0,0,0,0,0,0,0,0,,,46046
bert_20260228023827,376813,20260125,1,2870580,liveuamap,9532052,PPL,Huliaipilske,Zaporizhzhya,2730,Huliaipil's'kyi,14713,36.06122,47.61272,ADM3,1,0,1,0,0,0,0,0,0,0,0,0,0,0,0,1,0,0,0,0,0,0,0,0,0,,,46046
bert_20260228023827,261544,20260125,2,"2870581, 2870607",liveuamap,707898,PPLA2,Hulyaypole,Zaporizhzhya,2730,Huliaipil's'kyi,14713,36.25322,47.66644,ADM3,1,0,1,0,0,0,0,0,0,0,0,0,0,0,0,1,0,0,0,0,0,0,0,0,0,,,46046
bert_20260228023827,294897,20260125,1,2870582,liveuamap,710735,PPLA,Chernihiv,Chernihiv,498,Chernihivs'ka,7660,31.29865,51.49101,ADM3,1,1,0,1,0,0,0,0,0,0,0,0,0,0,0,0,0,0,0,1,0,0,0,0,0,,,46046
bert_20260228023827,188358,20260125,1,2870583,liveuamap,703448,PPLC,Kyiv,Kiev City,1210,Shevchenkivs'kyi,33738,30.52355,50.45044,ADM3,1,1,0,1,0,0,0,0,0,0,0,0,0,1,0,0,0,0,0,1,0,0,0,1,0,,,46046
bert_20260228023827,250255,20260125,1,2870584,liveuamap,706483,PPLA,Kharkiv,Kharkiv,1191,Kharkivs'ka,17850,36.2312,49.99217,ADM3,1,1,0,1,0,0,0,0,0,0,0,0,0,1,0,0,0,0,0,1,0,0,0,1,0,,,46046
bert_20260228023827,250258,20260125,1,2870585,liveuamap,706483,PPLA,Kharkiv,Kharkiv,1191,Kharkivs'ka,17850,36.2312,49.99217,ADM3,1,1,0,1,0,0,0,0,1,0,1,0,0,0,0,0,0,0,0,1,0,0,0,0,0,,,46046
bert_20260228023827,304240,20260125,1,2870586,liveuamap,710791,PPLA,Cherkasy,Cherkasy,497,Cherkas'ka,7654,32.05977,49.44443,ADM3,1,0,1,0,1,0,0,1,0,0,1,0,0,0,0,0,0,0,0,1,0,0,0,1,0,,,46046
bert_20260228023827,250254,20260125,1,2870587,liveuamap,706483,PPLA,Kharkiv,Kharkiv,1191,Kharkivs'ka,17850,36.2312,49.99217,ADM3,1,0,1,0,1,0,0,1,0,0,1,0,0,0,0,0,0,0,0,1,0,0,0,0,0,,,46046
bert_20260228023827,188362,20260125,1,2870588,liveuamap,703448,PPLC,Kyiv,Kiev City,1210,Shevchenkivs'kyi,33738,30.52355,50.45044,ADM3,1,1,1,1,0,0,0,0,0,0,1,0,0,0,0,0,0,0,0,0,0,0,0,0,0,,,46046
bert_20260228023827,89870,20260125,1,2870589,liveuamap,696127,PPL,Prudianka,Kharkiv,1191,Derhachivs'kyi,9588,36.17045,50.23972,ADM3,1,1,0,1,0,0,0,0,0,0,1,0,0,0,0,0,0,0,0,0,0,0,0,1,0,,,46046
bert_20260228023827,250256,20260125,1,2870590,liveuamap,706483,PPLA,Kharkiv,Kharkiv,1191,Kharkivs'ka,17850,36.2312,49.99217,ADM3,1,1,0,1,0,0,0,0,0,0,1,0,0,0,0,0,0,0,0,0,0,0,0,1,0,,,46046
bert_20260228023827,250259,20260125,1,2870591,liveuamap,706483,PPLA,Kharkiv,Kharkiv,1191,Kharkivs'ka,17850,36.2312,49.99217,ADM3,1,1,1,1,0,0,0,0,0,0,0,0,0,0,1,0,0,0,1,0,0,0,0,0,0,,,46046
bert_20260228023827,32674,20260125,1,2870593,liveuamap,689304,PPLA2,Vovchansk,Kharkiv,1191,Vovchans'kyi,39837,36.9368,50.29401,ADM3,1,0,1,0,0,0,0,0,0,0,0,0,0,0,0,1,0,0,0,0,0,0,0,0,0,,,46046
bert_20260228023827,82433,20260125,1,2870598,liveuamap,695094,PPLX,Ruttschenkowo,Donets'k,655,Donets'ka,10139,37.67529,47.95508,ADM1,1,1,1,1,0,0,0,0,1,0,0,0,0,0,0,0,0,0,0,1,0,0,0,0,0,,,46046
bert_20260228023827,203552,20260125,1,2870602,liveuamap,704422,PPLA2,Pokrovsk,Donets'k,655,Krasnoarmiis'kyi,18918,37.1756,48.28035,ADM3,1,0,1,0,0,0,0,0,0,0,0,0,0,0,0,0,0,0,0,0,0,0,0,0,0,,,46046
bert_20260228023827,90745,20260125,1,2870604,liveuamap,696357,PPL,Predtechyne,Donets'k,655,Kostiantynivs'kyi,18739,37.80136,48.51891,STREET,1,0,1,0,0,0,0,0,0,0,0,0,0,0,0,1,0,0,0,0,0,0,0,0,0,,,46046
bert_20260228023827,257476,20260125,1,2870605,liveuamap,707464,PPL,Ivanopillia,Donets'k,655,Kostiantynivs'kyi,18739,37.76439,48.47357,ADM3,1,0,1,0,0,0,0,0,0,0,0,0,0,0,0,1,0,0,0,0,0,0,0,0,0,,,46046
bert_20260228023827,387946,20260125,1,2870606,liveuamap,11151973,PPL,Stepove,Dnipropetrovs'k,650,Krynychans'kyi,19030,34.53593,48.44595,ADM3,1,0,1,0,0,0,0,0,0,0,0,0,0,0,0,1,0,0,0,0,0,0,0,0,0,,,46046
bert_20260228023827,235321,20260125,1,2870609,liveuamap,706448,PPLA,Kherson,Kherson,1195,Khersons'ka,17890,32.61496,46.64032,ADM3,1,1,1,1,0,0,0,0,0,0,0,0,0,0,1,0,0,0,0,0,0,0,1,0,0,,,46046
bert_20260228023827,360530,20260125,1,2870610,liveuamap,8419787,PPL,Zakumske,Sumy,2356,Sums'kyi,35426,34.64912,50.95537,ADM2,1,1,1,1,0,0,0,0,0,0,0,0,0,0,1,1,0,0,0,0,0,0,1,0,0,,,46046
bert_20260228023827,188357,20260125,2,"2876831, 2876832",meduza,703448,PPLC,Kyiv,Kiev City,1210,Shevchenkivs'kyi,33738,30.52355,50.45044,ADM3,1,1,0,1,0,0,0,0,0,0,0,0,0,1,0,0,0,0,0,1,0,0,0,0,0,,,46046
bert_20260228023827,188363,20260125,1,2876847,unian,703448,PPLC,Kyiv,Kiev City,1210,Shevchenkivs'kyi,33738,30.52355,50.45044,ADM3,1,1,1,1,0,0,0,0,1,0,0,0,0,1,0,0,0,0,0,1,0,0,0,1,0,,,46046
bert_20260228023827,19329,20260125,1,2876848,unian,687700,PPLA,Zaporizhzhya,Zaporizhzhya,2730,Zaporiz'ka,41153,35.13885,47.83831,ADM3,0,1,1,1,0,0,0,0,0,0,0,0,0,0,0,0,0,0,0,0,0,0,0,0,0,,,46046
bert_20260228023827,19328,20260125,1,2876849,unian,687700,PPLA,Zaporizhzhya,Zaporizhzhya,2730,Zaporiz'ka,41153,35.13885,47.83831,ADM3,1,1,1,0,0,0,0,0,0,0,0,0,0,0,0,0,0,0,0,0,0,0,0,0,0,,,46046
bert_20260228023827,146311,20260125,1,2876850,unian,702148,PPLX,Mala Verhunka,Luhans'k,1405,Luhans'ka,20910,39.37997,48.56047,ADM3,1,1,1,0,0,0,0,0,0,0,0,0,0,0,0,0,0,0,0,0,0,0,0,0,0,,,46046
bert_20260228023827,288619,20260125,1,2876851,unian,710243,PPL,Davydivka,Chernivtsi,499,Storozhynets'kyi,35189,25.53629,48.1277,ADM3,0,0,0,0,0,0,1,0,0,0,0,0,0,0,0,0,0,0,0,0,0,0,0,0,0,,,46046
bert_20260228023827,188349,20260125,1,2876852,unian,703448,PPLC,Kyiv,Kiev City,1210,Shevchenkivs'kyi,33738,30.52355,50.45044,ADM3,1,0,0,0,0,0,0,0,0,0,0,0,0,0,0,0,0,0,0,0,0,0,0,1,0,,,46046
bert_20260228023827,5825,20260125,1,2876854,unian,687184,PPL,Kryvorizhzhya,Mykolayiv,1628,Novoodes'kyi,25916,31.76725,47.39462,ADM1,1,1,0,1,0,0,0,0,0,0,0,0,0,1,0,0,0,0,0,1,0,0,0,1,0,,,46046
bert_20260228023827,250260,20260125,1,2876855,unian,706483,PPLA,Kharkiv,Kharkiv,1191,Kharkivs'ka,17850,36.2312,49.99217,ADM3,1,1,1,1,0,0,0,0,1,0,0,0,0,0,0,0,0,0,0,1,0,0,0,1,0,,,46046
bert_20260228023827,38225,20260125,1,2876856,unian,690773,PPL,Ukrainka,Kiev,1209,Obukhivs'kyi,26204,30.74207,50.15372,ADM3,0,0,0,0,0,1,0,0,0,0,0,0,0,0,0,0,0,0,0,0,0,0,0,0,0,,,46046
bert_20260228023827,89724,20260125,1,2876857,unian,696032,PPLA2,Pustomyty,L'viv,1289,Pustomytivs'kyi,29580,23.91674,49.71749,ADM1,0,0,0,0,0,1,1,0,0,0,0,0,0,0,0,0,0,0,0,0,0,0,0,0,0,,,46046
bert_20260228023827,397097,20260125,1,2876858,unian,,,,,,,,36.58734,50.59556,ADM3,1,1,1,0,1,0,0,0,0,0,0,0,0,1,0,0,0,0,0,1,0,0,0,0,0,,,46046
bert_20260228023827,188361,20260125,1,2864120,liga,703448,PPLC,Kyiv,Kiev City,1210,Shevchenkivs'kyi,33738,30.52355,50.45044,ADM3,1,1,1,1,0,0,0,0,0,0,0,0,0,0,0,0,0,0,0,1,0,0,0,1,0,,,46046
bert_20260228023827,143759,20260126,1,3041251,liga,701822,PPL,Mariupol,Donets'k,655,Mariupol's'ka,22073,37.54144,47.0967,ADM3,1,1,1,0,0,1,0,0,0,0,0,0,0,0,0,0,0,0,0,0,0,0,0,0,0,,,46047
bert_20260228023827,258264,20260126,1,3022467,liga,707471,PPLA,Ivano-Frankivsk,Ivano-Frankivs'k,1023,Ivano-Frankivs'ka,15846,24.71116,48.92268,ADM3,0,0,0,0,0,0,1,0,0,0,0,0,0,0,0,0,0,0,0,0,0,0,0,0,0,,,46047
bert_20260228023827,188366,20260126,3,"3009961, 2870456, 2870462",liga,703448,PPLC,Kyiv,Kiev City,1210,Shevchenkivs'kyi,33738,30.52355,50.45044,ADM3,0,0,0,0,0,1,0,0,0,0,0,0,0,0,0,0,0,0,0,0,0,0,0,0,0,,,46047
bert_20260228023827,250261,20260126,1,2984843,liga,706483,PPLA,Kharkiv,Kharkiv,1191,Kharkivs'ka,17850,36.2312,49.99217,ADM3,0,0,0,0,0,0,0,0,0,0,0,0,0,0,0,0,0,0,0,0,0,0,0,0,0,,,46047
bert_20260228023827,250262,20260126,1,2984844,liga,706483,PPLA,Kharkiv,Kharkiv,1191,Kharkivs'ka,17850,36.2312,49.99217,ADM3,0,0,0,0,0,0,0,0,0,0,1,0,0,0,0,0,0,0,0,0,0,0,0,0,0,,,46047
bert_20260228023827,188367,20260126,1,2972139,liga,703448,PPLC,Kyiv,Kiev City,1210,Shevchenkivs'kyi,33738,30.52355,50.45044,ADM3,0,0,1,0,0,0,1,0,0,0,0,0,0,0,0,0,0,0,0,0,0,0,0,0,0,,,46047
bert_20260228023827,323917,20260126,1,2972140,liga,712956,PPL,Bakhmutivka,Luhans'k,1405,Novoaidars'kyi,25882,39.04452,48.86708,ADM3,0,0,1,0,0,0,1,0,0,0,0,0,0,0,0,0,0,0,0,0,0,0,0,0,0,,,46047
bert_20260228023827,357657,20260126,1,2972141,liga,8250815,PPL,Karpaty,Transcarpathia,2491,Mukachivs'kyi,24017,22.8742,48.52159,ADM3,0,0,0,0,0,1,1,0,0,0,0,0,0,0,0,0,0,0,0,1,0,0,0,0,0,,,46047
bert_20260228023827,188369,20260126,2,"2965776, 2876874","liga, unian",703448,PPLC,Kyiv,Kiev City,1210,Shevchenkivs'kyi,33738,30.52355,50.45044,ADM3,1,1,0,1,0,0,0,0,0,0,0,0,0,0,0,0,0,0,0,1,0,0,0,0,0,,,46047
bert_20260228023827,188371,20260126,1,2946831,liga,703448,PPLC,Kyiv,Kiev City,1210,Shevchenkivs'kyi,33738,30.52355,50.45044,ADM3,1,1,1,1,0,0,0,0,0,0,0,0,0,0,0,0,0,0,0,1,0,0,0,0,0,,,46047
bert_20260228023827,188365,20260126,2,"2896259, 2876860","liga, unian",703448,PPLC,Kyiv,Kiev City,1210,Shevchenkivs'kyi,33738,30.52355,50.45044,ADM3,0,0,0,0,0,0,1,0,0,0,0,0,0,0,0,0,0,0,0,0,0,0,0,0,0,,,46047
bert_20260228023827,82436,20260126,1,2870089,espreso,695094,PPLX,Ruttschenkowo,Donets'k,655,Donets'ka,10139,37.67529,47.95508,ADM1,1,1,1,1,0,0,0,0,0,0,1,0,0,0,0,0,0,0,0,0,0,0,0,0,0,,,46047
bert_20260228023827,203557,20260126,1,2870090,espreso,704422,PPLA2,Pokrovsk,Donets'k,655,Krasnoarmiis'kyi,18918,37.1756,48.28035,ADM3,1,1,1,0,0,0,0,0,0,0,0,0,0,0,0,1,0,0,0,0,0,0,0,0,0,,,46047
bert_20260228023827,345581,20260126,1,2870091,espreso,805500,PPL,Voronyne,Sumy,2356,Bilopils'kyi,4621,34.12376,51.10624,ADM1,1,1,1,1,0,0,0,0,0,0,1,0,0,0,0,0,0,1,0,1,0,0,0,0,0,,,46047
bert_20260228023827,19333,20260126,1,2870092,espreso,687700,PPLA,Zaporizhzhya,Zaporizhzhya,2730,Zaporiz'ka,41153,35.13885,47.83831,ADM3,1,1,1,1,0,0,0,0,0,0,1,0,0,0,0,0,0,1,0,1,0,0,0,0,0,,,46047
bert_20260228023827,250266,20260126,1,2870447,liga,706483,PPLA,Kharkiv,Kharkiv,1191,Kharkivs'ka,17850,36.2312,49.99217,ADM3,1,1,0,1,0,0,0,0,0,0,1,0,0,1,0,0,0,0,0,1,0,0,0,1,0,,,46047
bert_20260228023827,82435,20260126,1,2870448,liga,695094,PPLX,Ruttschenkowo,Donets'k,655,Donets'ka,10139,37.67529,47.95508,ADM1,1,1,1,0,1,0,0,0,0,0,0,0,0,0,1,0,0,0,0,0,0,0,0,0,0,,,46047
bert_20260228023827,192434,20260126,1,2870449,liga,703656,PPLA2,Kupiansk,Kharkiv,1191,Kupians'ka,19188,37.61478,49.7108,ADM3,1,1,1,0,0,1,0,0,0,0,0,0,1,0,0,0,0,0,0,0,0,0,0,1,0,,,46047
bert_20260228023827,49224,20260126,1,2870450,liga,692194,PPLA,Sumy,Sumy,2356,Sums'ka,35425,34.80276,50.91198,ADM3,1,1,1,0,1,0,0,0,0,0,0,0,0,0,1,0,0,1,0,0,0,0,0,0,0,,,46047
bert_20260228023827,287153,20260126,1,2870451,liga,709930,PPLA,Dnipro,Dnipropetrovs'k,650,Dnipropetrovs'ka,9966,35.04618,48.46472,ADM3,1,1,1,1,0,0,0,0,0,0,1,0,0,0,0,0,0,0,0,0,0,0,0,0,0,,,46047
bert_20260228023827,345580,20260126,1,2870452,liga,805500,PPL,Voronyne,Sumy,2356,Bilopils'kyi,4621,34.12376,51.10624,ADM1,1,1,1,1,0,0,0,0,0,0,1,0,0,0,0,0,0,0,0,0,0,0,0,0,0,,,46047
bert_20260228023827,188373,20260126,1,2870453,liga,703448,PPLC,Kyiv,Kiev City,1210,Shevchenkivs'kyi,33738,30.52355,50.45044,ADM3,1,1,1,1,0,0,0,0,0,0,1,0,0,1,0,0,0,0,0,1,0,0,1,1,0,,,46047
bert_20260228023827,82434,20260126,1,2870454,liga,695094,PPLX,Ruttschenkowo,Donets'k,655,Donets'ka,10139,37.67529,47.95508,ADM1,1,1,1,0,0,0,0,0,0,0,0,0,0,0,0,0,0,0,0,0,0,0,1,1,0,,,46047
bert_20260228023827,188375,20260126,1,2870455,liga,703448,PPLC,Kyiv,Kiev City,1210,Shevchenkivs'kyi,33738,30.52355,50.45044,ADM3,1,1,1,1,0,0,0,1,1,0,1,0,0,1,0,0,0,0,0,1,0,0,0,1,0,,,46047
bert_20260228023827,383232,20260126,1,2870457,liga,10323823,PPLX,Miskyi Ostriv,Donets'k,655,Mariupol's'ka,22073,37.57421,47.09605,ADM3,1,1,1,0,1,0,0,0,0,0,1,0,0,0,1,1,0,1,1,0,0,0,0,0,0,,,46047
bert_20260228023827,192433,20260126,1,2870458,liga,703656,PPLA2,Kupiansk,Kharkiv,1191,Kupians'ka,19188,37.61478,49.7108,ADM3,1,1,1,0,0,0,0,0,0,0,0,0,0,0,1,1,0,1,1,0,0,0,1,0,0,,,46047
bert_20260228023827,19334,20260126,1,2870459,liga,687700,PPLA,Zaporizhzhya,Zaporizhzhya,2730,Zaporiz'ka,41153,35.13885,47.83831,ADM3,1,1,1,1,0,0,0,0,0,0,1,0,0,1,0,0,0,0,0,1,0,0,0,1,0,,,46047
bert_20260228023827,347993,20260126,1,2870460,liga,809452,PPL,Kuban,Luhans'k,1405,Novopskovs'kyi,25920,39.02962,49.65099,ADM3,1,1,1,0,1,0,0,1,0,0,1,0,0,0,0,0,0,0,0,1,0,0,0,1,0,,,46047
bert_20260228023827,29705,20260126,1,2870461,liga,689103,PPL,Volovytsia,Chernihiv,498,Borznians'kyi,5262,32.00406,51.35543,ADM1,0,0,0,0,0,1,0,0,0,0,0,0,0,0,0,0,0,0,0,0,0,0,0,0,0,,,46047
bert_20260228023827,19332,20260126,2,"2870611, 2870667",liveuamap,687700,PPLA,Zaporizhzhya,Zaporizhzhya,2730,Zaporiz'ka,41153,35.13885,47.83831,ADM3,1,1,0,1,0,0,0,0,0,0,1,0,0,0,0,0,0,0,0,1,0,0,0,0,0,,,46047
bert_20260228023827,250263,20260126,1,2870612,liveuamap,706483,PPLA,Kharkiv,Kharkiv,1191,Kharkivs'ka,17850,36.2312,49.99217,ADM3,1,0,0,0,0,0,1,0,0,0,1,0,0,0,0,0,0,0,0,1,0,0,0,1,0,,,46047
bert_20260228023827,250268,20260126,1,2870613,liveuamap,706483,PPLA,Kharkiv,Kharkiv,1191,Kharkivs'ka,17850,36.2312,49.99217,ADM3,1,1,1,0,1,0,0,1,0,0,1,0,0,0,0,0,0,0,0,0,0,0,0,0,0,,,46047
bert_20260228023827,287149,20260126,1,2870614,liveuamap,709930,PPLA,Dnipro,Dnipropetrovs'k,650,Dnipropetrovs'ka,9966,35.04618,48.46472,ADM3,1,0,1,0,1,0,0,0,0,0,1,0,0,0,0,0,0,0,0,1,0,0,0,0,0,,,46047
bert_20260228023827,26165,20260126,1,2870615,liveuamap,688871,PPL,Vozdvyzhivka,Zaporizhzhya,2730,Novomykola‹vs'kyi,25913,36.07979,47.74727,ADM3,1,1,1,1,0,0,0,0,1,0,0,0,0,0,0,0,0,0,0,0,0,0,0,0,0,,,46047
bert_20260228023827,19335,20260126,1,2870616,liveuamap,687700,PPLA,Zaporizhzhya,Zaporizhzhya,2730,Zaporiz'ka,41153,35.13885,47.83831,ADM3,1,1,1,1,0,0,0,0,1,0,0,0,0,0,0,0,0,0,0,0,0,0,0,0,0,,,46047
bert_20260228023827,192432,20260126,2,"2870617, 2870652",liveuamap,703656,PPLA2,Kupiansk,Kharkiv,1191,Kupians'ka,19188,37.61478,49.7108,ADM3,1,0,1,0,0,0,0,0,0,0,0,0,0,0,0,1,0,0,0,0,0,0,0,0,0,,,46047
bert_20260228023827,197360,20260126,3,"2870618, 2870655, 2870658",liveuamap,704204,PPL,Lyman,Donets'k,655,Krasnolymans'kyi,18941,37.82245,48.96409,ADM3,1,0,1,0,0,0,0,0,0,0,0,0,0,0,0,1,0,0,0,0,0,0,0,0,0,,,46047
bert_20260228023827,42295,20260126,2,"2870619, 2870654",liveuamap,691358,PPL,Torske,Donets'k,655,Krasnolymans'kyi,18941,37.96573,49.00937,STREET,1,0,1,0,0,0,0,0,0,0,0,0,0,0,0,1,0,0,0,0,0,0,0,0,0,,,46047
bert_20260228023827,250264,20260126,2,"2870620, 2870649",liveuamap,706483,PPLA,Kharkiv,Kharkiv,1191,Kharkivs'ka,17850,36.2312,49.99217,ADM3,1,0,1,0,0,0,0,0,0,0,0,0,0,0,0,1,0,0,0,0,0,0,0,0,0,,,46047
bert_20260228023827,57714,20260126,2,"2870621, 2870650",liveuamap,693468,PPL,Sloviansk,Donets'k,655,Slovians'ka,34511,37.60582,48.85227,ADM3,1,0,1,0,0,0,0,0,0,0,0,0,0,0,0,1,0,0,0,0,0,0,0,0,0,,,46047
bert_20260228023827,55617,20260126,2,"2870622, 2870647",liveuamap,693065,PPLX,Sotsmisto,Donets'k,655,Kramators'ka,18898,37.5844,48.73898,ADM3,1,0,1,0,0,0,0,0,0,0,0,0,0,0,0,1,0,0,0,0,0,0,0,0,0,,,46047
bert_20260228023827,208610,20260126,2,"2870623, 2870648",liveuamap,705104,PPL,Kostiantynivka,Donets'k,655,Kostiantynivs'ka,18738,37.69368,48.53467,ADM3,1,0,1,0,0,0,0,0,0,0,0,0,0,0,0,1,0,0,0,0,0,0,0,0,0,,,46047
bert_20260228023827,381239,20260126,1,2870624,liveuamap,10323759,PPLX,Cheremushky,Donets'k,655,Mariupol's'ka,22073,37.50564,47.07557,ADM3,1,0,1,0,0,0,0,0,0,0,0,0,0,0,0,1,0,0,0,0,0,0,0,0,0,,,46047
bert_20260228023827,376814,20260126,2,"2870625, 2870661",liveuamap,9532052,PPL,Huliaipilske,Zaporizhzhya,2730,Huliaipil's'kyi,14713,36.06122,47.61272,ADM3,1,0,1,0,0,0,0,0,0,0,0,0,0,0,0,1,0,0,0,0,0,0,0,0,0,,,46047
bert_20260228023827,261545,20260126,2,"2870626, 2870662",liveuamap,707898,PPLA2,Hulyaypole,Zaporizhzhya,2730,Huliaipil's'kyi,14713,36.25322,47.66644,ADM3,1,0,1,0,0,0,0,0,0,0,0,0,0,0,0,1,0,0,0,0,0,0,0,0,0,,,46047
bert_20260228023827,19331,20260126,2,"2870627, 2870653",liveuamap,687700,PPLA,Zaporizhzhya,Zaporizhzhya,2730,Zaporiz'ka,41153,35.13885,47.83831,ADM3,1,0,1,0,0,0,0,0,0,0,0,0,0,0,0,1,0,0,0,0,0,0,0,0,0,,,46047
bert_20260228023827,360753,20260126,1,2870628,liveuamap,8438363,PPL,Zelene,Rivne,2066,Dubens'kyi,10348,25.77252,50.45812,ADM3,1,0,1,0,0,0,0,0,0,0,0,0,0,0,0,1,0,0,0,0,0,0,0,0,0,,,46047
bert_20260228023827,364708,20260126,1,2870629,liveuamap,8729010,PPL,Varvarivka,Poltava,1956,Khorol's'kyi,17952,33.10109,49.80725,ADM3,1,0,1,0,0,0,0,0,0,0,0,0,0,0,0,1,0,0,0,0,0,0,0,0,0,,,46047
bert_20260228023827,203556,20260126,2,"2870630, 2870657",liveuamap,704422,PPLA2,Pokrovsk,Donets'k,655,Krasnoarmiis'kyi,18918,37.1756,48.28035,ADM3,1,0,1,0,0,0,0,0,0,0,0,0,0,0,0,1,0,0,0,0,0,0,0,0,0,,,46047
bert_20260228023827,287947,20260126,1,2870632,liveuamap,710035,PPLA2,Myrnohrad,Donets'k,655,Krasnoarmiis'ka,18917,37.26806,48.29097,ADM3,1,0,1,0,0,0,0,0,0,0,0,0,0,0,0,1,0,0,0,0,0,0,0,0,0,,,46047
bert_20260228023827,235323,20260126,1,2870633,liveuamap,706448,PPLA,Kherson,Kherson,1195,Khersons'ka,17890,32.61496,46.64032,ADM3,1,1,1,1,0,0,0,0,0,0,0,0,0,0,1,0,0,0,0,0,0,0,1,0,0,,,46047
bert_20260228023827,287150,20260126,1,2870634,liveuamap,709930,PPLA,Dnipro,Dnipropetrovs'k,650,Dnipropetrovs'ka,9966,35.04618,48.46472,ADM3,1,1,0,1,0,0,0,0,0,0,1,0,0,0,0,0,0,0,0,0,0,0,0,0,0,,,46047
bert_20260228023827,287152,20260126,1,2870635,liveuamap,709930,PPLA,Dnipro,Dnipropetrovs'k,650,Dnipropetrovs'ka,9966,35.04618,48.46472,ADM3,1,1,1,0,1,0,0,0,0,0,0,0,0,0,0,0,0,1,0,1,0,0,0,0,0,,,46047
bert_20260228023827,307071,20260126,1,2870636,liveuamap,711562,PPL,Bortnychi,Kiev City,1210,Darnyts'kyi,9350,30.69594,50.40952,STREET,0,0,0,0,0,0,0,0,0,0,0,0,0,0,0,0,0,0,0,0,0,0,0,0,0,,,46047
bert_20260228023827,287148,20260126,1,2870637,liveuamap,709930,PPLA,Dnipro,Dnipropetrovs'k,650,Dnipropetrovs'ka,9966,35.04618,48.46472,ADM3,0,0,0,0,0,0,0,0,0,0,0,0,0,0,0,0,0,0,0,0,0,0,0,0,0,,,46047
bert_20260228023827,306950,20260126,1,2870639,liveuamap,711562,PPL,Bortnychi,Kiev City,1210,Darnyts'kyi,9350,30.69133,50.3998,ADM2,0,0,0,0,0,0,0,0,0,0,0,0,0,0,0,0,0,0,0,0,0,0,0,0,0,,,46047
bert_20260228023827,235322,20260126,1,2870640,liveuamap,706448,PPLA,Kherson,Kherson,1195,Khersons'ka,17890,32.61496,46.64032,ADM3,1,1,0,1,0,0,0,0,0,0,0,0,0,1,0,0,0,0,0,1,0,0,0,1,0,,,46047
bert_20260228023827,287154,20260126,1,2870641,liveuamap,709930,PPLA,Dnipro,Dnipropetrovs'k,650,Dnipropetrovs'ka,9966,35.04618,48.46472,ADM3,1,1,1,1,0,0,0,0,1,0,0,0,0,0,0,0,0,0,0,1,0,0,0,0,0,,,46047
bert_20260228023827,26166,20260126,1,2870642,liveuamap,688871,PPL,Vozdvyzhivka,Zaporizhzhya,2730,Novomykola‹vs'kyi,25913,36.07979,47.74727,ADM3,1,1,1,1,0,0,0,0,1,0,0,0,0,0,0,0,0,0,0,1,0,0,0,0,0,,,46047
bert_20260228023827,44349,20260126,1,2870643,liveuamap,691639,PPL,Ternuvate,Dnipropetrovs'k,650,Pokrovs'kyi,28862,36.13247,47.82975,ADM3,1,1,1,1,0,0,0,0,1,0,0,0,0,0,0,0,0,0,0,1,0,0,0,0,0,,,46047
bert_20260228023827,304919,20260126,1,2870644,liveuamap,710925,PPL,Charivne,Zaporizhzhya,2730,Orikhivs'kyi,26748,36.03595,47.58161,ADM3,1,1,1,1,0,0,0,0,1,0,0,0,0,0,0,0,0,0,0,1,0,0,0,0,0,,,46047
bert_20260228023827,355001,20260126,1,2870645,liveuamap,829795,PPL,Kirove,Zaporizhzhya,2730,Orikhivs'kyi,26748,35.69274,47.65945,ADM3,1,1,1,1,0,0,0,0,1,0,0,0,0,0,0,0,0,0,0,1,0,0,0,0,0,,,46047
bert_20260228023827,19336,20260126,1,2870646,liveuamap,687700,PPLA,Zaporizhzhya,Zaporizhzhya,2730,Zaporiz'ka,41153,35.13885,47.83831,ADM3,1,1,1,1,0,0,0,0,1,0,0,0,0,0,0,0,0,0,0,1,0,0,0,0,0,,,46047
bert_20260228023827,100682,20260126,1,2870651,liveuamap,698020,PPL,Pankivka,Luhans'k,1405,Luhans'ka,20910,39.34878,48.69979,ADM3,1,0,1,0,0,0,0,0,0,0,0,0,0,0,0,1,0,0,0,0,0,0,0,0,0,,,46047
bert_20260228023827,20577,20260126,1,2870656,liveuamap,688228,PPL,Dibrovy,Kirovohrad,1222,Oleksandriis'kyi,26476,33.06403,48.78726,ADM3,1,0,1,0,0,0,0,0,0,0,0,0,0,0,0,1,0,0,0,0,0,0,0,0,0,,,46047
bert_20260228023827,98637,20260126,1,2870660,liveuamap,697866,PPL,Pavlivka,Donets'k,655,Mar‹ns'kyi,21886,37.21804,47.75441,STREET,1,0,1,0,0,0,0,0,0,0,0,0,0,0,0,1,0,0,0,0,0,0,0,0,0,,,46047
bert_20260228023827,294898,20260126,1,2870663,liveuamap,710735,PPLA,Chernihiv,Chernihiv,498,Chernihivs'ka,7660,31.29865,51.49101,ADM3,1,1,0,1,0,0,0,0,0,0,0,0,0,0,0,0,0,0,0,1,0,0,0,0,0,,,46047
bert_20260228023827,188370,20260126,1,2870664,liveuamap,703448,PPLC,Kyiv,Kiev City,1210,Shevchenkivs'kyi,33738,30.52355,50.45044,ADM3,1,1,0,1,0,0,0,0,0,0,0,0,0,1,0,0,0,0,0,1,0,0,0,1,0,,,46047
bert_20260228023827,250265,20260126,1,2870665,liveuamap,706483,PPLA,Kharkiv,Kharkiv,1191,Kharkivs'ka,17850,36.2312,49.99217,ADM3,1,1,0,1,0,0,0,0,0,0,0,0,0,1,0,0,0,0,0,1,0,0,0,1,0,,,46047
bert_20260228023827,250267,20260126,1,2870666,liveuamap,706483,PPLA,Kharkiv,Kharkiv,1191,Kharkivs'ka,17850,36.2312,49.99217,ADM3,1,1,0,1,0,0,0,0,1,0,1,0,0,0,0,0,0,0,0,1,0,0,0,0,0,,,46047
bert_20260228023827,131265,20260126,1,2876859,unian,700569,PPLA,Mykolayiv,Mykolayiv,1628,Mykola‹vs'ka,24267,31.99381,46.97557,ADM3,1,1,0,1,0,0,0,0,0,0,0,0,0,0,0,0,0,0,0,1,0,0,0,1,0,,,46047
bert_20260228023827,112412,20260126,1,2876861,unian,698740,PPLA,Odessa,Odessa,1800,Odes'ka,26260,30.73169,46.48421,ADM3,0,0,0,0,0,0,1,0,0,0,0,0,0,0,0,0,0,0,0,0,0,0,0,0,0,,,46047
bert_20260228023827,154165,20260126,1,2876862,unian,702550,PPLA,Lviv,L'viv,1289,L'vivs'ka,19402,24.0299,49.83932,ADM3,0,0,0,0,0,0,1,0,0,0,0,0,0,0,0,0,0,0,0,0,0,0,0,0,0,,,46047
bert_20260228023827,19888,20260126,1,2876863,unian,688032,PPL,Troieshchyna,Khmel'nyts'kyy,1196,Polons'kyi,28889,27.37045,50.00972,ADM3,0,0,0,0,0,0,0,0,0,0,0,0,0,0,0,0,0,0,0,1,0,0,0,0,0,,,46047
bert_20260228023827,197361,20260126,1,2876864,unian,704204,PPL,Lyman,Donets'k,655,Krasnolymans'kyi,18941,37.82245,48.96409,ADM3,1,1,1,1,0,0,0,0,0,0,0,0,0,0,1,0,0,0,1,0,0,0,0,0,0,,,46047
bert_20260228023827,289802,20260126,1,2876865,unian,710403,PPLQ,Chornobyl,Kiev,1209,Ivankivs'kyi,15844,30.211,51.27784,ADM3,0,0,0,0,0,0,1,0,0,0,0,0,0,0,0,0,0,0,0,0,0,0,0,0,0,,,46047
bert_20260228023827,55618,20260126,1,2876866,unian,693065,PPLX,Sotsmisto,Donets'k,655,Kramators'ka,18898,37.5844,48.73898,ADM3,1,1,1,1,0,0,0,0,0,0,0,0,0,0,1,0,0,0,0,0,0,0,0,0,0,,,46047
bert_20260228023827,45753,20260126,1,2876867,unian,691650,PPLA,Ternopil,Ternopil',2432,Ternopil's'ka,36855,25.59073,49.55596,ADM3,0,0,0,0,0,0,1,0,0,0,0,0,0,0,0,0,0,0,0,0,0,0,0,0,0,,,46047
bert_20260228023827,188374,20260126,1,2876868,unian,703448,PPLC,Kyiv,Kiev City,1210,Shevchenkivs'kyi,33738,30.52355,50.45044,ADM3,1,1,1,1,0,0,0,1,0,0,1,0,0,1,0,0,0,0,0,1,0,0,0,0,0,,,46047
bert_20260228023827,188364,20260126,2,"2876869, 2876878",unian,703448,PPLC,Kyiv,Kiev City,1210,Shevchenkivs'kyi,33738,30.52355,50.45044,ADM3,0,0,0,0,0,0,0,0,0,0,0,0,0,0,0,0,0,0,0,0,0,0,0,0,0,,,46047
bert_20260228023827,188368,20260126,1,2876870,unian,703448,PPLC,Kyiv,Kiev City,1210,Shevchenkivs'kyi,33738,30.52355,50.45044,ADM3,1,1,0,1,0,0,0,0,0,0,0,0,0,0,0,0,0,0,0,0,0,0,1,1,0,,,46047
bert_20260228023827,287151,20260126,1,2876871,unian,709930,PPLA,Dnipro,Dnipropetrovs'k,650,Dnipropetrovs'ka,9966,35.04618,48.46472,ADM3,1,1,1,0,0,0,0,0,0,0,1,0,0,0,0,0,0,0,0,0,0,0,0,0,0,,,46047
bert_20260228023827,288620,20260126,1,2876872,unian,710243,PPL,Davydivka,Chernivtsi,499,Storozhynets'kyi,35189,25.53629,48.1277,ADM3,0,0,1,0,0,1,1,0,0,0,0,0,0,0,0,0,0,0,0,0,0,0,0,0,0,,,46047
bert_20260228023827,303411,20260126,1,2876873,unian,710771,PPL,Chorna Dolyna,Kherson,1195,Kakhovs'kyi,16943,33.48173,46.55783,ADM1,1,1,1,1,0,0,0,0,0,0,0,0,0,0,1,0,0,0,0,0,0,0,0,0,0,,,46047
bert_20260228023827,373688,20260126,1,2876875,unian,9114542,PPL,Novyi,Luhans'k,1405,Krasnoluts'ka,18939,38.59081,48.49995,ADM3,0,0,0,0,0,0,1,0,0,0,0,0,0,0,0,0,0,0,0,0,0,0,0,0,0,,,46047
bert_20260228023827,235324,20260126,1,2876876,unian,706448,PPLA,Kherson,Kherson,1195,Khersons'ka,17890,32.61496,46.64032,ADM3,1,1,1,1,0,0,0,0,0,0,1,0,0,0,0,0,0,0,0,1,0,0,0,1,0,,,46047
bert_20260228023827,373689,20260126,1,2876877,unian,9114542,PPL,Novyi,Luhans'k,1405,Krasnoluts'ka,18939,38.59081,48.49995,ADM3,0,1,1,0,0,0,1,0,0,0,0,0,0,0,0,0,0,0,0,0,0,0,0,0,0,,,46047
bert_20260228023827,82437,20260126,1,2876879,unian,695094,PPLX,Ruttschenkowo,Donets'k,655,Donets'ka,10139,37.67529,47.95508,ADM1,1,1,1,1,1,0,0,0,0,0,0,0,0,0,1,0,0,0,0,0,0,0,0,0,0,,,46047
bert_20260228023827,393698,20260126,1,2876880,unian,11777953,PPL,Deremezna,Kiev,1209,Obukhivs'kyi,26204,30.47662,50.02393,ADM1,0,1,1,0,0,0,1,0,0,0,0,0,0,0,0,0,0,0,0,0,0,0,0,0,0,,,46047
bert_20260228023827,188372,20260126,1,2876881,unian,703448,PPLC,Kyiv,Kiev City,1210,Shevchenkivs'kyi,33738,30.52355,50.45044,ADM3,1,1,1,1,0,0,0,0,0,0,1,0,0,0,0,0,0,0,0,0,0,0,0,0,0,,,46047
bert_20260228023827,143760,20260127,1,3041269,liga,701822,PPL,Mariupol,Donets'k,655,Mariupol's'ka,22073,37.54144,47.0967,ADM3,1,1,1,0,0,1,0,0,0,0,0,0,0,0,0,0,0,0,0,0,0,0,0,0,0,,,46048
bert_20260228023827,258265,20260127,1,3022485,liga,707471,PPLA,Ivano-Frankivsk,Ivano-Frankivs'k,1023,Ivano-Frankivs'ka,15846,24.71116,48.92268,ADM3,0,0,0,0,0,0,1,0,0,0,0,0,0,0,0,0,0,0,0,0,0,0,0,0,0,,,46048
bert_20260228023827,188378,20260127,2,"3009979, 2870481",liga,703448,PPLC,Kyiv,Kiev City,1210,Shevchenkivs'kyi,33738,30.52355,50.45044,ADM3,0,0,0,0,0,1,0,0,0,0,0,0,0,0,0,0,0,0,0,0,0,0,0,0,0,,,46048
bert_20260228023827,250269,20260127,2,"2984862, 2876844","liga, meduza",706483,PPLA,Kharkiv,Kharkiv,1191,Kharkivs'ka,17850,36.2312,49.99217,ADM3,0,0,0,0,0,0,0,0,0,0,0,0,0,0,0,0,0,0,0,0,0,0,0,0,0,,,46048
bert_20260228023827,250270,20260127,1,2984863,liga,706483,PPLA,Kharkiv,Kharkiv,1191,Kharkivs'ka,17850,36.2312,49.99217,ADM3,0,0,0,0,0,0,0,0,0,0,1,0,0,0,0,0,0,0,0,0,0,0,0,0,0,,,46048
bert_20260228023827,188380,20260127,1,2972159,liga,703448,PPLC,Kyiv,Kiev City,1210,Shevchenkivs'kyi,33738,30.52355,50.45044,ADM3,0,0,1,0,0,0,1,0,0,0,0,0,0,0,0,0,0,0,0,0,0,0,0,0,0,,,46048
bert_20260228023827,323918,20260127,1,2972160,liga,712956,PPL,Bakhmutivka,Luhans'k,1405,Novoaidars'kyi,25882,39.04452,48.86708,ADM3,0,0,1,0,0,0,1,0,0,0,0,0,0,0,0,0,0,0,0,0,0,0,0,0,0,,,46048
bert_20260228023827,357658,20260127,1,2972161,liga,8250815,PPL,Karpaty,Transcarpathia,2491,Mukachivs'kyi,24017,22.8742,48.52159,ADM3,0,0,0,0,0,1,1,0,0,0,0,0,0,0,0,0,0,0,0,1,0,0,0,0,0,,,46048
bert_20260228023827,188382,20260127,1,2946849,liga,703448,PPLC,Kyiv,Kiev City,1210,Shevchenkivs'kyi,33738,30.52355,50.45044,ADM3,1,1,1,1,0,0,0,0,0,0,0,0,0,0,0,0,0,0,0,1,0,0,0,0,0,,,46048
bert_20260228023827,188377,20260127,2,"2896277, 2876882","liga, unian",703448,PPLC,Kyiv,Kiev City,1210,Shevchenkivs'kyi,33738,30.52355,50.45044,ADM3,0,0,0,0,0,0,1,0,0,0,0,0,0,0,0,0,0,0,0,0,0,0,0,0,0,,,46048
bert_20260228023827,89725,20260127,1,2876924,espreso,696032,PPLA2,Pustomyty,L'viv,1289,Pustomytivs'kyi,29580,23.91674,49.71749,ADM1,0,1,0,1,0,0,0,0,0,0,0,0,0,0,0,0,0,0,0,0,0,0,0,0,0,,,46048
bert_20260228023827,371304,20260127,1,2876925,espreso,9114074,PPL,Druzhba,Donets'k,655,Kostiantynivs'kyi,18739,37.91028,48.41,ADM3,0,1,0,1,0,0,0,0,0,0,0,0,0,0,0,0,0,0,0,0,0,0,0,0,0,,,46048
bert_20260228023827,203560,20260127,2,"2870093, 2870692","espreso, liveuamap",704422,PPLA2,Pokrovsk,Donets'k,655,Krasnoarmiis'kyi,18918,37.1756,48.28035,ADM3,1,1,1,1,0,0,0,0,0,0,0,0,0,0,0,1,0,0,0,0,0,0,0,0,0,,,46048
bert_20260228023827,188385,20260127,1,2870094,espreso,703448,PPLC,Kyiv,Kiev City,1210,Shevchenkivs'kyi,33738,30.52355,50.45044,ADM3,1,1,1,1,0,0,0,0,0,0,1,0,0,0,0,0,0,1,0,1,0,0,0,0,0,,,46048
bert_20260228023827,203559,20260127,1,2870095,espreso,704422,PPLA2,Pokrovsk,Donets'k,655,Krasnoarmiis'kyi,18918,37.1756,48.28035,ADM3,1,1,1,0,0,0,0,0,0,0,0,0,0,0,1,0,0,0,0,0,0,0,0,0,0,,,46048
bert_20260228023827,93758,20260127,1,2870096,espreso,696643,PPLA,Poltava,Poltava,1956,Poltavs'ka,28898,34.55125,49.58953,ADM3,1,1,1,1,1,0,0,0,0,0,0,0,1,1,0,0,0,0,0,0,0,0,0,0,0,,,46048
bert_20260228023827,154167,20260127,1,2870097,espreso,702550,PPLA,Lviv,L'viv,1289,L'vivs'ka,19402,24.0299,49.83932,ADM3,0,0,1,0,0,1,1,0,0,0,0,0,0,0,0,0,0,0,0,0,0,0,0,0,0,,,46048
bert_20260228023827,112416,20260127,1,2870098,espreso,698740,PPLA,Odessa,Odessa,1800,Odes'ka,26260,30.73169,46.48421,ADM3,1,1,1,1,0,0,0,0,0,0,1,0,0,1,0,0,0,0,0,1,0,0,0,1,0,,,46048
bert_20260228023827,217150,20260127,2,"2870099, 2876904","espreso, unian",705183,PPL,Slobozhans'ke,Kharkiv,1191,Zmiïvs'kyi,41407,36.50512,49.61494,ADM1,1,1,0,1,0,0,0,0,0,0,1,0,0,0,0,0,0,0,0,1,0,0,0,1,0,,,46048
bert_20260228023827,89726,20260127,1,2870463,liga,696032,PPLA2,Pustomyty,L'viv,1289,Pustomytivs'kyi,29580,23.91674,49.71749,ADM1,1,1,0,1,0,0,0,0,0,0,1,0,0,0,0,0,0,0,0,1,0,0,0,0,0,,,46048
bert_20260228023827,188381,20260127,1,2870464,liga,703448,PPLC,Kyiv,Kiev City,1210,Shevchenkivs'kyi,33738,30.52355,50.45044,ADM3,0,1,1,0,0,0,1,0,0,0,0,0,0,0,0,0,0,0,0,0,0,0,0,0,0,,,46048
bert_20260228023827,250272,20260127,1,2870465,liga,706483,PPLA,Kharkiv,Kharkiv,1191,Kharkivs'ka,17850,36.2312,49.99217,ADM3,1,0,0,0,0,0,0,0,0,0,0,0,0,0,0,0,0,0,0,1,0,0,0,1,0,,,46048
bert_20260228023827,386039,20260127,1,2870466,liga,10951287,PPL,Vesele,Zaporizhzhya,2730,Tokmats'kyi,37511,35.7672,47.17894,ADM1,0,1,1,0,0,0,1,0,0,0,0,0,0,0,0,0,0,0,0,0,0,0,0,0,0,,,46048
bert_20260228023827,112413,20260127,1,2870467,liga,698740,PPLA,Odessa,Odessa,1800,Odes'ka,26260,30.73169,46.48421,ADM3,0,0,0,0,0,0,0,0,0,0,0,0,0,0,0,0,0,0,0,1,0,0,0,1,0,,,46048
bert_20260228023827,304241,20260127,2,"2870468, 2870474",liga,710791,PPLA,Cherkasy,Cherkasy,497,Cherkas'ka,7654,32.05977,49.44443,ADM3,0,0,0,0,0,1,1,0,0,0,0,0,1,0,0,0,0,0,0,0,0,0,0,1,0,,,46048
bert_20260228023827,345582,20260127,1,2870469,liga,805500,PPL,Voronyne,Sumy,2356,Bilopils'kyi,4621,34.12376,51.10624,ADM1,1,1,1,1,0,0,0,0,0,0,1,0,0,0,0,0,0,0,0,1,0,0,0,1,0,,,46048
bert_20260228023827,89727,20260127,1,2870470,liga,696032,PPLA2,Pustomyty,L'viv,1289,Pustomytivs'kyi,29580,23.91674,49.71749,ADM1,1,1,1,0,0,0,0,0,0,0,1,0,0,0,0,0,0,0,0,0,0,0,0,0,0,,,46048
bert_20260228023827,287156,20260127,1,2870471,liga,709930,PPLA,Dnipro,Dnipropetrovs'k,650,Dnipropetrovs'ka,9966,35.04618,48.46472,ADM3,0,0,1,0,0,1,0,0,0,0,0,0,0,0,0,0,0,0,0,0,0,0,0,0,0,,,46048
bert_20260228023827,188383,20260127,1,2870472,liga,703448,PPLC,Kyiv,Kiev City,1210,Shevchenkivs'kyi,33738,30.5361,50.44236,ADM3,1,1,1,1,0,0,0,0,0,0,0,0,0,0,1,0,0,0,1,0,0,0,0,0,0,,,46048
bert_20260228023827,19338,20260127,1,2870473,liga,687700,PPLA,Zaporizhzhya,Zaporizhzhya,2730,Zaporiz'ka,41153,35.13885,47.83831,ADM3,1,0,1,0,0,1,0,0,0,0,0,0,0,0,0,1,0,0,0,0,0,0,0,1,0,,,46048
bert_20260228023827,287950,20260127,1,2870475,liga,710035,PPLA2,Myrnohrad,Donets'k,655,Krasnoarmiis'ka,18917,37.26806,48.29097,ADM3,1,1,1,1,0,0,0,0,0,0,0,0,0,0,1,1,0,0,0,0,0,0,0,0,0,,,46048
bert_20260228023827,112415,20260127,1,2870476,liga,698740,PPLA,Odessa,Odessa,1800,Odes'ka,26260,30.73169,46.48421,ADM3,1,1,0,1,0,0,0,0,0,0,1,0,0,0,0,0,0,0,0,0,0,0,0,1,0,,,46048
bert_20260228023827,5826,20260127,1,2870477,liga,687184,PPL,Kryvorizhzhya,Mykolayiv,1628,Novoodes'kyi,25916,31.76725,47.39462,ADM1,1,1,1,1,0,0,0,0,0,0,1,0,0,1,0,0,0,0,0,1,0,0,0,0,0,,,46048
bert_20260228023827,306322,20260127,1,2870478,liga,711416,PPL,Brody,L'viv,1289,Brodivs'kyi,5647,25.14393,50.08347,STREET,1,1,1,1,0,0,0,0,0,0,1,0,0,1,0,0,0,0,0,1,0,0,0,0,0,,,46048
bert_20260228023827,89728,20260127,1,2870479,liga,696032,PPLA2,Pustomyty,L'viv,1289,Pustomytivs'kyi,29580,23.91674,49.71749,ADM1,1,1,1,1,0,0,0,0,0,0,1,0,0,1,0,0,0,0,0,1,0,0,0,0,0,,,46048
bert_20260228023827,29706,20260127,1,2870480,liga,689103,PPL,Volovytsia,Chernihiv,498,Borznians'kyi,5262,32.00406,51.35543,ADM1,0,0,0,0,0,1,0,0,0,0,0,0,0,0,0,0,0,0,0,0,0,0,0,0,0,,,46048
bert_20260228023827,99101,20260127,1,2870668,liveuamap,697889,PPLA2,Pavlohrad,Dnipropetrovs'k,650,Pavlograd,27918,35.87012,48.53181,ADM3,1,1,0,0,1,0,0,0,0,0,1,0,0,0,0,0,0,1,0,0,0,0,0,0,0,,,46048
bert_20260228023827,250278,20260127,2,"2870669, 2876839","liveuamap, meduza",706483,PPLA,Kharkiv,Kharkiv,1191,Kharkivs'ka,17850,36.2312,49.99217,ADM3,1,1,0,1,0,0,0,0,0,0,0,0,0,1,0,0,0,0,0,1,0,0,0,1,0,,,46048
bert_20260228023827,287161,20260127,1,2870670,liveuamap,709930,PPLA,Dnipro,Dnipropetrovs'k,650,Dnipropetrovs'ka,9966,35.04618,48.46472,ADM3,1,1,1,1,0,0,0,0,0,0,0,0,0,1,0,0,0,0,0,1,0,0,0,0,0,,,46048
bert_20260228023827,250284,20260127,1,2870671,liveuamap,706483,PPLA,Kharkiv,Kharkiv,1191,Kharkivs'ka,17850,36.2312,49.99217,ADM3,1,1,1,1,0,0,0,0,0,0,0,0,0,1,0,0,0,0,0,1,0,0,0,1,0,,,46048
bert_20260228023827,250276,20260127,1,2870672,liveuamap,706483,PPLA,Kharkiv,Kharkiv,1191,Kharkivs'ka,17850,36.2312,49.99217,ADM3,1,1,0,0,0,0,0,0,0,0,0,0,0,0,0,0,0,0,0,0,0,0,0,0,0,,,46048
bert_20260228023827,250280,20260127,1,2870673,liveuamap,706483,PPLA,Kharkiv,Kharkiv,1191,Kharkivs'ka,17850,36.2312,49.99217,ADM3,1,1,1,0,0,0,0,0,0,0,1,0,0,0,0,0,0,0,0,1,0,0,0,0,0,,,46048
bert_20260228023827,287160,20260127,1,2870674,liveuamap,709930,PPLA,Dnipro,Dnipropetrovs'k,650,Dnipropetrovs'ka,9966,35.04618,48.46472,ADM3,1,1,1,0,0,0,0,1,0,0,1,0,0,0,0,0,0,0,0,0,0,0,0,0,0,,,46048
bert_20260228023827,287158,20260127,1,2870675,liveuamap,709930,PPLA,Dnipro,Dnipropetrovs'k,650,Dnipropetrovs'ka,9966,35.04618,48.46472,ADM3,1,1,0,0,1,0,0,0,0,0,0,0,0,0,0,0,0,0,0,0,0,0,0,0,0,,,46048
bert_20260228023827,250281,20260127,1,2870676,liveuamap,706483,PPLA,Kharkiv,Kharkiv,1191,Kharkivs'ka,17850,36.2312,49.99217,ADM3,1,1,1,0,1,0,0,0,0,0,0,0,0,0,0,0,1,1,0,1,0,0,0,0,0,,,46048
bert_20260228023827,57716,20260127,2,"2870677, 2870727",liveuamap,693468,PPL,Sloviansk,Donets'k,655,Slovians'ka,34511,37.60582,48.85227,ADM3,1,1,1,0,1,0,0,0,0,0,0,0,0,1,0,0,0,1,0,1,0,0,0,0,0,,,46048
bert_20260228023827,250279,20260127,1,2870678,liveuamap,706483,PPLA,Kharkiv,Kharkiv,1191,Kharkivs'ka,17850,36.2312,49.99217,ADM3,1,1,1,0,0,0,0,0,0,0,0,0,0,0,0,1,0,0,0,0,0,0,0,0,0,,,46048
bert_20260228023827,32675,20260127,1,2870679,liveuamap,689304,PPLA2,Vovchansk,Kharkiv,1191,Vovchans'kyi,39837,36.9368,50.29401,ADM3,1,1,1,0,0,0,0,0,0,0,0,0,0,0,0,1,0,0,0,0,0,0,0,0,0,,,46048
bert_20260228023827,192435,20260127,2,"2870680, 2870710",liveuamap,703656,PPLA2,Kupiansk,Kharkiv,1191,Kupians'ka,19188,37.61478,49.7108,ADM3,1,0,1,0,0,0,0,0,0,0,0,0,0,0,0,1,0,0,0,0,0,0,0,0,0,,,46048
bert_20260228023827,57715,20260127,2,"2870681, 2870714",liveuamap,693468,PPL,Sloviansk,Donets'k,655,Slovians'ka,34511,37.60582,48.85227,ADM3,1,0,1,0,0,0,0,0,0,0,0,0,0,0,0,1,0,0,0,0,0,0,0,0,0,,,46048
bert_20260228023827,82439,20260127,1,2870682,liveuamap,695094,PPLX,Ruttschenkowo,Donets'k,655,Donets'ka,10139,37.67529,47.95508,ADM1,1,1,1,1,0,0,0,0,1,0,0,0,0,0,0,0,0,0,0,1,0,0,0,0,0,,,46048
bert_20260228023827,264647,20260127,1,2870683,liveuamap,708937,PPL,Havrylivka,Dnipropetrovs'k,650,Pokrovs'kyi,28862,36.51993,48.07377,ADM3,1,1,1,1,0,0,0,0,1,0,0,0,0,0,0,0,0,0,0,1,0,0,0,0,0,,,46048
bert_20260228023827,287162,20260127,1,2870684,liveuamap,709930,PPLA,Dnipro,Dnipropetrovs'k,650,Dnipropetrovs'ka,9966,35.04618,48.46472,ADM3,1,1,1,1,0,0,0,0,1,0,0,0,0,0,0,0,0,0,0,1,0,0,0,0,0,,,46048
bert_20260228023827,360755,20260127,1,2870685,liveuamap,8438363,PPL,Zelene,Rivne,2066,Dubens'kyi,10348,25.77252,50.45812,ADM3,1,1,1,1,0,0,0,0,1,0,0,0,0,0,0,0,0,0,0,1,0,0,0,0,0,,,46048
bert_20260228023827,19896,20260127,1,2870686,liveuamap,688051,PPL,Yurkivka,Kiev,1209,Stavyshchens'kyi,35110,30.09323,49.32365,ADM3,1,1,1,1,0,0,0,0,1,0,0,0,0,0,0,0,0,0,0,1,0,0,0,0,0,,,46048
bert_20260228023827,98638,20260127,1,2870687,liveuamap,697866,PPL,Pavlivka,Donets'k,655,Mar‹ns'kyi,21886,37.21804,47.75441,STREET,1,1,1,1,0,0,0,0,1,0,0,0,0,0,0,0,0,0,0,1,0,0,0,0,0,,,46048
bert_20260228023827,19343,20260127,1,2870688,liveuamap,687700,PPLA,Zaporizhzhya,Zaporizhzhya,2730,Zaporiz'ka,41153,35.13885,47.83831,ADM3,1,1,1,1,0,0,0,0,1,0,0,0,0,0,0,0,0,0,0,1,0,0,0,0,0,,,46048
bert_20260228023827,217414,20260127,1,2870689,liveuamap,705408,PPL,Kolodiazi,Donets'k,655,Krasnolymans'kyi,18941,37.88154,49.08314,ADM3,1,0,1,0,0,0,0,0,0,0,0,0,0,0,0,1,0,0,0,0,0,0,0,0,0,,,46048
bert_20260228023827,208611,20260127,2,"2870690, 2870716",liveuamap,705104,PPL,Kostiantynivka,Donets'k,655,Kostiantynivs'ka,18738,37.69368,48.53467,ADM3,1,0,1,0,0,0,0,0,0,0,0,0,0,0,0,1,0,0,0,0,0,0,0,0,0,,,46048
bert_20260228023827,287949,20260127,1,2870691,liveuamap,710035,PPLA2,Myrnohrad,Donets'k,655,Krasnoarmiis'ka,18917,37.26806,48.29097,ADM3,1,1,1,1,0,0,0,0,0,0,0,0,0,0,0,1,0,0,0,0,0,0,0,0,0,,,46048
bert_20260228023827,55619,20260127,2,"2870693, 2870715",liveuamap,693065,PPLX,Sotsmisto,Donets'k,655,Kramators'ka,18898,37.5844,48.73898,ADM3,1,0,1,0,0,0,0,0,0,0,0,0,0,0,0,1,0,0,0,0,0,0,0,0,0,,,46048
bert_20260228023827,387947,20260127,1,2870694,liveuamap,11151973,PPL,Stepove,Dnipropetrovs'k,650,Krynychans'kyi,19030,34.53593,48.44595,ADM3,1,0,1,0,0,0,0,0,0,0,0,0,0,0,0,1,0,0,0,0,0,0,0,0,0,,,46048
bert_20260228023827,19341,20260127,1,2870695,liveuamap,687700,PPLA,Zaporizhzhya,Zaporizhzhya,2730,Zaporiz'ka,41153,35.13885,47.83831,ADM3,1,1,1,1,0,0,0,0,0,0,0,0,0,0,0,1,0,0,0,0,0,0,0,0,0,,,46048
bert_20260228023827,376815,20260127,2,"2870696, 2870718",liveuamap,9532052,PPL,Huliaipilske,Zaporizhzhya,2730,Huliaipil's'kyi,14713,36.06122,47.61272,ADM3,1,0,1,0,0,0,0,0,0,0,0,0,0,0,0,1,0,0,0,0,0,0,0,0,0,,,46048
bert_20260228023827,261546,20260127,2,"2870697, 2870719",liveuamap,707898,PPLA2,Hulyaypole,Zaporizhzhya,2730,Huliaipil's'kyi,14713,36.25322,47.66644,ADM3,1,0,1,0,0,0,0,0,0,0,0,0,0,0,0,1,0,0,0,0,0,0,0,0,0,,,46048
bert_20260228023827,268924,20260127,1,2870698,liveuamap,709671,PPL,Dorozhnianka,Zaporizhzhya,2730,Huliaipil's'kyi,14713,36.26004,47.58678,ADM3,1,0,1,0,0,0,0,0,0,0,0,0,0,0,0,1,0,0,0,0,0,0,0,0,0,,,46048
bert_20260228023827,235325,20260127,1,2870699,liveuamap,706448,PPLA,Kherson,Kherson,1195,Khersons'ka,17890,32.61496,46.64032,ADM3,1,1,1,1,0,0,0,0,0,0,0,0,0,0,0,1,0,0,0,0,0,0,0,0,0,,,46048
bert_20260228023827,360532,20260127,1,2870700,liveuamap,8419787,PPL,Zakumske,Sumy,2356,Sums'kyi,35426,34.64912,50.95537,ADM2,1,1,1,1,0,0,0,0,0,0,0,0,0,0,1,0,0,0,0,0,0,0,0,0,0,,,46048
bert_20260228023827,221270,20260127,1,2870701,liveuamap,705812,PPLA,Kropyvnytskyy,Kirovohrad,1222,Kirovohrads'kyi,18226,32.26637,48.51036,ADM3,1,1,1,0,1,0,0,0,0,0,0,0,0,0,0,0,1,1,0,0,0,0,0,0,0,,,46048
bert_20260228023827,360531,20260127,1,2870702,liveuamap,8419787,PPL,Zakumske,Sumy,2356,Sums'kyi,35426,34.64912,50.95537,ADM2,1,1,0,0,0,0,0,0,0,0,1,0,0,0,0,0,0,0,0,0,0,0,0,1,0,,,46048
bert_20260228023827,157838,20260127,1,2870703,liveuamap,702658,PPLA,Luhansk,Luhans'k,1405,Luhans'ka,20910,39.30771,48.5739,ADM3,1,1,1,0,0,0,0,0,0,0,0,0,0,0,0,0,0,0,0,1,0,0,0,0,0,,,46048
bert_20260228023827,19339,20260127,2,"2870704, 2870728",liveuamap,687700,PPLA,Zaporizhzhya,Zaporizhzhya,2730,Zaporiz'ka,41153,35.13885,47.83831,ADM3,1,1,0,1,0,0,0,0,0,0,1,0,0,0,0,0,0,0,0,1,0,0,0,0,0,,,46048
bert_20260228023827,250274,20260127,1,2870705,liveuamap,706483,PPLA,Kharkiv,Kharkiv,1191,Kharkivs'ka,17850,36.2312,49.99217,ADM3,1,0,0,0,0,0,1,0,0,0,1,0,0,0,0,0,0,0,0,1,0,0,0,1,0,,,46048
bert_20260228023827,250282,20260127,1,2870706,liveuamap,706483,PPLA,Kharkiv,Kharkiv,1191,Kharkivs'ka,17850,36.2312,49.99217,ADM3,1,1,1,0,1,0,0,1,0,0,1,0,0,0,0,0,0,0,0,0,0,0,0,0,0,,,46048
bert_20260228023827,287157,20260127,1,2870707,liveuamap,709930,PPLA,Dnipro,Dnipropetrovs'k,650,Dnipropetrovs'ka,9966,35.04618,48.46472,ADM3,1,0,1,0,1,0,0,0,0,0,1,0,0,0,0,0,0,0,0,1,0,0,0,0,0,,,46048
bert_20260228023827,26167,20260127,1,2870708,liveuamap,688871,PPL,Vozdvyzhivka,Zaporizhzhya,2730,Novomykola‹vs'kyi,25913,36.07979,47.74727,ADM3,1,1,1,1,0,0,0,0,1,0,0,0,0,0,0,0,0,0,0,0,0,0,0,0,0,,,46048
bert_20260228023827,19342,20260127,1,2870709,liveuamap,687700,PPLA,Zaporizhzhya,Zaporizhzhya,2730,Zaporiz'ka,41153,35.13885,47.83831,ADM3,1,1,1,1,0,0,0,0,1,0,0,0,0,0,0,0,0,0,0,0,0,0,0,0,0,,,46048
bert_20260228023827,197362,20260127,1,2870711,liveuamap,704204,PPL,Lyman,Donets'k,655,Krasnolymans'kyi,18941,37.82245,48.96409,ADM3,1,0,1,0,0,0,0,0,0,0,0,0,0,0,0,1,0,0,0,0,0,0,0,0,0,,,46048
bert_20260228023827,42296,20260127,1,2870712,liveuamap,691358,PPL,Torske,Donets'k,655,Krasnolymans'kyi,18941,37.96573,49.00937,STREET,1,0,1,0,0,0,0,0,0,0,0,0,0,0,0,1,0,0,0,0,0,0,0,0,0,,,46048
bert_20260228023827,250275,20260127,1,2870713,liveuamap,706483,PPLA,Kharkiv,Kharkiv,1191,Kharkivs'ka,17850,36.2312,49.99217,ADM3,1,0,1,0,0,0,0,0,0,0,0,0,0,0,0,1,0,0,0,0,0,0,0,0,0,,,46048
bert_20260228023827,381240,20260127,1,2870717,liveuamap,10323759,PPLX,Cheremushky,Donets'k,655,Mariupol's'ka,22073,37.50564,47.07557,ADM3,1,0,1,0,0,0,0,0,0,0,0,0,0,0,0,1,0,0,0,0,0,0,0,0,0,,,46048
bert_20260228023827,19337,20260127,1,2870720,liveuamap,687700,PPLA,Zaporizhzhya,Zaporizhzhya,2730,Zaporiz'ka,41153,35.13885,47.83831,ADM3,1,0,1,0,0,0,0,0,0,0,0,0,0,0,0,1,0,0,0,0,0,0,0,0,0,,,46048
bert_20260228023827,360754,20260127,1,2870721,liveuamap,8438363,PPL,Zelene,Rivne,2066,Dubens'kyi,10348,25.77252,50.45812,ADM3,1,0,1,0,0,0,0,0,0,0,0,0,0,0,0,1,0,0,0,0,0,0,0,0,0,,,46048
bert_20260228023827,364709,20260127,1,2870722,liveuamap,8729010,PPL,Varvarivka,Poltava,1956,Khorol's'kyi,17952,33.10109,49.80725,ADM3,1,0,1,0,0,0,0,0,0,0,0,0,0,0,0,1,0,0,0,0,0,0,0,0,0,,,46048
bert_20260228023827,203558,20260127,1,2870723,liveuamap,704422,PPLA2,Pokrovsk,Donets'k,655,Krasnoarmiis'kyi,18918,37.1756,48.28035,ADM3,1,0,1,0,0,0,0,0,0,0,0,0,0,0,0,1,0,0,0,0,0,0,0,0,0,,,46048
bert_20260228023827,287948,20260127,1,2870725,liveuamap,710035,PPLA2,Myrnohrad,Donets'k,655,Krasnoarmiis'ka,18917,37.26806,48.29097,ADM3,1,0,1,0,0,0,0,0,0,0,0,0,0,0,0,1,0,0,0,0,0,0,0,0,0,,,46048
bert_20260228023827,235326,20260127,1,2870726,liveuamap,706448,PPLA,Kherson,Kherson,1195,Khersons'ka,17890,32.61496,46.64032,ADM3,1,1,1,1,0,0,0,0,0,0,0,0,0,0,1,0,0,0,0,0,0,0,1,0,0,,,46048
bert_20260228023827,250277,20260127,1,2876840,meduza,706483,PPLA,Kharkiv,Kharkiv,1191,Kharkivs'ka,17850,36.2312,49.99217,ADM3,1,1,0,1,0,0,0,0,0,0,0,0,0,1,0,0,0,0,0,1,0,0,0,0,0,,,46048
bert_20260228023827,289390,20260127,1,2876842,meduza,710374,PPLA2,Chuhuiv,Kharkiv,1191,Chuhu‹vs'kyi,8040,36.67945,49.83527,ADM3,1,1,0,1,0,0,0,0,0,0,0,0,0,1,0,0,0,0,0,1,0,0,0,0,0,,,46048
bert_20260228023827,250271,20260127,1,2876845,meduza,706483,PPLA,Kharkiv,Kharkiv,1191,Kharkivs'ka,17850,36.2312,49.99217,ADM3,1,0,0,0,0,0,0,0,0,0,0,0,0,0,0,0,0,0,0,1,0,0,0,0,0,,,46048
bert_20260228023827,250283,20260127,1,2876846,meduza,706483,PPLA,Kharkiv,Kharkiv,1191,Kharkivs'ka,17850,36.2312,49.99217,ADM3,1,1,1,1,0,0,0,0,0,0,0,0,0,1,0,0,0,0,0,1,0,0,0,0,0,,,46048
bert_20260228023827,250273,20260127,1,2876883,unian,706483,PPLA,Kharkiv,Kharkiv,1191,Kharkivs'ka,17850,36.2312,49.99217,ADM3,0,0,0,0,0,0,1,0,0,0,0,0,0,0,0,0,0,0,0,0,0,0,0,0,0,,,46048
bert_20260228023827,250285,20260127,1,2876884,unian,706483,PPLA,Kharkiv,Kharkiv,1191,Kharkivs'ka,17850,36.2312,49.99217,ADM3,1,1,1,1,0,0,0,0,1,0,1,0,0,1,0,0,0,0,0,1,0,0,0,1,0,,,46048
bert_20260228023827,287155,20260127,1,2876885,unian,709930,PPLA,Dnipro,Dnipropetrovs'k,650,Dnipropetrovs'ka,9966,35.04618,48.46472,ADM3,0,0,0,0,0,0,0,0,0,0,0,0,0,0,0,0,0,0,0,0,0,0,0,0,0,,,46048
bert_20260228023827,192437,20260127,1,2876886,unian,703656,PPLA2,Kupiansk,Kharkiv,1191,Kupians'ka,19188,37.61478,49.7108,ADM3,1,1,1,1,1,0,0,0,0,0,1,0,0,1,1,0,0,0,1,0,0,0,0,0,0,,,46048
bert_20260228023827,319034,20260127,1,2876887,unian,712609,PPL,Bilka,Odessa,1800,Ivanivs'kyi,15842,30.40579,46.90822,ADM1,1,1,1,1,0,0,0,0,0,0,1,0,0,0,0,0,0,0,0,1,0,0,0,0,0,,,46048
bert_20260228023827,154166,20260127,1,2876888,unian,702550,PPLA,Lviv,L'viv,1289,L'vivs'ka,19402,24.0299,49.83932,ADM3,0,0,0,0,0,1,0,0,0,0,0,0,0,0,0,0,0,0,0,0,0,0,0,0,0,,,46048
bert_20260228023827,306321,20260127,1,2876889,unian,711416,PPL,Brody,L'viv,1289,Brodivs'kyi,5647,25.14393,50.08347,STREET,0,0,0,0,0,0,0,0,0,0,0,0,0,0,0,0,0,0,0,1,0,0,0,1,0,,,46048
bert_20260228023827,289803,20260127,1,2876890,unian,710403,PPLQ,Chornobyl,Kiev,1209,Ivankivs'kyi,15844,30.211,51.27784,ADM3,0,0,0,0,0,1,1,0,0,0,0,0,0,0,0,0,0,0,0,0,0,0,0,0,0,,,46048
bert_20260228023827,67824,20260127,1,2876891,unian,693805,PPLA2,Simferopol,Crimea,579,Simferopol's'ka,34229,34.09941,44.95363,ADM3,1,1,1,1,0,0,0,0,0,0,0,0,0,0,0,0,0,0,0,1,0,0,0,1,0,,,46048
bert_20260228023827,188384,20260127,1,2876892,unian,703448,PPLC,Kyiv,Kiev City,1210,Shevchenkivs'kyi,33738,30.52355,50.45044,ADM3,1,1,1,1,0,0,0,0,0,0,1,0,0,0,0,0,0,0,0,0,0,0,0,0,0,,,46048
bert_20260228023827,19889,20260127,1,2876893,unian,688032,PPL,Troieshchyna,Khmel'nyts'kyy,1196,Polons'kyi,28889,27.37045,50.00972,ADM3,0,0,0,0,0,1,1,0,0,0,0,0,0,0,0,0,0,0,0,0,0,0,0,0,0,,,46048
bert_20260228023827,192436,20260127,1,2876894,unian,703656,PPLA2,Kupiansk,Kharkiv,1191,Kupians'ka,19188,37.61478,49.7108,ADM3,1,1,1,0,1,0,0,0,0,0,0,0,0,0,1,0,0,0,0,0,0,0,0,0,0,,,46048
bert_20260228023827,373690,20260127,1,2876895,unian,9114542,PPL,Novyi,Luhans'k,1405,Krasnoluts'ka,18939,38.59081,48.49995,ADM3,0,0,0,0,0,0,1,0,0,0,0,0,0,0,0,0,0,0,0,0,0,0,0,0,0,,,46048
bert_20260228023827,112414,20260127,1,2876896,unian,698740,PPLA,Odessa,Odessa,1800,Odes'ka,26260,30.73169,46.48421,ADM3,1,0,0,0,0,0,1,0,0,0,0,0,0,0,0,0,0,0,0,1,0,0,0,1,0,,,46048
bert_20260228023827,351379,20260127,1,2876897,unian,811111,PPL,Mar'yevka,Kharkiv,1191,Balakliis'kyi,3178,36.74917,49.49293,ADM3,0,1,1,1,0,0,0,0,0,0,0,0,0,0,0,0,0,0,0,0,0,0,0,0,0,,,46048
bert_20260228023827,67823,20260127,1,2876898,unian,693805,PPLA2,Simferopol,Crimea,579,Simferopol's'ka,34229,34.09941,44.95363,ADM3,1,1,1,0,1,0,0,1,0,0,1,0,0,1,0,0,0,1,0,1,0,0,0,0,0,,,46048
bert_20260228023827,188379,20260127,1,2876899,unian,703448,PPLC,Kyiv,Kiev City,1210,Shevchenkivs'kyi,33738,30.52355,50.45044,ADM3,0,0,1,0,0,0,0,0,0,0,0,0,0,0,0,0,0,0,0,0,0,0,0,0,0,,,46048
bert_20260228023827,82438,20260127,1,2876900,unian,695094,PPLX,Ruttschenkowo,Donets'k,655,Donets'ka,10139,37.67529,47.95508,ADM1,1,1,1,1,0,0,0,0,0,0,0,0,0,0,1,0,0,0,1,0,0,0,0,0,0,,,46048
bert_20260228023827,359364,20260127,1,2876901,unian,8281918,PPL,Posich,Transcarpathia,2491,Khusts'kyi,18005,23.41312,48.22076,ADM1,1,0,1,0,0,0,1,0,0,0,0,0,0,0,0,0,0,0,0,0,0,0,0,0,0,,,46048
bert_20260228023827,50092,20260127,1,2876902,unian,692248,PPL,Stepnohirsk,Zaporizhzhya,2730,Vasylivs'kyi,39200,35.36408,47.58871,ADM3,1,1,1,1,0,0,0,0,0,0,0,0,0,0,1,0,0,0,0,0,0,0,0,0,0,,,46048
bert_20260228023827,287159,20260127,1,2876903,unian,709930,PPLA,Dnipro,Dnipropetrovs'k,650,Dnipropetrovs'ka,9966,35.04618,48.46472,ADM3,0,1,1,0,0,0,0,0,0,0,0,0,0,0,0,0,0,0,0,0,0,0,0,0,0,,,46048
bert_20260228023827,19340,20260127,1,2876905,unian,687700,PPLA,Zaporizhzhya,Zaporizhzhya,2730,Zaporiz'ka,41153,35.13885,47.83831,ADM3,1,1,1,0,0,0,0,0,0,0,0,0,0,0,0,0,0,0,0,0,0,0,0,0,0,,,46048
bert_20260228023827,188376,20260127,1,2876906,unian,703448,PPLC,Kyiv,Kiev City,1210,Shevchenkivs'kyi,33738,30.52355,50.45044,ADM3,0,0,0,0,0,0,0,0,0,0,0,0,0,0,0,0,0,0,0,0,0,0,0,0,0,,,46048
bert_20260228023827,217151,20260127,1,2876907,unian,705183,PPL,Slobozhans'ke,Kharkiv,1191,Zmiïvs'kyi,41407,36.50512,49.61494,ADM1,1,1,1,1,0,0,0,0,0,0,1,0,0,0,0,0,0,1,0,1,0,0,0,0,0,,,46048
bert_20260228023827,143761,20260128,1,3041280,liga,701822,PPL,Mariupol,Donets'k,655,Mariupol's'ka,22073,37.54144,47.0967,ADM3,1,1,1,0,0,1,0,0,0,0,0,0,0,0,0,0,0,0,0,0,0,0,0,0,0,,,46049
bert_20260228023827,258266,20260128,1,3022496,liga,707471,PPLA,Ivano-Frankivsk,Ivano-Frankivs'k,1023,Ivano-Frankivs'ka,15846,24.71116,48.92268,ADM3,0,0,0,0,0,0,1,0,0,0,0,0,0,0,0,0,0,0,0,0,0,0,0,0,0,,,46049
bert_20260228023827,188388,20260128,3,"3009990, 2870491, 2876911","liga, unian",703448,PPLC,Kyiv,Kiev City,1210,Shevchenkivs'kyi,33738,30.52355,50.45044,ADM3,0,0,0,0,0,1,0,0,0,0,0,0,0,0,0,0,0,0,0,0,0,0,0,0,0,,,46049
bert_20260228023827,250286,20260128,2,"2984874, 2876913","liga, unian",706483,PPLA,Kharkiv,Kharkiv,1191,Kharkivs'ka,17850,36.2312,49.99217,ADM3,0,0,0,0,0,0,0,0,0,0,0,0,0,0,0,0,0,0,0,0,0,0,0,0,0,,,46049
bert_20260228023827,250287,20260128,1,2984875,liga,706483,PPLA,Kharkiv,Kharkiv,1191,Kharkivs'ka,17850,36.2312,49.99217,ADM3,0,0,0,0,0,0,0,0,0,0,1,0,0,0,0,0,0,0,0,0,0,0,0,0,0,,,46049
bert_20260228023827,188390,20260128,1,2972173,liga,703448,PPLC,Kyiv,Kiev City,1210,Shevchenkivs'kyi,33738,30.52355,50.45044,ADM3,0,0,1,0,0,0,1,0,0,0,0,0,0,0,0,0,0,0,0,0,0,0,0,0,0,,,46049
bert_20260228023827,323919,20260128,1,2972174,liga,712956,PPL,Bakhmutivka,Luhans'k,1405,Novoaidars'kyi,25882,39.04452,48.86708,ADM3,0,0,1,0,0,0,1,0,0,0,0,0,0,0,0,0,0,0,0,0,0,0,0,0,0,,,46049
bert_20260228023827,357659,20260128,1,2972175,liga,8250815,PPL,Karpaty,Transcarpathia,2491,Mukachivs'kyi,24017,22.8742,48.52159,ADM3,0,0,0,0,0,1,1,0,0,0,0,0,0,0,0,0,0,0,0,1,0,0,0,0,0,,,46049
bert_20260228023827,188392,20260128,1,2965804,liga,703448,PPLC,Kyiv,Kiev City,1210,Shevchenkivs'kyi,33738,30.52355,50.45044,ADM3,1,1,0,1,0,0,0,0,0,0,0,0,0,0,0,0,0,0,0,1,0,0,0,0,0,,,46049
bert_20260228023827,188395,20260128,1,2946860,liga,703448,PPLC,Kyiv,Kiev City,1210,Shevchenkivs'kyi,33738,30.52355,50.45044,ADM3,1,1,1,1,0,0,0,0,0,0,0,0,0,0,0,0,0,0,0,1,0,0,0,0,0,,,46049
bert_20260228023827,188387,20260128,4,"2896288, 2883269, 2883272, 2876912","liga, unian",703448,PPLC,Kyiv,Kiev City,1210,Shevchenkivs'kyi,33738,30.52355,50.45044,ADM3,0,0,0,0,0,0,1,0,0,0,0,0,0,0,0,0,0,0,0,0,0,0,0,0,0,,,46049
bert_20260228023827,197365,20260128,2,"2889651, 2883276",unian,704204,PPL,Lyman,Donets'k,655,Krasnolymans'kyi,18941,37.82245,48.96409,ADM3,1,1,1,0,1,0,0,0,0,0,0,0,0,0,0,0,0,0,0,0,0,0,0,0,0,,,46049
bert_20260228023827,393700,20260128,1,2876926,espreso,11777953,PPL,Deremezna,Kiev,1209,Obukhivs'kyi,26204,30.47662,50.02393,ADM1,0,0,0,0,0,1,1,0,0,0,1,0,0,0,0,0,0,0,0,0,0,0,0,1,0,,,46049
bert_20260228023827,188389,20260128,2,"2876927, 2883275","espreso, unian",703448,PPLC,Kyiv,Kiev City,1210,Shevchenkivs'kyi,33738,30.52355,50.45044,ADM3,0,0,1,0,0,0,0,0,0,0,0,0,0,0,0,0,0,0,0,0,0,0,0,0,0,,,46049
bert_20260228023827,203561,20260128,1,2876928,espreso,704422,PPLA2,Pokrovsk,Donets'k,655,Krasnoarmiis'kyi,18918,37.1756,48.28035,ADM3,1,1,1,0,0,0,0,0,0,0,0,0,0,0,0,1,0,0,0,0,0,0,1,0,0,,,46049
bert_20260228023827,188386,20260128,3,"2876929, 2877254, 2883277","espreso, liga, unian",703448,PPLC,Kyiv,Kiev City,1210,Shevchenkivs'kyi,33738,30.52355,50.45044,ADM3,0,0,0,0,0,0,0,0,0,0,0,0,0,0,0,0,0,0,0,0,0,0,0,0,0,,,46049
bert_20260228023827,188393,20260128,1,2877255,liga,703448,PPLC,Kyiv,Kiev City,1210,Shevchenkivs'kyi,33738,30.5361,50.44236,ADM3,1,1,1,0,0,0,0,0,0,0,0,0,0,0,1,1,0,0,1,0,0,0,0,0,0,,,46049
bert_20260228023827,250298,20260128,1,2877256,liga,706483,PPLA,Kharkiv,Kharkiv,1191,Kharkivs'ka,17850,36.2312,49.99217,ADM3,1,1,1,1,0,0,0,0,0,0,1,0,0,0,0,0,0,0,0,0,0,0,0,0,0,,,46049
bert_20260228023827,188391,20260128,1,2883267,unian,703448,PPLC,Kyiv,Kiev City,1210,Shevchenkivs'kyi,33738,30.52355,50.45044,ADM3,1,0,1,1,0,0,0,1,0,0,1,0,0,0,0,0,0,0,0,0,0,0,0,0,0,,,46049
bert_20260228023827,19890,20260128,1,2883268,unian,688032,PPL,Troieshchyna,Khmel'nyts'kyy,1196,Polons'kyi,28889,27.37045,50.00972,ADM3,0,0,0,0,0,0,0,0,0,0,0,0,0,0,0,0,0,0,0,0,0,0,0,0,0,,,46049
bert_20260228023827,19348,20260128,1,2883270,unian,687700,PPLA,Zaporizhzhya,Zaporizhzhya,2730,Zaporiz'ka,41153,35.13885,47.83831,ADM3,1,1,1,1,0,0,0,0,0,0,0,0,0,1,0,0,0,0,0,0,0,0,0,0,0,,,46049
bert_20260228023827,154168,20260128,1,2883271,unian,702550,PPLA,Lviv,L'viv,1289,L'vivs'ka,19402,24.0299,49.83932,ADM3,0,0,0,0,0,1,1,0,0,0,0,0,1,0,0,0,0,0,0,0,0,0,0,0,0,,,46049
bert_20260228023827,19347,20260128,1,2883273,unian,687700,PPLA,Zaporizhzhya,Zaporizhzhya,2730,Zaporiz'ka,41153,35.13885,47.83831,ADM3,1,1,1,1,0,0,0,0,0,0,0,0,0,0,1,0,0,0,1,0,0,0,0,0,0,,,46049
bert_20260228023827,112418,20260128,1,2883274,unian,698740,PPLA,Odessa,Odessa,1800,Odes'ka,26260,30.73169,46.48421,ADM3,0,0,0,0,0,1,1,0,0,0,0,0,0,0,0,0,0,0,0,0,0,0,0,0,0,,,46049
bert_20260228023827,287952,20260128,1,2883278,unian,710035,PPLA2,Myrnohrad,Donets'k,655,Krasnoarmiis'ka,18917,37.2591,48.30791,ADM3,1,1,1,1,0,0,0,0,0,0,0,0,0,1,1,0,0,0,1,1,0,0,0,0,0,,,46049
bert_20260228023827,203563,20260128,2,"2870100, 2870788","espreso, liveuamap",704422,PPLA2,Pokrovsk,Donets'k,655,Krasnoarmiis'kyi,18918,37.1756,48.28035,ADM3,1,1,1,1,0,0,0,0,0,0,0,0,0,0,0,1,0,0,0,0,0,0,0,0,0,,,46049
bert_20260228023827,96515,20260128,1,2870101,espreso,697422,PPL,Petropavlivka,Cherkasy,497,Horodyshchens'kyi,14528,31.35233,49.26,ADM1,1,1,1,0,0,1,0,0,0,0,0,0,0,0,0,0,0,0,0,0,0,0,0,0,0,,,46049
bert_20260228023827,89729,20260128,1,2870102,espreso,696032,PPLA2,Pustomyty,L'viv,1289,Pustomytivs'kyi,29580,23.91674,49.71749,ADM1,1,1,1,1,0,0,0,0,0,0,0,0,0,0,0,0,0,0,1,1,0,0,0,0,0,,,46049
bert_20260228023827,306325,20260128,1,2870103,espreso,711416,PPL,Brody,L'viv,1289,Brodivs'kyi,5647,25.14393,50.08347,STREET,1,1,1,1,0,0,0,0,0,0,0,0,0,0,0,0,0,0,1,1,0,0,0,0,0,,,46049
bert_20260228023827,393699,20260128,1,2870104,espreso,11777953,PPL,Deremezna,Kiev,1209,Obukhivs'kyi,26204,30.47662,50.02393,ADM1,0,0,0,0,0,0,0,0,0,0,0,0,0,0,0,0,0,0,0,0,0,0,0,0,0,,,46049
bert_20260228023827,221455,20260128,1,2870105,espreso,705821,PPL,Pivnichne,Donets'k,655,Dzerzhyns'ka,10511,37.90648,48.38875,STREET,1,1,1,1,0,0,0,0,0,0,0,0,0,0,0,0,0,0,0,0,0,0,0,1,0,,,46049
bert_20260228023827,393701,20260128,2,"2870106, 2876916","espreso, unian",11777953,PPL,Deremezna,Kiev,1209,Obukhivs'kyi,26204,30.47662,50.02393,ADM1,1,1,0,1,0,0,0,0,0,0,1,0,0,0,0,0,0,0,0,1,0,0,0,1,0,,,46049
bert_20260228023827,319036,20260128,1,2870107,espreso,712609,PPL,Bilka,Odessa,1800,Ivanivs'kyi,15842,30.40579,46.90822,ADM1,1,1,0,1,0,0,0,0,0,0,1,0,0,0,0,0,0,0,0,1,0,0,0,1,0,,,46049
bert_20260228023827,19344,20260128,1,2870108,espreso,687700,PPLA,Zaporizhzhya,Zaporizhzhya,2730,Zaporiz'ka,41153,35.13885,47.83831,ADM3,1,1,0,1,0,0,0,0,0,0,1,0,0,0,0,0,0,0,0,1,0,0,0,1,0,,,46049
bert_20260228023827,188396,20260128,1,2870109,espreso,703448,PPLC,Kyiv,Kiev City,1210,Shevchenkivs'kyi,33738,30.52355,50.45044,ADM3,1,1,1,1,0,0,0,0,0,0,1,0,0,0,0,0,0,0,0,0,0,0,0,0,0,,,46049
bert_20260228023827,112420,20260128,2,"2870482, 2870487",liga,698740,PPLA,Odessa,Odessa,1800,Odes'ka,26260,30.73169,46.48421,ADM3,1,1,0,1,0,0,0,0,0,0,0,0,0,0,0,0,0,0,0,1,0,0,0,1,0,,,46049
bert_20260228023827,112423,20260128,1,2870483,liga,698740,PPLA,Odessa,Odessa,1800,Odes'ka,26260,30.73169,46.48421,ADM3,1,1,1,1,0,0,0,0,0,0,0,0,0,0,0,0,0,0,0,1,0,0,0,1,0,,,46049
bert_20260228023827,100683,20260128,1,2870484,liga,698020,PPL,Pankivka,Luhans'k,1405,Luhans'ka,20910,39.34878,48.69979,ADM3,1,1,1,1,0,0,0,0,0,0,1,0,0,0,1,0,0,0,0,0,0,0,0,0,0,,,46049
bert_20260228023827,256884,20260128,1,2870485,liga,707292,PPLA2,Izium,Kharkiv,1191,Iziums'kyi,15939,37.27828,49.19127,ADM3,1,1,1,0,1,0,0,0,0,0,0,0,1,0,0,0,0,0,0,0,0,0,0,0,0,,,46049
bert_20260228023827,306324,20260128,1,2870486,liga,711416,PPL,Brody,L'viv,1289,Brodivs'kyi,5647,25.14393,50.08347,STREET,1,1,1,1,0,0,0,0,0,0,0,0,0,0,0,0,0,0,0,1,0,0,0,0,0,,,46049
bert_20260228023827,188397,20260128,1,2870488,liga,703448,PPLC,Kyiv,Kiev City,1210,Shevchenkivs'kyi,33738,30.52355,50.45044,ADM3,1,1,1,1,0,0,0,0,0,0,1,0,0,1,0,0,0,0,0,1,0,0,0,1,0,,,46049
bert_20260228023827,19349,20260128,1,2870489,liga,687700,PPLA,Zaporizhzhya,Zaporizhzhya,2730,Zaporiz'ka,41153,35.13885,47.83831,ADM3,1,1,1,1,0,0,0,0,0,0,1,0,0,1,0,0,0,0,0,1,0,0,0,1,0,,,46049
bert_20260228023827,29707,20260128,1,2870490,liga,689103,PPL,Volovytsia,Chernihiv,498,Borznians'kyi,5262,32.00406,51.35543,ADM1,0,0,0,0,0,1,0,0,0,0,0,0,0,0,0,0,0,0,0,0,0,0,0,0,0,,,46049
bert_20260228023827,250291,20260128,2,"2870729, 2870730",liveuamap,706483,PPLA,Kharkiv,Kharkiv,1191,Kharkivs'ka,17850,36.2312,49.99217,ADM3,1,1,0,1,0,0,0,0,0,0,1,0,0,0,0,0,0,0,0,1,0,0,0,1,0,,,46049
bert_20260228023827,19345,20260128,1,2870731,liveuamap,687700,PPLA,Zaporizhzhya,Zaporizhzhya,2730,Zaporiz'ka,41153,35.13885,47.83831,ADM3,0,1,1,0,0,0,1,0,0,0,0,0,0,0,1,0,0,0,0,0,0,0,0,0,0,,,46049
bert_20260228023827,323217,20260128,1,2870732,liveuamap,712794,PPL,Barvinkove,Kharkiv,1191,Barvinkivs'kyi,3770,37.02319,48.90994,STREET,1,1,1,0,0,0,0,0,0,0,1,0,0,0,0,0,0,1,0,1,0,0,0,0,0,,,46049
bert_20260228023827,250294,20260128,1,2870733,liveuamap,706483,PPLA,Kharkiv,Kharkiv,1191,Kharkivs'ka,17850,36.2312,49.99217,ADM3,1,1,1,0,0,0,0,0,0,0,1,0,0,0,0,0,0,1,0,1,0,0,0,0,0,,,46049
bert_20260228023827,345583,20260128,1,2870734,liveuamap,805500,PPL,Voronyne,Sumy,2356,Bilopils'kyi,4621,34.12376,51.10624,ADM1,1,1,0,1,0,0,0,0,0,0,1,0,0,0,0,0,0,0,0,0,0,0,0,1,0,,,46049
bert_20260228023827,112421,20260128,1,2870735,liveuamap,698740,PPLA,Odessa,Odessa,1800,Odes'ka,26260,30.73169,46.48421,ADM3,1,1,0,1,0,0,0,0,0,0,0,0,0,1,0,0,0,0,0,1,0,0,0,1,0,,,46049
bert_20260228023827,112419,20260128,1,2870736,liveuamap,698740,PPLA,Odessa,Odessa,1800,Odes'ka,26260,30.73169,46.48421,ADM3,1,1,0,1,0,0,0,0,0,0,0,0,0,0,0,0,0,0,0,0,0,0,0,1,0,,,46049
bert_20260228023827,96514,20260128,1,2870737,liveuamap,697422,PPL,Petropavlivka,Cherkasy,497,Horodyshchens'kyi,14528,31.35233,49.26,ADM1,0,0,0,0,0,1,1,0,0,0,0,0,1,0,0,0,0,0,0,0,0,0,0,0,0,,,46049
bert_20260228023827,112422,20260128,1,2870738,liveuamap,698740,PPLA,Odessa,Odessa,1800,Odes'ka,26260,30.73169,46.48421,ADM3,1,1,0,1,0,0,0,0,0,0,1,0,0,0,0,0,0,0,0,0,0,0,0,1,0,,,46049
bert_20260228023827,192439,20260128,1,2870739,liveuamap,703656,PPLA2,Kupiansk,Kharkiv,1191,Kupians'ka,19188,37.61478,49.7108,ADM3,1,1,1,1,0,0,0,0,0,0,0,0,0,0,1,0,0,0,1,0,0,0,0,0,0,,,46049
bert_20260228023827,250296,20260128,1,2870740,liveuamap,706483,PPLA,Kharkiv,Kharkiv,1191,Kharkivs'ka,17850,36.2312,49.99217,ADM3,1,1,1,1,0,0,0,0,0,0,0,0,0,0,1,0,0,0,1,0,0,0,0,0,0,,,46049
bert_20260228023827,197363,20260128,1,2870741,liveuamap,704204,PPL,Lyman,Donets'k,655,Krasnolymans'kyi,18941,37.82245,48.96409,ADM3,1,0,1,0,0,0,0,0,0,0,0,0,0,0,0,1,0,0,0,0,0,0,0,0,0,,,46049
bert_20260228023827,57717,20260128,1,2870743,liveuamap,693468,PPL,Sloviansk,Donets'k,655,Slovians'ka,34511,37.60582,48.85227,ADM3,1,0,1,0,0,0,0,0,0,0,0,0,0,0,0,1,0,0,0,0,0,0,0,0,0,,,46049
bert_20260228023827,208612,20260128,2,"2870744, 2870786",liveuamap,705104,PPL,Kostiantynivka,Donets'k,655,Kostiantynivs'ka,18738,37.69368,48.53467,ADM3,1,0,1,0,0,0,0,0,0,0,0,0,0,0,0,1,0,0,0,0,0,0,0,0,0,,,46049
bert_20260228023827,257477,20260128,1,2870745,liveuamap,707464,PPL,Ivanopillia,Donets'k,655,Kostiantynivs'kyi,18739,37.76439,48.47357,ADM3,1,0,1,0,0,0,0,0,0,0,0,0,0,0,0,1,0,0,0,0,0,0,0,0,0,,,46049
bert_20260228023827,304920,20260128,1,2870746,liveuamap,710925,PPL,Charivne,Zaporizhzhya,2730,Orikhivs'kyi,26748,36.03595,47.58161,ADM3,1,1,1,1,0,0,0,0,1,0,0,0,0,0,0,0,0,0,0,1,0,0,0,0,0,,,46049
bert_20260228023827,338896,20260128,1,2870747,liveuamap,802277,PPL,Protsenko,Donets'k,655,Amvrosi‹vs'kyi,1671,38.206,47.738,ADM3,1,1,1,1,0,0,0,0,1,0,0,0,0,0,0,0,0,0,0,1,0,0,0,0,0,,,46049
bert_20260228023827,26168,20260128,1,2870748,liveuamap,688871,PPL,Vozdvyzhivka,Zaporizhzhya,2730,Novomykola‹vs'kyi,25913,36.07979,47.74727,ADM3,1,1,1,1,0,0,0,0,1,0,0,0,0,0,0,0,0,0,0,1,0,0,0,0,0,,,46049
bert_20260228023827,19897,20260128,2,"2870749, 2870782",liveuamap,688051,PPL,Yurkivka,Kiev,1209,Stavyshchens'kyi,35110,30.09323,49.32365,ADM3,1,1,1,1,0,0,0,0,1,0,0,0,0,0,0,0,0,0,0,1,0,0,0,0,0,,,46049
bert_20260228023827,355002,20260128,1,2870750,liveuamap,829795,PPL,Kirove,Zaporizhzhya,2730,Orikhivs'kyi,26748,35.69274,47.65945,ADM3,1,1,1,1,0,0,0,0,1,0,0,0,0,0,0,0,0,0,0,1,0,0,0,0,0,,,46049
bert_20260228023827,19350,20260128,2,"2870751, 2870784",liveuamap,687700,PPLA,Zaporizhzhya,Zaporizhzhya,2730,Zaporiz'ka,41153,35.13885,47.83831,ADM3,1,1,1,1,0,0,0,0,1,0,0,0,0,0,0,0,0,0,0,1,0,0,0,0,0,,,46049
bert_20260228023827,55620,20260128,2,"2870752, 2870789",liveuamap,693065,PPLX,Sotsmisto,Donets'k,655,Kramators'ka,18898,37.5844,48.73898,ADM3,1,0,1,0,0,0,0,0,0,0,0,0,0,0,0,1,0,0,0,0,0,0,0,0,0,,,46049
bert_20260228023827,19346,20260128,2,"2870753, 2870791",liveuamap,687700,PPLA,Zaporizhzhya,Zaporizhzhya,2730,Zaporiz'ka,41153,35.13885,47.83831,ADM3,1,1,1,1,0,0,0,0,0,0,0,0,0,0,0,1,0,0,0,0,0,0,0,0,0,,,46049
bert_20260228023827,32676,20260128,1,2870754,liveuamap,689304,PPLA2,Vovchansk,Kharkiv,1191,Vovchans'kyi,39837,36.9368,50.29401,ADM3,1,0,1,1,0,0,0,0,0,0,0,0,0,0,0,1,0,0,0,0,0,0,0,0,0,,,46049
bert_20260228023827,197364,20260128,1,2870755,liveuamap,704204,PPL,Lyman,Donets'k,655,Krasnolymans'kyi,18941,37.82245,48.96409,ADM3,1,0,1,1,0,0,0,0,0,0,0,0,0,0,0,1,0,0,0,0,0,0,0,0,0,,,46049
bert_20260228023827,192438,20260128,2,"2870756, 2870777",liveuamap,703656,PPLA2,Kupiansk,Kharkiv,1191,Kupians'ka,19188,37.61478,49.7108,ADM3,1,0,1,0,0,0,0,0,0,0,0,0,0,0,0,1,0,0,0,0,0,0,0,0,0,,,46049
bert_20260228023827,203562,20260128,1,2870757,liveuamap,704422,PPLA2,Pokrovsk,Donets'k,655,Krasnoarmiis'kyi,18918,37.1756,48.28035,ADM3,1,1,1,1,0,0,0,0,0,0,0,0,0,0,0,0,0,0,0,0,0,0,0,0,0,,,46049
bert_20260228023827,364866,20260128,1,2870758,liveuamap,9112127,PPL,Kotlyne,Donets'k,655,Krasnoarmiis'kyi,18918,37.04956,48.25514,ADM3,1,1,1,1,0,0,0,0,0,0,0,0,0,0,0,0,0,0,0,0,0,0,0,0,0,,,46049
bert_20260228023827,366022,20260128,1,2870759,liveuamap,9112905,PPL,Molodets'ke,Donets'k,655,Krasnoarmiis'kyi,18918,36.93473,48.24095,ADM3,1,1,1,1,0,0,0,0,0,0,0,0,0,0,0,0,0,0,0,0,0,0,0,0,0,,,46049
bert_20260228023827,381241,20260128,1,2870760,liveuamap,10323759,PPLX,Cheremushky,Donets'k,655,Mariupol's'ka,22073,37.50564,47.07557,ADM3,1,0,1,0,0,0,0,0,0,0,0,0,0,0,0,1,0,0,0,0,0,0,0,0,0,,,46049
bert_20260228023827,50093,20260128,1,2870761,liveuamap,692248,PPL,Stepnohirsk,Zaporizhzhya,2730,Vasylivs'kyi,39200,35.36408,47.58871,ADM3,1,0,1,0,0,0,0,0,0,0,0,0,0,0,0,1,0,0,0,0,0,0,0,0,0,,,46049
bert_20260228023827,261547,20260128,2,"2870762, 2870793",liveuamap,707898,PPLA2,Hulyaypole,Zaporizhzhya,2730,Huliaipil's'kyi,14713,36.25322,47.66644,ADM3,1,0,1,0,0,0,0,0,0,0,0,0,0,0,0,1,0,0,0,0,0,0,0,0,0,,,46049
bert_20260228023827,306323,20260128,1,2870764,liveuamap,711416,PPL,Brody,L'viv,1289,Brodivs'kyi,5647,25.14393,50.08347,STREET,1,0,1,0,1,0,0,0,0,0,1,0,0,0,0,0,0,0,0,0,0,0,0,0,0,,,46049
bert_20260228023827,99102,20260128,1,2870765,liveuamap,697889,PPLA2,Pavlohrad,Dnipropetrovs'k,650,Pavlograd,27918,35.87012,48.53181,ADM3,1,1,0,0,1,0,0,0,0,0,1,0,0,0,0,0,0,1,0,0,0,0,0,0,0,,,46049
bert_20260228023827,250290,20260128,1,2870766,liveuamap,706483,PPLA,Kharkiv,Kharkiv,1191,Kharkivs'ka,17850,36.2312,49.99217,ADM3,1,1,0,1,0,0,0,0,0,0,0,0,0,1,0,0,0,0,0,1,0,0,0,1,0,,,46049
bert_20260228023827,287166,20260128,1,2870767,liveuamap,709930,PPLA,Dnipro,Dnipropetrovs'k,650,Dnipropetrovs'ka,9966,35.04618,48.46472,ADM3,1,1,1,1,0,0,0,0,0,0,0,0,0,1,0,0,0,0,0,1,0,0,0,0,0,,,46049
bert_20260228023827,250297,20260128,1,2870768,liveuamap,706483,PPLA,Kharkiv,Kharkiv,1191,Kharkivs'ka,17850,36.2312,49.99217,ADM3,1,1,1,1,0,0,0,0,0,0,0,0,0,1,0,0,0,0,0,1,0,0,0,1,0,,,46049
bert_20260228023827,250289,20260128,1,2870769,liveuamap,706483,PPLA,Kharkiv,Kharkiv,1191,Kharkivs'ka,17850,36.2312,49.99217,ADM3,1,1,0,0,0,0,0,0,0,0,0,0,0,0,0,0,0,0,0,0,0,0,0,0,0,,,46049
bert_20260228023827,250293,20260128,1,2870770,liveuamap,706483,PPLA,Kharkiv,Kharkiv,1191,Kharkivs'ka,17850,36.2312,49.99217,ADM3,1,1,1,0,0,0,0,0,0,0,1,0,0,0,0,0,0,0,0,1,0,0,0,0,0,,,46049
bert_20260228023827,287165,20260128,1,2870771,liveuamap,709930,PPLA,Dnipro,Dnipropetrovs'k,650,Dnipropetrovs'ka,9966,35.04618,48.46472,ADM3,1,1,1,0,0,0,0,1,0,0,1,0,0,0,0,0,0,0,0,0,0,0,0,0,0,,,46049
bert_20260228023827,287164,20260128,1,2870772,liveuamap,709930,PPLA,Dnipro,Dnipropetrovs'k,650,Dnipropetrovs'ka,9966,35.04618,48.46472,ADM3,1,1,0,0,1,0,0,0,0,0,0,0,0,0,0,0,0,0,0,0,0,0,0,0,0,,,46049
bert_20260228023827,250295,20260128,1,2870773,liveuamap,706483,PPLA,Kharkiv,Kharkiv,1191,Kharkivs'ka,17850,36.2312,49.99217,ADM3,1,1,1,0,1,0,0,0,0,0,0,0,0,0,0,0,1,1,0,1,0,0,0,0,0,,,46049
bert_20260228023827,57718,20260128,2,"2870774, 2870800",liveuamap,693468,PPL,Sloviansk,Donets'k,655,Slovians'ka,34511,37.60582,48.85227,ADM3,1,1,1,0,1,0,0,0,0,0,0,0,0,1,0,0,0,1,0,1,0,0,0,0,0,,,46049
bert_20260228023827,250292,20260128,1,2870775,liveuamap,706483,PPLA,Kharkiv,Kharkiv,1191,Kharkivs'ka,17850,36.2312,49.99217,ADM3,1,1,1,0,0,0,0,0,0,0,0,0,0,0,0,1,0,0,0,0,0,0,0,0,0,,,46049
bert_20260228023827,32677,20260128,1,2870776,liveuamap,689304,PPLA2,Vovchansk,Kharkiv,1191,Vovchans'kyi,39837,36.9368,50.29401,ADM3,1,1,1,0,0,0,0,0,0,0,0,0,0,0,0,1,0,0,0,0,0,0,0,0,0,,,46049
bert_20260228023827,82440,20260128,1,2870778,liveuamap,695094,PPLX,Ruttschenkowo,Donets'k,655,Donets'ka,10139,37.67529,47.95508,ADM1,1,1,1,1,0,0,0,0,1,0,0,0,0,0,0,0,0,0,0,1,0,0,0,0,0,,,46049
bert_20260228023827,264648,20260128,1,2870779,liveuamap,708937,PPL,Havrylivka,Dnipropetrovs'k,650,Pokrovs'kyi,28862,36.51993,48.07377,ADM3,1,1,1,1,0,0,0,0,1,0,0,0,0,0,0,0,0,0,0,1,0,0,0,0,0,,,46049
bert_20260228023827,287167,20260128,1,2870780,liveuamap,709930,PPLA,Dnipro,Dnipropetrovs'k,650,Dnipropetrovs'ka,9966,35.04618,48.46472,ADM3,1,1,1,1,0,0,0,0,1,0,0,0,0,0,0,0,0,0,0,1,0,0,0,0,0,,,46049
bert_20260228023827,360756,20260128,1,2870781,liveuamap,8438363,PPL,Zelene,Rivne,2066,Dubens'kyi,10348,25.77252,50.45812,ADM3,1,1,1,1,0,0,0,0,1,0,0,0,0,0,0,0,0,0,0,1,0,0,0,0,0,,,46049
bert_20260228023827,98639,20260128,1,2870783,liveuamap,697866,PPL,Pavlivka,Donets'k,655,Mar‹ns'kyi,21886,37.21804,47.75441,STREET,1,1,1,1,0,0,0,0,1,0,0,0,0,0,0,0,0,0,0,1,0,0,0,0,0,,,46049
bert_20260228023827,217415,20260128,1,2870785,liveuamap,705408,PPL,Kolodiazi,Donets'k,655,Krasnolymans'kyi,18941,37.88154,49.08314,ADM3,1,0,1,0,0,0,0,0,0,0,0,0,0,0,0,1,0,0,0,0,0,0,0,0,0,,,46049
bert_20260228023827,287951,20260128,1,2870787,liveuamap,710035,PPLA2,Myrnohrad,Donets'k,655,Krasnoarmiis'ka,18917,37.26806,48.29097,ADM3,1,1,1,1,0,0,0,0,0,0,0,0,0,0,0,1,0,0,0,0,0,0,0,0,0,,,46049
bert_20260228023827,387948,20260128,1,2870790,liveuamap,11151973,PPL,Stepove,Dnipropetrovs'k,650,Krynychans'kyi,19030,34.53593,48.44595,ADM3,1,0,1,0,0,0,0,0,0,0,0,0,0,0,0,1,0,0,0,0,0,0,0,0,0,,,46049
bert_20260228023827,376816,20260128,1,2870792,liveuamap,9532052,PPL,Huliaipilske,Zaporizhzhya,2730,Huliaipil's'kyi,14713,36.06122,47.61272,ADM3,1,0,1,0,0,0,0,0,0,0,0,0,0,0,0,1,0,0,0,0,0,0,0,0,0,,,46049
bert_20260228023827,268925,20260128,1,2870794,liveuamap,709671,PPL,Dorozhnianka,Zaporizhzhya,2730,Huliaipil's'kyi,14713,36.26004,47.58678,ADM3,1,0,1,0,0,0,0,0,0,0,0,0,0,0,0,1,0,0,0,0,0,0,0,0,0,,,46049
bert_20260228023827,235327,20260128,1,2870795,liveuamap,706448,PPLA,Kherson,Kherson,1195,Khersons'ka,17890,32.61496,46.64032,ADM3,1,1,1,1,0,0,0,0,0,0,0,0,0,0,0,1,0,0,0,0,0,0,0,0,0,,,46049
bert_20260228023827,360534,20260128,1,2870796,liveuamap,8419787,PPL,Zakumske,Sumy,2356,Sums'kyi,35426,34.64912,50.95537,ADM2,1,1,1,1,0,0,0,0,0,0,0,0,0,0,1,0,0,0,0,0,0,0,0,0,0,,,46049
bert_20260228023827,221271,20260128,1,2870797,liveuamap,705812,PPLA,Kropyvnytskyy,Kirovohrad,1222,Kirovohrads'kyi,18226,32.26637,48.51036,ADM3,1,1,1,0,1,0,0,0,0,0,0,0,0,0,0,0,1,1,0,0,0,0,0,0,0,,,46049
bert_20260228023827,360533,20260128,1,2870798,liveuamap,8419787,PPL,Zakumske,Sumy,2356,Sums'kyi,35426,34.64912,50.95537,ADM2,1,1,0,0,0,0,0,0,0,0,1,0,0,0,0,0,0,0,0,0,0,0,0,1,0,,,46049
bert_20260228023827,157839,20260128,1,2870799,liveuamap,702658,PPLA,Luhansk,Luhans'k,1405,Luhans'ka,20910,39.30771,48.5739,ADM3,1,1,1,0,0,0,0,0,0,0,0,0,0,0,0,0,0,0,0,1,0,0,0,0,0,,,46049
bert_20260228023827,112424,20260128,1,2876908,unian,698740,PPLA,Odessa,Odessa,1800,Odes'ka,26260,30.73169,46.48421,ADM3,1,1,1,1,0,0,0,0,0,0,1,0,0,0,0,0,0,0,0,1,0,0,0,1,0,,,46049
bert_20260228023827,217153,20260128,1,2876909,unian,705183,PPL,Slobozhans'ke,Kharkiv,1191,Zmiïvs'kyi,41407,36.50512,49.61494,ADM1,1,1,1,1,0,0,0,0,0,0,0,0,0,0,1,0,0,0,1,0,0,0,0,0,0,,,46049
bert_20260228023827,188394,20260128,1,2876910,unian,703448,PPLC,Kyiv,Kiev City,1210,Shevchenkivs'kyi,33738,30.52355,50.45044,ADM3,0,1,1,0,0,1,0,0,0,0,0,0,1,0,0,0,0,0,0,0,0,0,0,0,0,,,46049
bert_20260228023827,287163,20260128,1,2876914,unian,709930,PPLA,Dnipro,Dnipropetrovs'k,650,Dnipropetrovs'ka,9966,35.04618,48.46472,ADM3,0,0,0,0,0,0,0,0,0,0,0,0,0,0,0,0,0,0,0,0,0,0,0,0,0,,,46049
bert_20260228023827,112417,20260128,1,2876915,unian,698740,PPLA,Odessa,Odessa,1800,Odes'ka,26260,30.73169,46.48421,ADM3,0,0,0,0,0,0,0,0,0,0,0,0,0,0,0,0,0,0,0,0,0,0,0,0,0,,,46049
bert_20260228023827,319035,20260128,1,2876917,unian,712609,PPL,Bilka,Odessa,1800,Ivanivs'kyi,15842,30.40579,46.90822,ADM1,1,1,0,1,0,0,0,0,0,0,0,0,0,0,0,0,0,0,0,1,0,0,0,1,0,,,46049
bert_20260228023827,250288,20260128,1,2876918,unian,706483,PPLA,Kharkiv,Kharkiv,1191,Kharkivs'ka,17850,36.2312,49.99217,ADM3,0,0,0,0,0,0,1,0,0,0,0,0,0,0,0,0,0,0,0,0,0,0,0,0,0,,,46049
bert_20260228023827,363483,20260128,1,2876919,unian,8670099,PPL,Zvidky,Kharkiv,1191,Zmiïvs'kyi,41407,36.30004,49.7893,STREET,0,0,0,0,0,0,1,0,0,0,0,0,0,0,0,0,0,0,0,0,0,0,0,0,0,,,46049
bert_20260228023827,112425,20260128,1,2876920,unian,698740,PPLA,Odessa,Odessa,1800,Odes'ka,26260,30.73169,46.48421,ADM3,1,1,1,1,0,0,0,1,0,0,1,0,0,1,0,0,0,0,0,1,0,0,0,1,0,,,46049
bert_20260228023827,192440,20260128,1,2876921,unian,703656,PPLA2,Kupiansk,Kharkiv,1191,Kupians'ka,19188,37.61478,49.7108,ADM3,1,1,1,1,1,0,0,0,0,0,0,0,0,0,1,1,0,0,0,0,0,0,0,0,0,,,46049
bert_20260228023827,217152,20260128,1,2876922,unian,705183,PPL,Slobozhans'ke,Kharkiv,1191,Zmiïvs'kyi,41407,36.50512,49.61494,ADM1,1,0,1,1,0,0,0,0,0,0,0,0,0,0,0,0,0,0,0,0,0,0,1,0,0,,,46049
bert_20260228023827,208613,20260128,1,2876923,unian,705104,PPL,Kostiantynivka,Donets'k,655,Kostiantynivs'ka,18738,37.69368,48.53467,ADM3,1,1,1,1,1,0,0,0,0,0,0,0,0,0,1,0,0,0,1,0,0,0,0,0,0,,,46049
bert_20260228023827,143762,20260129,1,3041287,liga,701822,PPL,Mariupol,Donets'k,655,Mariupol's'ka,22073,37.54144,47.0967,ADM3,1,1,1,0,0,1,0,0,0,0,0,0,0,0,0,0,0,0,0,0,0,0,0,0,0,,,46050
bert_20260228023827,258267,20260129,1,3022503,liga,707471,PPLA,Ivano-Frankivsk,Ivano-Frankivs'k,1023,Ivano-Frankivs'ka,15846,24.71116,48.92268,ADM3,0,0,0,0,0,0,1,0,0,0,0,0,0,0,0,0,0,0,0,0,0,0,0,0,0,,,46050
bert_20260228023827,188400,20260129,2,"3009997, 2877260",liga,703448,PPLC,Kyiv,Kiev City,1210,Shevchenkivs'kyi,33738,30.52355,50.45044,ADM3,0,0,0,0,0,1,0,0,0,0,0,0,0,0,0,0,0,0,0,0,0,0,0,0,0,,,46050
bert_20260228023827,250299,20260129,1,2984882,liga,706483,PPLA,Kharkiv,Kharkiv,1191,Kharkivs'ka,17850,36.2312,49.99217,ADM3,0,0,0,0,0,0,0,0,0,0,0,0,0,0,0,0,0,0,0,0,0,0,0,0,0,,,46050
bert_20260228023827,250300,20260129,1,2984883,liga,706483,PPLA,Kharkiv,Kharkiv,1191,Kharkivs'ka,17850,36.2312,49.99217,ADM3,0,0,0,0,0,0,0,0,0,0,1,0,0,0,0,0,0,0,0,0,0,0,0,0,0,,,46050
bert_20260228023827,188403,20260129,5,"2972183, 2889648, 2889649, 2889650, 2889656","liga, meduza, unian",703448,PPLC,Kyiv,Kiev City,1210,Shevchenkivs'kyi,33738,30.52355,50.45044,ADM3,0,0,1,0,0,0,1,0,0,0,0,0,0,0,0,0,0,0,0,0,0,0,0,0,0,,,46050
bert_20260228023827,323920,20260129,1,2972184,liga,712956,PPL,Bakhmutivka,Luhans'k,1405,Novoaidars'kyi,25882,39.04452,48.86708,ADM3,0,0,1,0,0,0,1,0,0,0,0,0,0,0,0,0,0,0,0,0,0,0,0,0,0,,,46050
bert_20260228023827,357660,20260129,1,2972185,liga,8250815,PPL,Karpaty,Transcarpathia,2491,Mukachivs'kyi,24017,22.8742,48.52159,ADM3,0,0,0,0,0,1,1,0,0,0,0,0,0,0,0,0,0,0,0,1,0,0,0,0,0,,,46050
bert_20260228023827,188405,20260129,1,2965811,liga,703448,PPLC,Kyiv,Kiev City,1210,Shevchenkivs'kyi,33738,30.52355,50.45044,ADM3,1,1,0,1,0,0,0,0,0,0,0,0,0,0,0,0,0,0,0,1,0,0,0,0,0,,,46050
bert_20260228023827,188408,20260129,1,2946867,liga,703448,PPLC,Kyiv,Kiev City,1210,Shevchenkivs'kyi,33738,30.52355,50.45044,ADM3,1,1,1,1,0,0,0,0,0,0,0,0,0,0,0,0,0,0,0,1,0,0,0,0,0,,,46050
bert_20260228023827,188399,20260129,2,"2896295, 2889654","liga, unian",703448,PPLC,Kyiv,Kiev City,1210,Shevchenkivs'kyi,33738,30.52355,50.45044,ADM3,0,0,0,0,0,0,1,0,0,0,0,0,0,0,0,0,0,0,0,0,0,0,0,0,0,,,46050
bert_20260228023827,19353,20260129,1,2889676,espreso,687700,PPLA,Zaporizhzhya,Zaporizhzhya,2730,Zaporiz'ka,41153,35.13885,47.83831,ADM3,1,1,0,1,0,0,0,0,0,0,1,0,0,0,0,0,0,0,0,1,0,0,0,1,0,,,46050
bert_20260228023827,112427,20260129,1,2889677,espreso,698740,PPLA,Odessa,Odessa,1800,Odes'ka,26260,30.73169,46.48421,ADM3,1,1,0,1,0,0,0,0,0,0,1,0,0,0,0,0,0,0,0,1,0,0,0,1,0,,,46050
bert_20260228023827,192442,20260129,1,2883283,espreso,703656,PPLA2,Kupiansk,Kharkiv,1191,Kupians'ka,19188,37.61478,49.7108,ADM3,1,1,1,1,0,0,0,0,0,0,0,0,0,0,0,0,0,0,0,0,0,0,0,0,0,,,46050
bert_20260228023827,203565,20260129,2,"2883284, 2883295",espreso,704422,PPLA2,Pokrovsk,Donets'k,655,Krasnoarmiis'kyi,18918,37.1756,48.28035,ADM3,1,1,1,1,0,0,0,0,0,0,0,0,0,0,0,1,0,0,0,0,0,0,1,0,0,,,46050
bert_20260228023827,217155,20260129,1,2883285,espreso,705183,PPL,Slobozhans'ke,Kharkiv,1191,Zmiïvs'kyi,41407,36.50512,49.61494,ADM1,1,1,1,1,1,0,0,0,0,0,0,0,0,0,1,1,0,1,0,0,0,0,0,0,0,,,46050
bert_20260228023827,203566,20260129,1,2883286,espreso,704422,PPLA2,Pokrovsk,Donets'k,655,Krasnoarmiis'kyi,18918,37.1756,48.28035,ADM3,1,1,1,1,1,0,0,0,0,0,0,1,0,0,1,0,0,0,1,0,0,0,0,0,0,,,46050
bert_20260228023827,82441,20260129,1,2883287,espreso,695094,PPLX,Ruttschenkowo,Donets'k,655,Donets'ka,10139,37.67529,47.95508,ADM1,1,1,0,1,0,0,0,0,0,0,0,0,0,0,0,0,0,0,0,0,0,0,0,1,0,,,46050
bert_20260228023827,275153,20260129,1,2883288,espreso,709717,PPLA,Donetsk,Donets'k,655,Donets'ka,10139,37.80285,48.01588,ADM3,0,1,1,0,0,0,0,0,0,0,0,0,0,0,0,0,0,0,0,0,0,0,0,0,0,,,46050
bert_20260228023827,188398,20260129,6,"2883289, 2883290, 2883292, 2889659, 2889665, 2889669","espreso, unian",703448,PPLC,Kyiv,Kiev City,1210,Shevchenkivs'kyi,33738,30.52355,50.45044,ADM3,0,0,0,0,0,0,0,0,0,0,0,0,0,0,0,0,0,0,0,0,0,0,0,0,0,,,46050
bert_20260228023827,393702,20260129,1,2883291,espreso,11777953,PPL,Deremezna,Kiev,1209,Obukhivs'kyi,26204,30.47662,50.02393,ADM1,1,0,1,0,0,0,1,0,0,0,0,0,0,0,0,0,0,0,0,0,0,0,0,0,0,,,46050
bert_20260228023827,188401,20260129,1,2883293,espreso,703448,PPLC,Kyiv,Kiev City,1210,Shevchenkivs'kyi,33738,30.52355,50.45044,ADM3,0,0,0,0,0,1,1,0,0,0,0,0,0,0,0,0,0,0,0,0,0,0,0,0,0,,,46050
bert_20260228023827,188409,20260129,1,2883294,espreso,703448,PPLC,Kyiv,Kiev City,1210,Shevchenkivs'kyi,33738,30.52355,50.45044,ADM3,1,1,1,1,0,0,0,0,0,0,0,0,0,1,0,0,0,0,0,0,0,0,0,0,0,,,46050
bert_20260228023827,188407,20260129,1,2883619,liga,703448,PPLC,Kyiv,Kiev City,1210,Shevchenkivs'kyi,33738,30.52355,50.45044,ADM3,1,1,1,0,0,0,0,0,0,0,0,0,0,0,0,0,0,0,0,1,0,0,0,0,0,,,46050
bert_20260228023827,306863,20260129,1,2883620,liga,711503,PPLX,Bazhanovo,Dnipropetrovs'k,650,KryvyiRig,19033,33.436,47.96127,ADM3,1,1,0,1,0,0,0,0,0,0,1,0,0,0,0,0,0,0,0,1,0,0,0,1,0,,,46050
bert_20260228023827,386581,20260129,1,2883621,liga,11090876,PPL,Novopryhozhe,Kharkiv,1191,Barvinkivs'kyi,3770,36.78804,48.78686,ADM3,0,0,1,0,0,1,1,0,0,0,0,0,0,0,0,0,0,0,0,0,0,0,0,0,0,,,46050
bert_20260228023827,287953,20260129,1,2883622,liga,710035,PPLA2,Myrnohrad,Donets'k,655,Krasnoarmiis'ka,18917,37.26806,48.29097,ADM3,1,1,1,1,0,0,0,0,0,0,0,0,0,0,0,0,0,1,0,0,0,0,0,0,0,,,46050
bert_20260228023827,112428,20260129,1,2883623,liga,698740,PPLA,Odessa,Odessa,1800,Odes'ka,26260,30.73169,46.48421,ADM3,1,1,1,1,0,0,0,0,0,0,1,0,0,1,0,0,0,0,0,1,0,0,0,1,0,,,46050
bert_20260228023827,304242,20260129,1,2889652,unian,710791,PPLA,Cherkasy,Cherkasy,497,Cherkas'ka,7654,32.06194,49.41517,ADM3,0,1,1,0,0,0,1,0,0,0,0,0,0,0,0,0,0,0,0,0,0,0,0,0,0,,,46050
bert_20260228023827,235329,20260129,1,2889653,unian,706448,PPLA,Kherson,Kherson,1195,Khersons'ka,17890,32.61496,46.64032,ADM3,1,1,1,1,0,0,0,0,0,0,0,0,0,0,0,0,0,0,0,1,0,0,0,1,0,,,46050
bert_20260228023827,319037,20260129,1,2889655,unian,712609,PPL,Bilka,Odessa,1800,Ivanivs'kyi,15842,30.40579,46.90822,ADM1,0,0,0,0,0,0,1,0,0,0,0,0,0,0,0,0,0,0,0,0,0,0,0,0,0,,,46050
bert_20260228023827,289804,20260129,1,2889657,unian,710403,PPLQ,Chornobyl,Kiev,1209,Ivankivs'kyi,15844,30.211,51.27784,ADM3,0,0,0,0,0,0,0,0,0,0,0,0,0,0,0,0,0,0,0,0,0,0,0,0,0,,,46050
bert_20260228023827,38226,20260129,1,2889658,unian,690773,PPL,Ukrainka,Kiev,1209,Obukhivs'kyi,26204,30.74207,50.15372,ADM3,0,0,0,0,0,1,0,0,0,0,0,0,0,0,0,0,0,0,0,0,0,0,0,0,0,,,46050
bert_20260228023827,261549,20260129,1,2889660,unian,707898,PPLA2,Hulyaypole,Zaporizhzhya,2730,Huliaipil's'kyi,14713,36.25322,47.66644,ADM3,1,1,1,1,0,0,0,0,0,0,1,0,0,0,1,0,0,0,1,1,0,0,0,0,0,,,46050
bert_20260228023827,112426,20260129,1,2889661,unian,698740,PPLA,Odessa,Odessa,1800,Odes'ka,26260,30.73169,46.48421,ADM3,0,0,0,0,0,0,1,0,0,0,0,0,0,0,0,0,0,0,0,0,0,0,0,1,0,,,46050
bert_20260228023827,188402,20260129,1,2889662,unian,703448,PPLC,Kyiv,Kiev City,1210,Shevchenkivs'kyi,33738,30.52355,50.45044,ADM3,0,0,0,0,0,1,1,0,0,0,0,0,0,0,0,0,0,0,0,1,0,0,0,0,0,,,46050
bert_20260228023827,373691,20260129,1,2889663,unian,9114542,PPL,Novyi,Luhans'k,1405,Krasnoluts'ka,18939,38.59081,48.49995,ADM3,0,0,0,0,0,0,1,0,0,0,0,0,0,0,0,0,0,0,0,0,0,0,0,0,0,,,46050
bert_20260228023827,188404,20260129,1,2889664,unian,703448,PPLC,Kyiv,Kiev City,1210,Shevchenkivs'kyi,33738,30.52355,50.45044,ADM3,0,0,1,0,0,1,0,0,0,0,0,0,0,0,0,0,0,0,0,0,0,0,0,0,0,,,46050
bert_20260228023827,386040,20260129,1,2889666,unian,10951287,PPL,Vesele,Zaporizhzhya,2730,Tokmats'kyi,37511,35.7672,47.17894,ADM1,0,1,1,0,0,0,1,0,0,0,0,0,0,0,0,0,0,0,0,0,0,0,0,0,0,,,46050
bert_20260228023827,363484,20260129,1,2889667,unian,8670099,PPL,Zvidky,Kharkiv,1191,Zmiïvs'kyi,41407,36.30004,49.7893,STREET,0,0,0,0,0,0,0,0,0,0,0,0,0,0,0,0,0,0,0,0,0,0,0,0,0,,,46050
bert_20260228023827,188410,20260129,1,2889668,unian,703448,PPLC,Kyiv,Kiev City,1210,Shevchenkivs'kyi,33738,30.52355,50.45044,ADM3,1,1,1,1,0,0,0,0,1,0,0,0,0,0,0,0,0,0,0,1,0,0,0,1,0,,,46050
bert_20260228023827,26132,20260129,1,2889670,unian,688860,PPLA2,Voznesensk,Mykolayiv,1628,Voznesens'kyi,39841,31.33612,47.5605,ADM3,0,0,1,0,0,1,0,0,0,0,0,0,1,0,0,0,0,0,0,0,0,0,0,0,0,,,46050
bert_20260228023827,287168,20260129,1,2889671,unian,709930,PPLA,Dnipro,Dnipropetrovs'k,650,Dnipropetrovs'ka,9966,35.04618,48.46472,ADM3,1,1,1,1,0,0,0,0,0,0,0,0,0,0,1,0,0,0,1,0,0,0,0,0,0,,,46050
bert_20260228023827,345584,20260129,1,2889672,unian,805500,PPL,Voronyne,Sumy,2356,Bilopils'kyi,4621,34.12376,51.10624,ADM1,1,1,1,1,0,0,0,0,0,0,0,0,0,0,1,0,0,0,1,0,0,0,0,0,0,,,46050
bert_20260228023827,19354,20260129,1,2877257,liga,687700,PPLA,Zaporizhzhya,Zaporizhzhya,2730,Zaporiz'ka,41153,35.13885,47.83831,ADM3,1,1,1,1,0,0,0,0,0,0,0,0,0,1,0,0,0,0,0,1,0,0,1,1,0,,,46050
bert_20260228023827,19355,20260129,1,2877258,liga,687700,PPLA,Zaporizhzhya,Zaporizhzhya,2730,Zaporiz'ka,41153,35.13885,47.83831,ADM3,1,1,1,1,0,0,0,0,0,0,1,0,0,0,0,0,0,0,0,1,0,0,1,1,0,,,46050
bert_20260228023827,29708,20260129,1,2877259,liga,689103,PPL,Volovytsia,Chernihiv,498,Borznians'kyi,5262,32.00406,51.35543,ADM1,0,0,0,0,0,1,0,0,0,0,0,0,0,0,0,0,0,0,0,0,0,0,0,0,0,,,46050
bert_20260228023827,338366,20260129,1,2877261,liveuamap,713650,PPL,Oleksandrivka,Odessa,1800,Kodyms'kyi,18447,29.23314,47.99694,ADM3,1,1,1,0,1,0,0,0,0,0,1,0,0,0,0,0,0,0,0,0,0,0,0,0,0,,,46050
bert_20260228023827,82442,20260129,1,2877262,liveuamap,695094,PPLX,Ruttschenkowo,Donets'k,655,Donets'ka,10139,37.67529,47.95508,ADM1,1,1,1,0,1,0,0,0,0,0,1,0,0,0,0,0,0,0,0,0,0,0,0,0,0,,,46050
bert_20260228023827,250301,20260129,1,2877263,liveuamap,706483,PPLA,Kharkiv,Kharkiv,1191,Kharkivs'ka,17850,36.2312,49.99217,ADM3,1,1,1,0,0,0,0,0,0,0,0,0,0,0,0,1,0,0,0,0,0,0,0,0,0,,,46050
bert_20260228023827,57719,20260129,1,2877264,liveuamap,693468,PPL,Sloviansk,Donets'k,655,Slovians'ka,34511,37.60582,48.85227,ADM3,1,0,1,0,0,0,0,0,0,0,0,0,0,0,0,1,0,0,0,0,0,0,0,0,0,,,46050
bert_20260228023827,287169,20260129,1,2877265,liveuamap,709930,PPLA,Dnipro,Dnipropetrovs'k,650,Dnipropetrovs'ka,9966,35.04618,48.46472,ADM3,1,1,1,1,0,0,0,0,1,0,0,0,0,0,0,0,0,0,0,1,0,0,0,0,0,,,46050
bert_20260228023827,83535,20260129,1,2877266,liveuamap,695306,PPL,Rozivka,Zaporizhzhya,2730,Chernihivs'kyi,7661,36.16835,47.06462,ADM3,1,1,1,1,0,0,0,0,1,0,0,0,0,0,0,0,0,0,0,1,0,0,0,0,0,,,46050
bert_20260228023827,26169,20260129,1,2877267,liveuamap,688871,PPL,Vozdvyzhivka,Zaporizhzhya,2730,Novomykola‹vs'kyi,25913,36.07979,47.74727,ADM3,1,1,1,1,0,0,0,0,1,0,0,0,0,0,0,0,0,0,0,1,0,0,0,0,0,,,46050
bert_20260228023827,304921,20260129,1,2877268,liveuamap,710925,PPL,Charivne,Zaporizhzhya,2730,Orikhivs'kyi,26748,36.03595,47.58161,ADM3,1,1,1,1,0,0,0,0,1,0,0,0,0,0,0,0,0,0,0,1,0,0,0,0,0,,,46050
bert_20260228023827,355003,20260129,1,2877269,liveuamap,829795,PPL,Kirove,Zaporizhzhya,2730,Orikhivs'kyi,26748,35.69274,47.65945,ADM3,1,1,1,1,0,0,0,0,1,0,0,0,0,0,0,0,0,0,0,1,0,0,0,0,0,,,46050
bert_20260228023827,19356,20260129,1,2877270,liveuamap,687700,PPLA,Zaporizhzhya,Zaporizhzhya,2730,Zaporiz'ka,41153,35.13885,47.83831,ADM3,1,1,1,1,0,0,0,0,1,0,0,0,0,0,0,0,0,0,0,1,0,0,0,0,0,,,46050
bert_20260228023827,203564,20260129,1,2877271,liveuamap,704422,PPLA2,Pokrovsk,Donets'k,655,Krasnoarmiis'kyi,18918,37.1756,48.28035,ADM3,1,0,1,0,0,0,0,0,0,0,0,0,0,0,0,1,0,0,0,0,0,0,0,0,0,,,46050
bert_20260228023827,55621,20260129,1,2877272,liveuamap,693065,PPLX,Sotsmisto,Donets'k,655,Kramators'ka,18898,37.5844,48.73898,ADM3,1,0,1,0,0,0,0,0,0,0,0,0,0,0,0,1,0,0,0,0,0,0,0,0,0,,,46050
bert_20260228023827,192441,20260129,1,2877273,liveuamap,703656,PPLA2,Kupiansk,Kharkiv,1191,Kupians'ka,19188,37.61478,49.7108,ADM3,1,0,1,0,0,0,0,0,0,0,0,0,0,0,0,1,0,0,0,0,0,0,0,0,0,,,46050
bert_20260228023827,197366,20260129,1,2877275,liveuamap,704204,PPL,Lyman,Donets'k,655,Krasnolymans'kyi,18941,37.82245,48.96409,ADM3,1,0,1,0,0,0,0,0,0,0,0,0,0,0,0,1,0,0,0,0,0,0,0,0,0,,,46050
bert_20260228023827,42297,20260129,1,2877276,liveuamap,691358,PPL,Torske,Donets'k,655,Krasnolymans'kyi,18941,37.96573,49.00937,STREET,1,0,1,0,0,0,0,0,0,0,0,0,0,0,0,1,0,0,0,0,0,0,0,0,0,,,46050
bert_20260228023827,208614,20260129,1,2877277,liveuamap,705104,PPL,Kostiantynivka,Donets'k,655,Kostiantynivs'ka,18738,37.69368,48.53467,ADM3,1,1,1,1,0,0,0,0,0,0,0,0,0,0,0,1,0,0,0,0,0,0,0,0,0,,,46050
bert_20260228023827,261548,20260129,1,2877278,liveuamap,707898,PPLA2,Hulyaypole,Zaporizhzhya,2730,Huliaipil's'kyi,14713,36.25322,47.66644,ADM3,1,0,1,0,0,0,0,0,0,0,0,0,0,0,0,1,0,0,0,0,0,0,0,0,0,,,46050
bert_20260228023827,268926,20260129,1,2877280,liveuamap,709671,PPL,Dorozhnianka,Zaporizhzhya,2730,Huliaipil's'kyi,14713,36.26004,47.58678,ADM3,1,0,1,0,0,0,0,0,0,0,0,0,0,0,0,1,0,0,0,0,0,0,0,0,0,,,46050
bert_20260228023827,19351,20260129,1,2877281,liveuamap,687700,PPLA,Zaporizhzhya,Zaporizhzhya,2730,Zaporiz'ka,41153,35.13885,47.83831,ADM3,1,0,1,0,0,0,0,0,0,0,0,0,0,0,0,1,0,0,0,0,0,0,0,0,0,,,46050
bert_20260228023827,235330,20260129,1,2877282,liveuamap,706448,PPLA,Kherson,Kherson,1195,Khersons'ka,17890,32.61496,46.64032,ADM3,1,1,1,1,0,0,0,0,0,0,0,0,0,0,1,0,0,0,0,0,0,0,1,0,0,,,46050
bert_20260228023827,315333,20260129,1,2877283,liveuamap,712590,PPL,Bilohorodka,Kiev,1209,Kyievo-Sviatoshyns'kyi,19355,30.22785,50.39017,ADM3,1,1,0,1,0,0,0,0,0,0,1,0,0,0,0,0,0,0,0,0,0,0,0,1,0,,,46050
bert_20260228023827,188406,20260129,1,2877284,liveuamap,703448,PPLC,Kyiv,Kiev City,1210,Shevchenkivs'kyi,33738,30.52355,50.45044,ADM3,1,1,0,1,0,0,0,0,0,0,1,0,0,0,0,0,0,0,0,0,0,0,0,1,0,,,46050
bert_20260228023827,188962,20260129,1,2883279,unian,703528,PPL,Kutkivka,Kharkiv,1191,Dvorichans'kyi,10500,37.59331,49.87463,ADM3,1,1,1,1,0,0,0,0,0,0,0,0,0,0,1,1,0,0,1,0,0,0,0,0,0,,,46050
bert_20260228023827,217154,20260129,1,2883280,unian,705183,PPL,Slobozhans'ke,Kharkiv,1191,Zmiïvs'kyi,41407,36.50512,49.61494,ADM1,1,1,1,1,0,0,0,0,0,0,0,0,0,0,1,1,0,0,1,0,0,0,0,0,0,,,46050
bert_20260228023827,235328,20260129,1,2883281,unian,706448,PPLA,Kherson,Kherson,1195,Khersons'ka,17890,32.61496,46.64032,ADM3,1,1,1,0,1,0,0,0,0,0,1,0,0,0,0,0,0,0,0,0,0,0,0,0,0,,,46050
bert_20260228023827,19352,20260129,1,2883282,unian,687700,PPLA,Zaporizhzhya,Zaporizhzhya,2730,Zaporiz'ka,41153,35.13885,47.83831,ADM3,1,1,0,1,0,0,0,0,0,0,0,0,0,0,0,0,0,0,0,1,0,0,0,1,0,,,46050
bert_20260228023827,143763,20260130,1,3041296,liga,701822,PPL,Mariupol,Donets'k,655,Mariupol's'ka,22073,37.54144,47.0967,ADM3,1,1,1,0,0,1,0,0,0,0,0,0,0,0,0,0,0,0,0,0,0,0,0,0,0,,,46051
bert_20260228023827,258268,20260130,1,3022512,liga,707471,PPLA,Ivano-Frankivsk,Ivano-Frankivs'k,1023,Ivano-Frankivs'ka,15846,24.71116,48.92268,ADM3,0,0,0,0,0,0,1,0,0,0,0,0,0,0,0,0,0,0,0,0,0,0,0,0,0,,,46051
bert_20260228023827,188413,20260130,1,3010006,liga,703448,PPLC,Kyiv,Kiev City,1210,Shevchenkivs'kyi,33738,30.52355,50.45044,ADM3,0,0,0,0,0,1,0,0,0,0,0,0,0,0,0,0,0,0,0,0,0,0,0,0,0,,,46051
bert_20260228023827,250302,20260130,1,2984892,liga,706483,PPLA,Kharkiv,Kharkiv,1191,Kharkivs'ka,17850,36.2312,49.99217,ADM3,0,0,0,0,0,0,0,0,0,0,0,0,0,0,0,0,0,0,0,0,0,0,0,0,0,,,46051
bert_20260228023827,250303,20260130,1,2984893,liga,706483,PPLA,Kharkiv,Kharkiv,1191,Kharkivs'ka,17850,36.2312,49.99217,ADM3,0,0,0,0,0,0,0,0,0,0,1,0,0,0,0,0,0,0,0,0,0,0,0,0,0,,,46051
bert_20260228023827,188415,20260130,1,2972195,liga,703448,PPLC,Kyiv,Kiev City,1210,Shevchenkivs'kyi,33738,30.52355,50.45044,ADM3,0,0,1,0,0,0,1,0,0,0,0,0,0,0,0,0,0,0,0,0,0,0,0,0,0,,,46051
bert_20260228023827,323921,20260130,1,2972196,liga,712956,PPL,Bakhmutivka,Luhans'k,1405,Novoaidars'kyi,25882,39.04452,48.86708,ADM3,0,0,1,0,0,0,1,0,0,0,0,0,0,0,0,0,0,0,0,0,0,0,0,0,0,,,46051
bert_20260228023827,357661,20260130,1,2972197,liga,8250815,PPL,Karpaty,Transcarpathia,2491,Mukachivs'kyi,24017,22.8742,48.52159,ADM3,0,0,0,0,0,1,1,0,0,0,0,0,0,0,0,0,0,0,0,1,0,0,0,0,0,,,46051
bert_20260228023827,188416,20260130,1,2965820,liga,703448,PPLC,Kyiv,Kiev City,1210,Shevchenkivs'kyi,33738,30.52355,50.45044,ADM3,1,1,0,1,0,0,0,0,0,0,0,0,0,0,0,0,0,0,0,1,0,0,0,0,0,,,46051
bert_20260228023827,188421,20260130,1,2946876,liga,703448,PPLC,Kyiv,Kiev City,1210,Shevchenkivs'kyi,33738,30.52355,50.45044,ADM3,1,1,1,1,0,0,0,0,0,0,0,0,0,0,0,0,0,0,0,1,0,0,0,0,0,,,46051
bert_20260228023827,188412,20260130,3,"2896304, 2895998, 2889675","liga, unian",703448,PPLC,Kyiv,Kiev City,1210,Shevchenkivs'kyi,33738,30.52355,50.45044,ADM3,0,0,0,0,0,0,1,0,0,0,0,0,0,0,0,0,0,0,0,0,0,0,0,0,0,,,46051
bert_20260228023827,203568,20260130,1,2889678,espreso,704422,PPLA2,Pokrovsk,Donets'k,655,Krasnoarmiis'kyi,18918,37.1756,48.28035,ADM3,1,1,1,0,0,0,0,0,0,0,0,0,0,1,0,1,0,0,0,0,0,0,1,0,0,,,46051
bert_20260228023827,19358,20260130,1,2889679,espreso,687700,PPLA,Zaporizhzhya,Zaporizhzhya,2730,Zaporiz'ka,41153,35.13885,47.83831,ADM3,1,1,0,1,0,0,0,0,0,0,1,0,0,1,0,0,0,0,0,1,0,0,0,1,0,,,46051
bert_20260228023827,287174,20260130,1,2889680,espreso,709930,PPLA,Dnipro,Dnipropetrovs'k,650,Dnipropetrovs'ka,9966,35.04618,48.46472,ADM3,1,1,0,1,0,0,0,0,0,0,1,0,0,1,0,0,0,0,0,1,0,0,0,1,0,,,46051
bert_20260228023827,287172,20260130,1,2889681,espreso,709930,PPLA,Dnipro,Dnipropetrovs'k,650,Dnipropetrovs'ka,9966,35.04618,48.46472,ADM3,1,0,1,0,0,0,0,0,0,0,0,0,0,0,1,0,0,0,0,0,0,0,0,0,0,,,46051
bert_20260228023827,188411,20260130,1,2889682,espreso,703448,PPLC,Kyiv,Kiev City,1210,Shevchenkivs'kyi,33738,30.52355,50.45044,ADM3,0,0,0,0,0,0,0,0,0,0,0,0,0,0,0,0,0,0,0,0,0,0,0,0,0,,,46051
bert_20260228023827,188417,20260130,2,"2889683, 2895993","espreso, unian",703448,PPLC,Kyiv,Kiev City,1210,Shevchenkivs'kyi,33738,30.52355,50.45044,ADM3,0,1,1,0,0,0,0,0,0,0,0,0,0,0,0,0,0,0,0,0,0,0,0,0,0,,,46051
bert_20260228023827,101033,20260130,1,2889684,espreso,698267,PPL,Osa,Volyn,2623,Turiis'kyi,38205,24.54586,50.96352,ADM3,1,1,1,0,1,0,0,0,0,0,0,0,0,0,0,0,0,1,0,1,0,0,0,0,0,,,46051
bert_20260228023827,19359,20260130,1,2889685,espreso,687700,PPLA,Zaporizhzhya,Zaporizhzhya,2730,Zaporiz'ka,41153,35.13885,47.83831,ADM3,1,1,1,0,1,0,0,0,0,0,0,0,0,0,0,0,0,1,0,1,0,0,0,0,0,,,46051
bert_20260228023827,188414,20260130,2,"2889686, 2889674","espreso, unian",703448,PPLC,Kyiv,Kiev City,1210,Shevchenkivs'kyi,33738,30.52355,50.45044,ADM3,0,0,0,0,0,1,1,0,0,0,0,0,0,0,0,0,0,0,0,0,0,0,0,0,0,,,46051
bert_20260228023827,44351,20260130,1,2889687,espreso,691639,PPL,Ternuvate,Dnipropetrovs'k,650,Pokrovs'kyi,28862,36.13247,47.82975,ADM3,1,1,1,1,1,0,0,0,0,0,0,0,0,1,1,0,0,0,1,0,0,0,0,0,0,,,46051
bert_20260228023827,19364,20260130,1,2889688,espreso,687700,PPLA,Zaporizhzhya,Zaporizhzhya,2730,Zaporiz'ka,41153,35.13885,47.83831,ADM3,1,1,1,1,1,0,0,0,0,0,0,0,0,1,1,0,0,0,1,0,0,0,0,0,0,,,46051
bert_20260228023827,203569,20260130,1,2889689,espreso,704422,PPLA2,Pokrovsk,Donets'k,655,Krasnoarmiis'kyi,18918,37.1756,48.28035,ADM3,1,1,1,1,0,0,0,0,0,0,0,0,0,0,0,1,0,0,0,0,0,0,1,0,0,,,46051
bert_20260228023827,386041,20260130,1,2889953,liga,10951287,PPL,Vesele,Zaporizhzhya,2730,Tokmats'kyi,37511,35.7672,47.17894,ADM1,1,1,1,0,1,0,0,0,0,0,0,0,0,0,1,0,0,0,1,0,0,0,0,0,0,,,46051
bert_20260228023827,82443,20260130,1,2889954,liga,695094,PPLX,Ruttschenkowo,Donets'k,655,Donets'ka,10139,37.67529,47.95508,ADM1,1,1,0,1,0,0,0,0,0,0,0,0,0,0,0,0,0,0,0,1,0,0,0,0,0,,,46051
bert_20260228023827,250305,20260130,1,2889955,liga,706483,PPLA,Kharkiv,Kharkiv,1191,Kharkivs'ka,17850,36.2312,49.99217,ADM3,0,0,0,0,0,1,0,0,0,0,0,0,0,0,0,0,0,0,0,0,0,0,0,0,0,,,46051
bert_20260228023827,101034,20260130,1,2889956,liga,698267,PPL,Osa,Volyn,2623,Turiis'kyi,38205,24.54586,50.96352,ADM3,1,1,1,0,1,0,0,0,0,0,0,0,0,0,0,0,0,1,1,1,0,0,0,0,0,,,46051
bert_20260228023827,188419,20260130,1,2889957,liga,703448,PPLC,Kyiv,Kiev City,1210,Shevchenkivs'kyi,33738,30.52355,50.45044,ADM3,0,1,1,0,0,0,1,0,0,0,0,0,0,0,0,0,0,0,0,0,0,0,0,0,0,,,46051
bert_20260228023827,250304,20260130,1,2895988,unian,706483,PPLA,Kharkiv,Kharkiv,1191,Kharkivs'ka,17850,36.2312,49.99217,ADM3,0,0,0,0,0,0,1,0,0,0,0,0,0,0,0,0,0,0,0,0,0,0,0,0,0,,,46051
bert_20260228023827,287171,20260130,1,2895989,unian,709930,PPLA,Dnipro,Dnipropetrovs'k,650,Dnipropetrovs'ka,9966,35.04618,48.46472,ADM3,0,0,0,0,0,1,1,0,0,0,0,0,0,0,0,0,0,0,0,0,0,0,0,0,0,,,46051
bert_20260228023827,287170,20260130,1,2895990,unian,709930,PPLA,Dnipro,Dnipropetrovs'k,650,Dnipropetrovs'ka,9966,35.04618,48.46472,ADM3,0,0,0,0,0,0,0,0,0,0,0,0,0,0,0,0,0,0,0,0,0,0,0,0,0,,,46051
bert_20260228023827,67827,20260130,2,"2895991, 2889673",unian,693805,PPLA2,Simferopol,Crimea,579,Simferopol's'ka,34229,34.09941,44.95363,ADM3,1,1,1,1,0,0,0,0,0,0,0,0,0,0,1,0,0,0,1,0,0,0,0,0,0,,,46051
bert_20260228023827,112429,20260130,1,2895992,unian,698740,PPLA,Odessa,Odessa,1800,Odes'ka,26260,30.73169,46.48421,ADM3,0,0,0,0,0,0,1,0,0,0,0,0,0,0,0,0,0,0,0,0,0,0,0,0,0,,,46051
bert_20260228023827,188422,20260130,1,2895994,unian,703448,PPLC,Kyiv,Kiev City,1210,Shevchenkivs'kyi,33738,30.52355,50.45044,ADM3,1,1,1,1,0,0,0,1,0,0,0,0,0,1,0,0,0,0,0,1,0,0,0,1,0,,,46051
bert_20260228023827,289805,20260130,1,2895995,unian,710403,PPLQ,Chornobyl,Kiev,1209,Ivankivs'kyi,15844,30.211,51.27784,ADM3,0,0,0,0,0,0,1,0,0,0,0,0,0,0,0,0,0,0,0,0,0,0,0,0,0,,,46051
bert_20260228023827,235332,20260130,1,2895996,unian,706448,PPLA,Kherson,Kherson,1195,Khersons'ka,17890,32.61496,46.64032,ADM3,1,1,0,1,0,0,0,0,0,0,0,0,0,1,0,0,0,0,0,1,0,0,0,1,0,,,46051
bert_20260228023827,319038,20260130,1,2895997,unian,712609,PPL,Bilka,Odessa,1800,Ivanivs'kyi,15842,30.40579,46.90822,ADM1,0,1,1,1,0,0,0,0,0,0,0,0,0,0,1,0,0,0,1,0,0,0,0,0,0,,,46051
bert_20260228023827,304243,20260130,1,2895999,unian,710791,PPLA,Cherkasy,Cherkasy,497,Cherkas'ka,7654,32.05977,49.44443,ADM3,0,0,1,0,0,1,1,0,0,0,0,0,0,0,0,0,0,0,0,0,0,0,0,0,0,,,46051
bert_20260228023827,373692,20260130,1,2896000,unian,9114542,PPL,Novyi,Luhans'k,1405,Krasnoluts'ka,18939,38.59081,48.49995,ADM3,1,0,1,0,0,0,1,0,0,0,0,0,0,0,0,0,0,0,0,0,0,0,0,0,0,,,46051
bert_20260228023827,112430,20260130,1,2896001,unian,698740,PPLA,Odessa,Odessa,1800,Odes'ka,26260,30.73169,46.48421,ADM3,1,1,1,1,0,0,0,0,0,0,0,0,0,0,0,0,0,0,0,1,0,0,0,1,0,,,46051
bert_20260228023827,217156,20260130,1,2896002,unian,705183,PPL,Slobozhans'ke,Kharkiv,1191,Zmiïvs'kyi,41407,36.50512,49.61494,ADM1,1,1,1,1,0,0,0,0,0,0,0,0,0,0,0,0,0,0,0,1,0,0,0,1,0,,,46051
bert_20260228023827,38227,20260130,1,2896003,unian,690773,PPL,Ukrainka,Kiev,1209,Obukhivs'kyi,26204,30.74207,50.15372,ADM3,1,0,1,0,0,1,0,0,0,0,0,0,0,0,0,0,0,0,0,0,0,0,0,0,0,,,46051
bert_20260228023827,188418,20260130,1,2896004,unian,703448,PPLC,Kyiv,Kiev City,1210,Shevchenkivs'kyi,33738,30.52355,50.45044,ADM3,1,1,1,0,0,0,0,0,0,0,1,0,0,0,0,0,0,0,0,0,0,0,0,0,0,,,46051
bert_20260228023827,67826,20260130,1,2896005,unian,693805,PPLA2,Simferopol,Crimea,579,Simferopol's'ka,34229,34.09941,44.95363,ADM3,1,1,1,0,1,0,0,0,0,0,1,0,1,0,1,0,0,1,1,0,0,0,0,0,0,,,46051
bert_20260228023827,359366,20260130,1,2896006,unian,8281918,PPL,Posich,Transcarpathia,2491,Khusts'kyi,18005,23.41312,48.22076,ADM1,0,0,0,0,0,1,1,0,0,0,0,0,0,0,0,0,0,0,0,0,0,0,0,0,0,,,46051
bert_20260228023827,322981,20260130,1,2883296,espreso,712734,PPL,Baydivka,Luhans'k,1405,Starobil's'kyi,35084,38.90252,49.15874,ADM1,1,1,1,1,0,0,0,0,0,0,0,0,0,0,1,0,0,0,1,0,0,0,0,0,0,,,46051
bert_20260228023827,359365,20260130,1,2883624,liga,8281918,PPL,Posich,Transcarpathia,2491,Khusts'kyi,18005,23.41312,48.22076,ADM1,0,0,0,0,0,0,1,0,0,0,0,0,0,0,0,0,0,0,0,0,0,0,0,0,0,,,46051
bert_20260228023827,19361,20260130,1,2883625,liga,687700,PPLA,Zaporizhzhya,Zaporizhzhya,2730,Zaporiz'ka,41153,35.13885,47.83831,ADM3,1,1,1,1,0,0,0,0,0,0,0,0,0,0,1,0,0,0,1,0,0,0,0,0,0,,,46051
bert_20260228023827,19362,20260130,1,2883626,liga,687700,PPLA,Zaporizhzhya,Zaporizhzhya,2730,Zaporiz'ka,41153,35.13885,47.83831,ADM3,1,1,1,1,0,0,0,0,0,0,0,0,0,1,0,0,0,0,0,1,0,0,0,0,0,,,46051
bert_20260228023827,67825,20260130,1,2883627,liga,693805,PPLA2,Simferopol,Crimea,579,Simferopol's'ka,34229,34.09941,44.95363,ADM3,0,1,0,1,0,0,0,0,0,0,0,0,0,0,1,0,0,0,1,0,0,0,0,0,0,,,46051
bert_20260228023827,19360,20260130,1,2883628,liveuamap,687700,PPLA,Zaporizhzhya,Zaporizhzhya,2730,Zaporiz'ka,41153,35.13885,47.83831,ADM3,1,1,1,0,1,0,0,0,0,0,1,0,0,0,0,0,0,1,0,1,0,0,0,0,0,,,46051
bert_20260228023827,188420,20260130,1,2883629,liveuamap,703448,PPLC,Kyiv,Kiev City,1210,Shevchenkivs'kyi,33738,30.52355,50.45044,ADM3,1,1,1,1,0,0,0,0,0,0,0,0,0,0,0,0,0,0,0,0,0,0,0,0,0,,,46051
bert_20260228023827,287173,20260130,1,2883630,liveuamap,709930,PPLA,Dnipro,Dnipropetrovs'k,650,Dnipropetrovs'ka,9966,35.04618,48.46472,ADM3,1,0,1,0,1,0,0,0,0,0,1,0,0,0,0,0,0,0,0,1,0,0,0,0,0,,,46051
bert_20260228023827,192443,20260130,1,2883631,liveuamap,703656,PPLA2,Kupiansk,Kharkiv,1191,Kupians'ka,19188,37.61478,49.7108,ADM3,1,0,1,0,0,0,0,0,0,0,0,0,0,0,0,1,0,0,0,0,0,0,0,0,0,,,46051
bert_20260228023827,208615,20260130,1,2883632,liveuamap,705104,PPL,Kostiantynivka,Donets'k,655,Kostiantynivs'ka,18738,37.69368,48.53467,ADM3,1,0,1,0,0,0,0,0,0,0,0,0,0,0,0,1,0,0,0,0,0,0,0,0,0,,,46051
bert_20260228023827,90746,20260130,1,2883633,liveuamap,696357,PPL,Predtechyne,Donets'k,655,Kostiantynivs'kyi,18739,37.80136,48.51891,STREET,1,0,1,0,0,0,0,0,0,0,0,0,0,0,0,1,0,0,0,0,0,0,0,0,0,,,46051
bert_20260228023827,57720,20260130,1,2883634,liveuamap,693468,PPL,Sloviansk,Donets'k,655,Slovians'ka,34511,37.60582,48.85227,ADM3,1,0,1,0,0,0,0,0,0,0,0,0,0,0,0,1,0,0,0,0,0,0,0,0,0,,,46051
bert_20260228023827,250306,20260130,1,2883635,liveuamap,706483,PPLA,Kharkiv,Kharkiv,1191,Kharkivs'ka,17850,36.2312,49.99217,ADM3,1,0,1,0,0,0,0,0,0,0,0,0,0,0,0,1,0,0,0,0,0,0,0,0,0,,,46051
bert_20260228023827,32678,20260130,1,2883636,liveuamap,689304,PPLA2,Vovchansk,Kharkiv,1191,Vovchans'kyi,39837,36.9368,50.29401,ADM3,1,0,1,0,0,0,0,0,0,0,0,0,0,0,0,1,0,0,0,0,0,0,0,0,0,,,46051
bert_20260228023827,203567,20260130,1,2883637,liveuamap,704422,PPLA2,Pokrovsk,Donets'k,655,Krasnoarmiis'kyi,18918,37.1756,48.28035,ADM3,1,0,1,0,0,0,0,0,0,0,0,0,0,0,0,0,0,0,0,0,0,0,0,0,0,,,46051
bert_20260228023827,287954,20260130,1,2883639,liveuamap,710035,PPLA2,Myrnohrad,Donets'k,655,Krasnoarmiis'ka,18917,37.26806,48.29097,ADM3,1,0,1,0,0,0,0,0,0,0,0,0,0,0,0,0,0,0,0,0,0,0,0,0,0,,,46051
bert_20260228023827,197367,20260130,1,2883640,liveuamap,704204,PPL,Lyman,Donets'k,655,Krasnolymans'kyi,18941,37.82245,48.96409,ADM3,1,0,1,0,0,0,0,0,0,0,0,0,0,0,0,1,0,0,0,0,0,0,0,0,0,,,46051
bert_20260228023827,50094,20260130,1,2883642,liveuamap,692248,PPL,Stepnohirsk,Zaporizhzhya,2730,Vasylivs'kyi,39200,35.36408,47.58871,ADM3,1,0,1,0,0,0,0,0,0,0,0,0,0,0,0,1,0,0,0,0,0,0,0,0,0,,,46051
bert_20260228023827,381242,20260130,1,2883643,liveuamap,10323759,PPLX,Cheremushky,Donets'k,655,Mariupol's'ka,22073,37.50564,47.07557,ADM3,1,0,1,0,0,0,0,0,0,0,0,0,0,0,0,1,0,0,0,0,0,0,0,0,0,,,46051
bert_20260228023827,261550,20260130,1,2883644,liveuamap,707898,PPLA2,Hulyaypole,Zaporizhzhya,2730,Huliaipil's'kyi,14713,36.25322,47.66644,ADM3,1,0,1,0,0,0,0,0,0,0,0,0,0,0,0,1,0,0,0,0,0,0,0,0,0,,,46051
bert_20260228023827,264649,20260130,1,2883646,liveuamap,708937,PPL,Havrylivka,Dnipropetrovs'k,650,Pokrovs'kyi,28862,36.51993,48.07377,ADM3,1,1,1,1,0,0,0,0,1,0,0,0,0,0,0,0,0,0,0,1,0,0,0,0,0,,,46051
bert_20260228023827,287175,20260130,1,2883647,liveuamap,709930,PPLA,Dnipro,Dnipropetrovs'k,650,Dnipropetrovs'ka,9966,35.04618,48.46472,ADM3,1,1,1,1,0,0,0,0,1,0,0,0,0,0,0,0,0,0,0,1,0,0,0,0,0,,,46051
bert_20260228023827,44350,20260130,1,2883648,liveuamap,691639,PPL,Ternuvate,Dnipropetrovs'k,650,Pokrovs'kyi,28862,36.13247,47.82975,ADM3,1,1,1,1,0,0,0,0,1,0,0,0,0,0,0,0,0,0,0,1,0,0,0,0,0,,,46051
bert_20260228023827,26170,20260130,1,2883649,liveuamap,688871,PPL,Vozdvyzhivka,Zaporizhzhya,2730,Novomykola‹vs'kyi,25913,36.07979,47.74727,ADM3,1,1,1,1,0,0,0,0,1,0,0,0,0,0,0,0,0,0,0,1,0,0,0,0,0,,,46051
bert_20260228023827,304922,20260130,1,2883650,liveuamap,710925,PPL,Charivne,Zaporizhzhya,2730,Orikhivs'kyi,26748,36.03595,47.58161,ADM3,1,1,1,1,0,0,0,0,1,0,0,0,0,0,0,0,0,0,0,1,0,0,0,0,0,,,46051
bert_20260228023827,338897,20260130,1,2883651,liveuamap,802277,PPL,Protsenko,Donets'k,655,Amvrosi‹vs'kyi,1671,38.206,47.738,ADM3,1,1,1,1,0,0,0,0,1,0,0,0,0,0,0,0,0,0,0,1,0,0,0,0,0,,,46051
bert_20260228023827,19363,20260130,1,2883652,liveuamap,687700,PPLA,Zaporizhzhya,Zaporizhzhya,2730,Zaporiz'ka,41153,35.13885,47.83831,ADM3,1,1,1,1,0,0,0,0,1,0,0,0,0,0,0,0,0,0,0,1,0,0,0,0,0,,,46051
bert_20260228023827,360535,20260130,1,2883653,liveuamap,8419787,PPL,Zakumske,Sumy,2356,Sums'kyi,35426,34.64912,50.95537,ADM2,1,1,1,1,0,0,0,0,0,0,0,0,0,0,1,0,0,0,0,0,0,0,0,0,0,,,46051
bert_20260228023827,235331,20260130,1,2883654,liveuamap,706448,PPLA,Kherson,Kherson,1195,Khersons'ka,17890,32.61496,46.64032,ADM3,1,1,0,0,1,0,0,0,0,0,0,0,0,0,0,0,0,0,1,0,0,0,0,0,0,,,46051
bert_20260228023827,19357,20260130,1,2883655,liveuamap,687700,PPLA,Zaporizhzhya,Zaporizhzhya,2730,Zaporiz'ka,41153,35.13885,47.83831,ADM3,1,1,0,1,0,0,0,0,0,0,0,0,0,1,0,0,0,0,0,1,0,0,0,1,0,,,46051
bert_20260228023827,143764,20260131,1,3041299,liga,701822,PPL,Mariupol,Donets'k,655,Mariupol's'ka,22073,37.54144,47.0967,ADM3,1,1,1,0,0,1,0,0,0,0,0,0,0,0,0,0,0,0,0,0,0,0,0,0,0,,,46052
bert_20260228023827,258269,20260131,1,3022515,liga,707471,PPLA,Ivano-Frankivsk,Ivano-Frankivs'k,1023,Ivano-Frankivs'ka,15846,24.71116,48.92268,ADM3,0,0,0,0,0,0,1,0,0,0,0,0,0,0,0,0,0,0,0,0,0,0,0,0,0,,,46052
bert_20260228023827,188427,20260131,1,3010009,liga,703448,PPLC,Kyiv,Kiev City,1210,Shevchenkivs'kyi,33738,30.52355,50.45044,ADM3,0,0,0,0,0,1,0,0,0,0,0,0,0,0,0,0,0,0,0,0,0,0,0,0,0,,,46052
bert_20260228023827,250307,20260131,3,"2984896, 2902371, 2902379","liga, unian",706483,PPLA,Kharkiv,Kharkiv,1191,Kharkivs'ka,17850,36.2312,49.99217,ADM3,0,0,0,0,0,0,0,0,0,0,0,0,0,0,0,0,0,0,0,0,0,0,0,0,0,,,46052
bert_20260228023827,250308,20260131,1,2984897,liga,706483,PPLA,Kharkiv,Kharkiv,1191,Kharkivs'ka,17850,36.2312,49.99217,ADM3,0,0,0,0,0,0,0,0,0,0,1,0,0,0,0,0,0,0,0,0,0,0,0,0,0,,,46052
bert_20260228023827,188429,20260131,1,2972201,liga,703448,PPLC,Kyiv,Kiev City,1210,Shevchenkivs'kyi,33738,30.52355,50.45044,ADM3,0,0,1,0,0,0,1,0,0,0,0,0,0,0,0,0,0,0,0,0,0,0,0,0,0,,,46052
bert_20260228023827,323922,20260131,1,2972202,liga,712956,PPL,Bakhmutivka,Luhans'k,1405,Novoaidars'kyi,25882,39.04452,48.86708,ADM3,0,0,1,0,0,0,1,0,0,0,0,0,0,0,0,0,0,0,0,0,0,0,0,0,0,,,46052
bert_20260228023827,357662,20260131,1,2972203,liga,8250815,PPL,Karpaty,Transcarpathia,2491,Mukachivs'kyi,24017,22.8742,48.52159,ADM3,0,0,0,0,0,1,1,0,0,0,0,0,0,0,0,0,0,0,0,1,0,0,0,0,0,,,46052
bert_20260228023827,188433,20260131,1,2965823,liga,703448,PPLC,Kyiv,Kiev City,1210,Shevchenkivs'kyi,33738,30.52355,50.45044,ADM3,1,1,0,1,0,0,0,0,0,0,0,0,0,0,0,0,0,0,0,1,0,0,0,0,0,,,46052
bert_20260228023827,188434,20260131,1,2946879,liga,703448,PPLC,Kyiv,Kiev City,1210,Shevchenkivs'kyi,33738,30.52355,50.45044,ADM3,1,1,1,1,0,0,0,0,0,0,0,0,0,0,0,0,0,0,0,1,0,0,0,0,0,,,46052
bert_20260228023827,55622,20260131,1,2896007,espreso,693065,PPLX,Sotsmisto,Donets'k,655,Kramators'ka,18898,37.5844,48.73898,ADM3,1,1,1,1,0,0,0,0,0,0,0,0,0,1,1,0,0,0,0,0,0,0,0,0,0,,,46052
bert_20260228023827,32680,20260131,1,2896008,espreso,689304,PPLA2,Vovchansk,Kharkiv,1191,Vovchans'kyi,39837,36.9368,50.29401,ADM3,1,1,1,1,0,0,0,0,0,0,0,0,0,1,1,0,0,0,0,0,0,0,0,0,0,,,46052
bert_20260228023827,203572,20260131,1,2896009,espreso,704422,PPLA2,Pokrovsk,Donets'k,655,Krasnoarmiis'kyi,18918,37.1756,48.28035,ADM3,1,1,1,1,0,0,0,0,0,0,0,0,0,0,1,1,0,0,0,0,0,0,1,0,0,,,46052
bert_20260228023827,217157,20260131,1,2896010,espreso,705183,PPL,Slobozhans'ke,Kharkiv,1191,Zmiïvs'kyi,41407,36.50512,49.61494,ADM1,1,1,0,1,0,0,0,0,0,0,1,0,0,0,0,0,0,0,0,0,0,0,0,0,0,,,46052
bert_20260228023827,19365,20260131,1,2896011,espreso,687700,PPLA,Zaporizhzhya,Zaporizhzhya,2730,Zaporiz'ka,41153,35.13885,47.83831,ADM3,1,1,0,1,0,0,0,0,0,0,1,0,0,0,0,0,0,0,0,0,0,0,0,0,0,,,46052
bert_20260228023827,345586,20260131,1,2896012,espreso,805500,PPL,Voronyne,Sumy,2356,Bilopils'kyi,4621,34.12376,51.10624,ADM1,1,1,0,1,0,0,0,0,0,0,1,0,0,0,0,0,0,0,0,0,0,0,0,0,0,,,46052
bert_20260228023827,345588,20260131,1,2896013,espreso,805500,PPL,Voronyne,Sumy,2356,Bilopils'kyi,4621,34.12376,51.10624,ADM1,1,1,1,1,0,0,0,0,0,0,0,0,0,0,1,0,0,0,1,0,0,0,0,0,0,,,46052
bert_20260228023827,203571,20260131,1,2896014,espreso,704422,PPLA2,Pokrovsk,Donets'k,655,Krasnoarmiis'kyi,18918,37.1756,48.28035,ADM3,1,1,1,0,0,0,0,0,0,0,0,0,0,1,0,1,0,0,0,0,0,0,1,0,0,,,46052
bert_20260228023827,361901,20260131,1,2896305,liga,8465680,PPL,Danylivka,Zhytomyr,2739,Volodars'ko-Volyns'kyi,39783,28.47583,50.63963,ADM1,1,0,1,0,0,1,0,0,0,0,0,0,0,0,0,0,0,0,0,1,0,0,0,1,0,,,46052
bert_20260228023827,112432,20260131,1,2896306,liga,698740,PPLA,Odessa,Odessa,1800,Odes'ka,26260,30.73169,46.48421,ADM3,0,0,0,0,0,0,0,0,0,0,0,0,0,0,0,0,0,0,0,1,0,0,0,0,0,,,46052
bert_20260228023827,188426,20260131,3,"2896307, 2902365, 2902384","liga, meduza, unian",703448,PPLC,Kyiv,Kiev City,1210,Shevchenkivs'kyi,33738,30.52355,50.45044,ADM3,0,0,0,0,0,0,1,0,0,0,0,0,0,0,0,0,0,0,0,0,0,0,0,0,0,,,46052
bert_20260228023827,188423,20260131,5,"2902346, 2902366, 2902378, 2902380, 2902387","meduza, unian",703448,PPLC,Kyiv,Kiev City,1210,Shevchenkivs'kyi,33738,30.52355,50.45044,ADM3,0,0,0,0,0,0,0,0,0,0,0,0,0,0,0,0,0,0,0,0,0,0,0,0,0,,,46052
bert_20260228023827,188425,20260131,1,2902347,meduza,703448,PPLC,Kyiv,Kiev City,1210,Shevchenkivs'kyi,33738,30.52355,50.45044,ADM3,1,0,0,0,0,0,0,0,0,0,0,0,0,0,0,0,0,0,0,1,0,0,0,0,0,,,46052
bert_20260228023827,361900,20260131,1,2902348,meduza,8465680,PPL,Danylivka,Zhytomyr,2739,Volodars'ko-Volyns'kyi,39783,28.47583,50.63963,ADM1,1,0,0,0,0,0,0,0,0,0,0,0,0,0,0,0,0,0,0,1,0,0,0,0,0,,,46052
bert_20260228023827,250309,20260131,1,2902349,meduza,706483,PPLA,Kharkiv,Kharkiv,1191,Kharkivs'ka,17850,36.2312,49.99217,ADM3,1,0,0,0,0,0,0,0,0,0,0,0,0,0,0,0,0,0,0,1,0,0,0,0,0,,,46052
bert_20260228023827,188424,20260131,1,2902353,meduza,703448,PPLC,Kyiv,Kiev City,1210,Shevchenkivs'kyi,33738,30.52355,50.45044,ADM3,0,0,0,0,0,0,0,0,0,0,0,0,0,0,0,0,0,0,0,1,0,0,0,0,0,,,46052
bert_20260228023827,188436,20260131,1,2902354,meduza,703448,PPLC,Kyiv,Kiev City,1210,Shevchenkivs'kyi,33738,30.52355,50.45044,ADM3,1,1,1,1,0,0,0,0,0,0,0,0,0,1,1,0,0,0,0,1,0,0,0,0,0,,,46052
bert_20260228023827,188432,20260131,1,2902355,meduza,703448,PPLC,Kyiv,Kiev City,1210,Shevchenkivs'kyi,33738,30.52355,50.45044,ADM3,0,1,0,1,0,0,0,0,0,0,0,0,0,0,0,0,0,0,0,0,0,0,0,0,0,,,46052
bert_20260228023827,34511,20260131,1,2902356,meduza,689558,PPLA,Vinnytsya,Vinnytsya,2611,Vinnyts'ka,39646,28.46868,49.23256,ADM3,1,0,0,0,0,0,0,0,0,0,0,0,0,0,0,0,0,0,0,1,0,0,0,0,0,,,46052
bert_20260228023827,294899,20260131,1,2902357,meduza,710735,PPLA,Chernihiv,Chernihiv,498,Chernihivs'ka,7660,31.29865,51.49101,ADM3,1,0,0,0,0,0,0,0,0,0,0,0,0,0,0,0,0,0,0,1,0,0,0,0,0,,,46052
bert_20260228023827,93759,20260131,1,2902359,meduza,696643,PPLA,Poltava,Poltava,1956,Poltavs'ka,28898,34.55125,49.58953,ADM3,1,0,0,0,0,0,0,0,0,0,0,0,0,0,0,0,0,0,0,1,0,0,0,0,0,,,46052
bert_20260228023827,209463,20260131,1,2902360,meduza,705135,PPLA2,Konotop,Sumy,2356,Konotops'kyi,18617,33.21017,51.23879,ADM3,1,0,0,0,0,0,0,0,0,0,0,0,0,0,0,0,0,0,0,1,0,0,0,0,0,,,46052
bert_20260228023827,345585,20260131,1,2902361,meduza,805500,PPL,Voronyne,Sumy,2356,Bilopils'kyi,4621,34.12376,51.10624,ADM1,1,0,0,0,0,0,0,0,0,0,0,0,0,0,0,0,0,0,0,1,0,0,0,0,0,,,46052
bert_20260228023827,287177,20260131,1,2902362,meduza,709930,PPLA,Dnipro,Dnipropetrovs'k,650,Dnipropetrovs'ka,9966,35.04618,48.46472,ADM3,1,1,1,1,0,0,0,0,0,0,0,0,0,0,0,0,0,0,0,1,0,0,0,0,0,,,46052
bert_20260228023827,112433,20260131,1,2902363,meduza,698740,PPLA,Odessa,Odessa,1800,Odes'ka,26260,30.73169,46.48421,ADM3,1,1,1,1,0,0,0,0,0,0,0,0,0,0,0,0,0,0,0,1,0,0,0,0,0,,,46052
bert_20260228023827,255161,20260131,1,2902364,meduza,707153,PPL,Kalinovka,Khmel'nyts'kyy,1196,Khmel'nyts'kyi,17914,26.92966,49.50739,ADM1,1,1,1,1,0,0,0,0,0,0,0,0,0,0,0,0,0,0,0,1,0,0,0,0,0,,,46052
bert_20260228023827,188435,20260131,1,2902367,meduza,703448,PPLC,Kyiv,Kiev City,1210,Shevchenkivs'kyi,33738,30.52355,50.45044,ADM3,1,1,1,1,0,0,0,0,0,0,0,0,0,1,0,0,0,0,0,1,0,0,0,0,0,,,46052
bert_20260228023827,188431,20260131,1,2902369,meduza,703448,PPLC,Kyiv,Kiev City,1210,Shevchenkivs'kyi,33738,30.52355,50.45044,ADM3,0,1,0,0,0,0,0,0,0,0,0,0,0,0,0,0,0,0,0,0,0,0,0,0,0,,,46052
bert_20260228023827,192445,20260131,1,2902370,unian,703656,PPLA2,Kupiansk,Kharkiv,1191,Kupians'ka,19188,37.61478,49.7108,ADM3,1,1,1,1,1,0,0,0,0,0,0,0,0,1,1,0,0,0,1,0,0,0,0,0,0,,,46052
bert_20260228023827,112431,20260131,1,2902372,unian,698740,PPLA,Odessa,Odessa,1800,Odes'ka,26260,30.73169,46.48421,ADM3,0,0,0,0,0,0,0,0,0,0,0,0,0,0,0,0,0,0,0,0,0,0,0,0,0,,,46052
bert_20260228023827,319039,20260131,1,2902373,unian,712609,PPL,Bilka,Odessa,1800,Ivanivs'kyi,15842,30.40579,46.90822,ADM1,0,0,0,0,0,0,0,0,0,0,0,0,0,0,0,0,0,0,0,0,0,0,0,0,0,,,46052
bert_20260228023827,188428,20260131,1,2902374,unian,703448,PPLC,Kyiv,Kiev City,1210,Shevchenkivs'kyi,33738,30.52355,50.45044,ADM3,0,0,1,0,0,0,0,0,0,0,0,0,0,0,0,0,0,0,0,0,0,0,0,0,0,,,46052
bert_20260228023827,19366,20260131,2,"2902375, 2889961","unian, liveuamap",687700,PPLA,Zaporizhzhya,Zaporizhzhya,2730,Zaporiz'ka,41153,35.13885,47.83831,ADM3,1,1,1,1,0,0,0,0,0,0,0,0,0,0,1,0,0,0,1,0,0,0,0,0,0,,,46052
bert_20260228023827,49225,20260131,1,2902376,unian,692194,PPLA,Sumy,Sumy,2356,Sums'ka,35425,34.80276,50.91198,ADM3,0,0,1,0,0,0,0,0,0,0,0,0,0,0,0,0,0,0,0,0,0,0,0,0,0,,,46052
bert_20260228023827,19367,20260131,1,2902377,unian,687700,PPLA,Zaporizhzhya,Zaporizhzhya,2730,Zaporiz'ka,41153,35.13885,47.83831,ADM3,1,1,1,1,0,0,0,0,0,0,0,0,0,1,1,0,0,0,1,1,0,0,1,0,0,,,46052
bert_20260228023827,209464,20260131,1,2902382,unian,705135,PPLA2,Konotop,Sumy,2356,Konotops'kyi,18617,33.21017,51.23879,ADM3,0,1,0,0,0,1,0,0,0,0,0,0,0,0,0,0,0,0,0,0,0,0,0,0,0,,,46052
bert_20260228023827,188430,20260131,1,2902383,unian,703448,PPLC,Kyiv,Kiev City,1210,Shevchenkivs'kyi,33738,30.52355,50.45044,ADM3,0,0,1,1,0,0,0,0,0,0,1,0,0,0,0,0,0,0,0,1,0,0,0,0,0,,,46052
bert_20260228023827,205888,20260131,1,2902385,unian,704568,PPL,Kozerohy,Chernihiv,498,Chernihivs'kyi,7661,31.0412,51.30626,ADM3,0,0,0,0,0,0,0,0,0,0,0,0,0,0,0,0,0,0,0,0,0,0,0,0,0,,,46052
bert_20260228023827,373693,20260131,1,2902386,unian,9114542,PPL,Novyi,Luhans'k,1405,Krasnoluts'ka,18939,38.59081,48.49995,ADM3,0,0,0,0,0,0,1,0,0,0,0,0,0,0,0,0,0,0,0,0,0,0,0,0,0,,,46052
bert_20260228023827,345587,20260131,1,2902388,unian,805500,PPL,Voronyne,Sumy,2356,Bilopils'kyi,4621,34.12376,51.10624,ADM1,1,1,1,1,0,0,0,0,0,0,0,0,0,0,1,0,0,0,0,0,0,0,0,0,0,,,46052
bert_20260228023827,287176,20260131,1,2889690,espreso,709930,PPLA,Dnipro,Dnipropetrovs'k,650,Dnipropetrovs'ka,9966,35.04618,48.46472,ADM3,1,1,0,1,0,0,0,0,0,0,0,0,0,1,0,0,0,0,0,1,0,0,0,1,0,,,46052
bert_20260228023827,58796,20260131,1,2889958,liveuamap,693796,PPLA2,Synelnykove,Dnipropetrovs'k,650,Synel'nykivs'kyi,35663,35.5247,48.32693,ADM3,1,1,0,1,0,0,0,0,0,0,0,0,0,1,0,0,0,0,0,1,0,0,0,0,0,,,46052
bert_20260228023827,235333,20260131,2,"2889959, 2889960",liveuamap,706448,PPLA,Kherson,Kherson,1195,Khersons'ka,17890,32.61496,46.64032,ADM3,1,1,0,1,0,0,0,0,0,0,0,0,0,1,0,0,0,0,0,1,0,0,0,1,0,,,46052
bert_20260228023827,275154,20260131,1,2889962,liveuamap,709717,PPLA,Donetsk,Donets'k,655,Donets'ka,10139,37.80285,48.01588,ADM3,1,1,1,1,0,0,0,0,0,0,0,0,0,0,1,0,0,0,1,0,0,0,0,0,0,,,46052
bert_20260228023827,203570,20260131,1,2889963,liveuamap,704422,PPLA2,Pokrovsk,Donets'k,655,Krasnoarmiis'kyi,18918,37.1756,48.28035,ADM3,1,1,1,0,0,0,0,0,0,0,0,0,0,0,0,1,0,0,0,0,0,0,0,0,0,,,46052
bert_20260228023827,287955,20260131,1,2889964,liveuamap,710035,PPLA2,Myrnohrad,Donets'k,655,Krasnoarmiis'ka,18917,37.2591,48.30791,ADM3,1,1,1,0,0,0,0,0,0,0,0,0,0,0,0,1,0,0,0,0,0,0,0,0,0,,,46052
bert_20260228023827,22758,20260131,1,2889965,liveuamap,688393,PPL,Yaseninichi,Rivne,2066,Rivnens'ka,30582,26.25164,50.61992,ADM3,1,1,1,0,0,0,0,0,0,0,0,0,0,0,0,1,0,0,0,0,0,0,0,0,0,,,46052
bert_20260228023827,364867,20260131,1,2889967,liveuamap,9112127,PPL,Kotlyne,Donets'k,655,Krasnoarmiis'kyi,18918,37.04956,48.25514,ADM3,1,1,1,0,0,0,0,0,0,0,0,0,0,0,0,1,0,0,0,0,0,0,0,0,0,,,46052
bert_20260228023827,40253,20260131,1,2889968,liveuamap,690841,PPL,Udachne,Donets'k,655,Krasnoarmiis'kyi,18918,36.98273,48.23942,ADM3,1,1,1,0,0,0,0,0,0,0,0,0,0,0,0,1,0,0,0,0,0,0,0,0,0,,,46052
bert_20260228023827,366023,20260131,1,2889969,liveuamap,9112905,PPL,Molodets'ke,Donets'k,655,Krasnoarmiis'kyi,18918,36.93473,48.24095,ADM3,1,1,1,0,0,0,0,0,0,0,0,0,0,0,0,1,0,0,0,0,0,0,0,0,0,,,46052
bert_20260228023827,117582,20260131,1,2889970,liveuamap,699458,PPL,Novomykhailivka,Donets'k,655,Mar‹ns'kyi,21886,37.48298,47.85341,ADM3,1,1,1,0,0,0,0,0,0,0,0,0,0,0,0,1,0,0,0,0,0,0,0,0,0,,,46052
bert_20260228023827,197368,20260131,1,2889971,liveuamap,704204,PPL,Lyman,Donets'k,655,Krasnolymans'kyi,18941,37.82245,48.96409,ADM3,1,1,1,0,0,0,0,0,0,0,0,0,0,0,0,1,0,0,0,0,0,0,0,0,0,,,46052
bert_20260228023827,373694,20260131,1,2889972,liveuamap,9114542,PPL,Novyi,Luhans'k,1405,Krasnoluts'ka,18939,38.59081,48.49995,ADM3,1,1,1,0,0,0,0,0,0,0,0,0,0,0,0,1,0,0,0,0,0,0,0,0,0,,,46052
bert_20260228023827,261941,20260131,1,2889973,liveuamap,708060,PPL,Hryshyne,Donets'k,655,Krasnoarmiis'kyi,18918,37.0798,48.32938,ADM3,1,1,1,0,0,0,0,0,0,0,0,0,0,0,0,1,0,0,0,0,0,0,0,0,0,,,46052
bert_20260228023827,257335,20260131,1,2889974,liveuamap,707414,PPL,Ivanivka,Luhans'k,1405,Antratsytivs'kyi,1932,38.9352,48.23788,ADM3,1,1,1,0,0,0,0,0,0,0,0,0,0,0,0,1,0,0,0,0,0,0,0,0,0,,,46052
bert_20260228023827,250310,20260131,1,2889975,liveuamap,706483,PPLA,Kharkiv,Kharkiv,1191,Kharkivs'ka,17850,36.2312,49.99217,ADM3,1,0,1,0,0,0,0,0,0,0,0,0,0,0,0,1,0,0,0,0,0,0,0,0,0,,,46052
bert_20260228023827,32679,20260131,1,2889976,liveuamap,689304,PPLA2,Vovchansk,Kharkiv,1191,Vovchans'kyi,39837,36.9368,50.29401,ADM3,1,0,1,0,0,0,0,0,0,0,0,0,0,0,0,1,0,0,0,0,0,0,0,0,0,,,46052
bert_20260228023827,261551,20260131,1,2889977,liveuamap,707898,PPLA2,Hulyaypole,Zaporizhzhya,2730,Huliaipil's'kyi,14713,36.25322,47.66644,ADM3,1,0,1,0,0,0,0,0,0,0,0,0,0,0,0,1,0,0,0,0,0,0,0,0,0,,,46052
bert_20260228023827,264650,20260131,1,2889979,liveuamap,708937,PPL,Havrylivka,Dnipropetrovs'k,650,Pokrovs'kyi,28862,36.51993,48.07377,ADM3,1,1,1,1,0,0,0,0,1,0,0,0,0,0,0,0,0,0,0,1,0,0,0,0,0,,,46052
bert_20260228023827,203573,20260131,1,2889980,liveuamap,704422,PPLA2,Pokrovsk,Donets'k,655,Krasnoarmiis'kyi,18918,37.1756,48.28035,ADM3,1,1,1,1,0,0,0,0,1,0,0,0,0,0,0,0,0,0,0,1,0,0,0,0,0,,,46052
bert_20260228023827,287178,20260131,1,2889981,liveuamap,709930,PPLA,Dnipro,Dnipropetrovs'k,650,Dnipropetrovs'ka,9966,35.04618,48.46472,ADM3,1,1,1,1,0,0,0,0,1,0,0,0,0,0,0,0,0,0,0,1,0,0,0,0,0,,,46052
bert_20260228023827,26171,20260131,1,2889982,liveuamap,688871,PPL,Vozdvyzhivka,Zaporizhzhya,2730,Novomykola‹vs'kyi,25913,36.07979,47.74727,ADM3,1,1,1,1,0,0,0,0,1,0,0,0,0,0,0,0,0,0,0,1,0,0,0,0,0,,,46052
bert_20260228023827,19368,20260131,1,2889983,liveuamap,687700,PPLA,Zaporizhzhya,Zaporizhzhya,2730,Zaporiz'ka,41153,35.13885,47.83831,ADM3,1,1,1,1,0,0,0,0,1,0,0,0,0,0,0,0,0,0,0,1,0,0,0,0,0,,,46052
bert_20260228023827,192444,20260131,1,2889984,liveuamap,703656,PPLA2,Kupiansk,Kharkiv,1191,Kupians'ka,19188,37.61478,49.7108,ADM3,1,0,1,0,0,0,0,0,0,0,0,0,0,0,0,1,0,0,0,0,0,0,0,0,0,,,46052
bert_20260228023827,57721,20260131,1,2889986,liveuamap,693468,PPL,Sloviansk,Donets'k,655,Slovians'ka,34511,37.60582,48.85227,ADM3,1,0,1,0,0,0,0,0,0,0,0,0,0,0,0,1,0,0,0,0,0,0,0,0,0,,,46052
bert_20260228023827,98640,20260131,1,2889987,liveuamap,697866,PPL,Pavlivka,Donets'k,655,Mar‹ns'kyi,21886,37.21804,47.75441,STREET,1,0,1,0,0,0,0,0,0,0,0,0,0,0,0,1,0,0,0,0,0,0,0,0,0,,,46052
bert_20260228023827,360536,20260131,1,2889988,liveuamap,8419787,PPL,Zakumske,Sumy,2356,Sums'kyi,35426,34.64912,50.95537,ADM2,1,1,1,1,0,0,0,0,0,0,0,0,0,0,1,0,0,0,0,0,0,0,0,0,0,,,46052
bert_20260228023827,208616,20260131,1,2889989,liveuamap,705104,PPL,Kostiantynivka,Donets'k,655,Kostiantynivs'ka,18738,37.69368,48.53467,ADM3,1,1,1,0,0,0,0,0,0,0,0,0,0,0,0,1,0,0,0,0,0,0,0,0,0,,,46052
bert_20260228023827,143765,20260201,1,3041305,liga,701822,PPL,Mariupol,Donets'k,655,Mariupol's'ka,22073,37.54144,47.0967,ADM3,1,1,1,0,0,1,0,0,0,0,0,0,0,0,0,0,0,0,0,0,0,0,0,0,0,,,46053
bert_20260228023827,258270,20260201,1,3022521,liga,707471,PPLA,Ivano-Frankivsk,Ivano-Frankivs'k,1023,Ivano-Frankivs'ka,15846,24.71116,48.92268,ADM3,0,0,0,0,0,0,1,0,0,0,0,0,0,0,0,0,0,0,0,0,0,0,0,0,0,,,46053
bert_20260228023827,188441,20260201,1,3010015,liga,703448,PPLC,Kyiv,Kiev City,1210,Shevchenkivs'kyi,33738,30.52355,50.45044,ADM3,0,0,0,0,0,1,0,0,0,0,0,0,0,0,0,0,0,0,0,0,0,0,0,0,0,,,46053
bert_20260228023827,250311,20260201,1,2984903,liga,706483,PPLA,Kharkiv,Kharkiv,1191,Kharkivs'ka,17850,36.2312,49.99217,ADM3,0,0,0,0,0,0,0,0,0,0,0,0,0,0,0,0,0,0,0,0,0,0,0,0,0,,,46053
bert_20260228023827,250312,20260201,1,2984904,liga,706483,PPLA,Kharkiv,Kharkiv,1191,Kharkivs'ka,17850,36.2312,49.99217,ADM3,0,0,0,0,0,0,0,0,0,0,1,0,0,0,0,0,0,0,0,0,0,0,0,0,0,,,46053
bert_20260228023827,188443,20260201,1,2972210,liga,703448,PPLC,Kyiv,Kiev City,1210,Shevchenkivs'kyi,33738,30.52355,50.45044,ADM3,0,0,1,0,0,0,1,0,0,0,0,0,0,0,0,0,0,0,0,0,0,0,0,0,0,,,46053
bert_20260228023827,323923,20260201,1,2972211,liga,712956,PPL,Bakhmutivka,Luhans'k,1405,Novoaidars'kyi,25882,39.04452,48.86708,ADM3,0,0,1,0,0,0,1,0,0,0,0,0,0,0,0,0,0,0,0,0,0,0,0,0,0,,,46053
bert_20260228023827,357663,20260201,1,2972212,liga,8250815,PPL,Karpaty,Transcarpathia,2491,Mukachivs'kyi,24017,22.8742,48.52159,ADM3,0,0,0,0,0,1,1,0,0,0,0,0,0,0,0,0,0,0,0,1,0,0,0,0,0,,,46053
bert_20260228023827,188444,20260201,1,2965829,liga,703448,PPLC,Kyiv,Kiev City,1210,Shevchenkivs'kyi,33738,30.52355,50.45044,ADM3,1,1,0,1,0,0,0,0,0,0,0,0,0,0,0,0,0,0,0,1,0,0,0,0,0,,,46053
bert_20260228023827,188445,20260201,1,2946885,liga,703448,PPLC,Kyiv,Kiev City,1210,Shevchenkivs'kyi,33738,30.52355,50.45044,ADM3,1,1,1,1,0,0,0,0,0,0,0,0,0,0,0,0,0,0,0,1,0,0,0,0,0,,,46053
bert_20260228023827,203577,20260201,1,2902394,espreso,704422,PPLA2,Pokrovsk,Donets'k,655,Krasnoarmiis'kyi,18918,37.1756,48.28035,ADM3,1,1,1,1,0,0,0,0,0,0,0,0,0,0,1,1,0,0,0,0,0,0,1,0,0,,,46053
bert_20260228023827,303412,20260201,1,2902395,espreso,710771,PPL,Chorna Dolyna,Kherson,1195,Kakhovs'kyi,16943,33.48173,46.55783,ADM1,1,1,1,0,1,0,0,0,0,0,0,0,0,0,0,0,0,1,0,1,0,0,1,0,0,,,46053
bert_20260228023827,19372,20260201,1,2902396,espreso,687700,PPLA,Zaporizhzhya,Zaporizhzhya,2730,Zaporiz'ka,41153,35.13885,47.83831,ADM3,1,1,0,1,0,0,0,0,0,0,1,0,0,0,0,0,0,0,0,1,0,0,0,1,0,,,46053
bert_20260228023827,203575,20260201,1,2902397,espreso,704422,PPLA2,Pokrovsk,Donets'k,655,Krasnoarmiis'kyi,18918,37.1756,48.28035,ADM3,1,1,1,1,0,0,0,0,0,0,0,0,0,0,0,1,0,0,0,0,0,0,0,0,0,,,46053
bert_20260228023827,376817,20260201,1,2902398,espreso,9532052,PPL,Huliaipilske,Zaporizhzhya,2730,Huliaipil's'kyi,14713,36.06122,47.61272,ADM3,1,1,1,1,0,0,0,0,0,0,0,0,0,0,0,1,0,0,0,0,0,0,0,0,0,,,46053
bert_20260228023827,217158,20260201,1,2902399,espreso,705183,PPL,Slobozhans'ke,Kharkiv,1191,Zmiïvs'kyi,41407,36.50512,49.61494,ADM1,1,1,0,1,0,0,0,0,0,0,1,0,0,0,0,0,0,0,0,1,0,0,0,1,0,,,46053
bert_20260228023827,44274,20260201,1,2902400,espreso,691628,PPL,Ternivka,Dnipropetrovs'k,650,Pavlohrads'kyi,27920,36.07139,48.52214,ADM3,0,1,0,1,0,0,0,0,0,0,0,0,0,0,0,0,0,0,0,0,0,0,0,1,0,,,46053
bert_20260228023827,287179,20260201,1,2902401,espreso,709930,PPLA,Dnipro,Dnipropetrovs'k,650,Dnipropetrovs'ka,9966,35.04618,48.46472,ADM3,0,1,0,1,0,0,0,0,0,0,0,0,0,0,0,0,0,0,0,0,0,0,0,1,0,,,46053
bert_20260228023827,44275,20260201,1,2902402,espreso,691628,PPL,Ternivka,Dnipropetrovs'k,650,Pavlohrads'kyi,27920,36.07139,48.52214,ADM3,1,1,1,0,1,0,0,0,0,0,1,0,0,0,0,0,0,0,0,1,0,0,0,1,0,,,46053
bert_20260228023827,345589,20260201,1,2902403,espreso,805500,PPL,Voronyne,Sumy,2356,Bilopils'kyi,4621,34.12376,51.10624,ADM1,1,1,0,1,0,0,0,0,0,0,0,0,0,0,0,0,0,0,0,1,0,0,1,1,0,,,46053
bert_20260228023827,304244,20260201,1,2902404,espreso,710791,PPLA,Cherkasy,Cherkasy,497,Cherkas'ka,7654,32.05977,49.44443,ADM3,1,1,1,1,0,1,0,0,0,0,0,0,0,0,0,0,0,0,0,0,0,0,1,0,0,,,46053
bert_20260228023827,188442,20260201,1,2902689,liga,703448,PPLC,Kyiv,Kiev City,1210,Shevchenkivs'kyi,33738,30.52355,50.45044,ADM3,0,0,1,0,0,0,0,0,0,0,0,0,0,0,0,0,0,0,0,1,0,0,0,0,0,,,46053
bert_20260228023827,192447,20260201,1,2902690,liga,703656,PPLA2,Kupiansk,Kharkiv,1191,Kupians'ka,19188,37.61478,49.7108,ADM3,1,1,1,0,0,0,0,0,0,0,0,0,0,0,1,0,0,1,1,1,0,0,0,0,0,,,46053
bert_20260228023827,19370,20260201,1,2902691,liga,687700,PPLA,Zaporizhzhya,Zaporizhzhya,2730,Zaporiz'ka,41153,35.13885,47.83831,ADM3,1,1,0,1,0,0,0,0,0,0,0,0,0,0,0,0,0,0,0,1,0,0,0,1,0,,,46053
bert_20260228023827,287182,20260201,1,2902692,liga,709930,PPLA,Dnipro,Dnipropetrovs'k,650,Dnipropetrovs'ka,9966,35.04618,48.46472,ADM3,1,1,1,1,0,0,0,0,0,0,1,0,0,0,0,0,0,0,0,1,0,0,0,1,0,,,46053
bert_20260228023827,250317,20260201,1,2908618,meduza,706483,PPLA,Kharkiv,Kharkiv,1191,Kharkivs'ka,17850,36.2312,49.99217,ADM3,1,1,1,1,1,0,0,0,0,0,1,0,0,0,1,0,0,0,0,0,0,0,0,0,0,,,46053
bert_20260228023827,55623,20260201,1,2908619,meduza,693065,PPLX,Sotsmisto,Donets'k,655,Kramators'ka,18898,37.5844,48.73898,ADM3,1,1,0,1,0,0,0,0,0,0,0,0,0,0,1,0,0,0,0,0,0,0,0,0,0,,,46053
bert_20260228023827,82444,20260201,1,2908620,meduza,695094,PPLX,Ruttschenkowo,Donets'k,655,Donets'ka,10139,37.67529,47.95508,ADM1,1,1,0,1,0,0,0,0,0,0,0,0,0,0,1,0,0,0,0,0,0,0,0,0,0,,,46053
bert_20260228023827,287180,20260201,1,2908621,unian,709930,PPLA,Dnipro,Dnipropetrovs'k,650,Dnipropetrovs'ka,9966,35.04618,48.46472,ADM3,1,1,0,1,0,0,0,0,0,0,0,0,0,0,0,0,0,0,0,0,0,0,0,1,0,,,46053
bert_20260228023827,205889,20260201,1,2908622,unian,704568,PPL,Kozerohy,Chernihiv,498,Chernihivs'kyi,7661,31.0412,51.30626,ADM3,0,0,0,0,0,0,0,0,0,0,0,0,0,0,0,0,0,0,0,0,0,0,0,0,0,,,46053
bert_20260228023827,49226,20260201,1,2908623,unian,692194,PPLA,Sumy,Sumy,2356,Sums'ka,35425,34.80276,50.91198,ADM3,0,0,0,0,0,1,1,0,0,0,0,0,0,0,0,0,0,0,0,0,0,0,0,0,0,,,46053
bert_20260228023827,319040,20260201,1,2908624,unian,712609,PPL,Bilka,Odessa,1800,Ivanivs'kyi,15842,30.40579,46.90822,ADM1,0,0,0,0,0,0,0,0,0,0,0,0,0,0,0,0,0,0,0,0,0,0,0,0,0,,,46053
bert_20260228023827,203576,20260201,1,2908625,unian,704422,PPLA2,Pokrovsk,Donets'k,655,Krasnoarmiis'kyi,18918,37.1756,48.28035,ADM3,1,1,1,1,0,0,0,0,0,0,0,0,0,0,1,0,0,0,0,0,0,0,0,0,0,,,46053
bert_20260228023827,19371,20260201,1,2908626,unian,687700,PPLA,Zaporizhzhya,Zaporizhzhya,2730,Zaporiz'ka,41153,35.13885,47.83831,ADM3,1,1,0,1,0,0,0,0,0,0,0,0,0,1,0,0,0,0,0,1,0,0,0,1,0,,,46053
bert_20260228023827,188438,20260201,1,2908627,unian,703448,PPLC,Kyiv,Kiev City,1210,Shevchenkivs'kyi,33738,30.52355,50.45044,ADM3,0,0,0,0,0,0,0,0,0,0,0,0,0,0,0,0,0,0,0,1,0,0,0,0,0,,,46053
bert_20260228023827,19374,20260201,1,2908628,unian,687700,PPLA,Zaporizhzhya,Zaporizhzhya,2730,Zaporiz'ka,41153,35.13885,47.83831,ADM3,1,1,1,1,0,0,0,0,0,0,0,0,0,1,0,0,0,0,0,1,0,0,0,1,0,,,46053
bert_20260228023827,188437,20260201,2,"2908629, 2896315","unian, liveuamap",703448,PPLC,Kyiv,Kiev City,1210,Shevchenkivs'kyi,33738,30.52355,50.45044,ADM3,0,0,0,0,0,0,0,0,0,0,0,0,0,0,0,0,0,0,0,0,0,0,0,0,0,,,46053
bert_20260228023827,99103,20260201,1,2908630,unian,697889,PPLA2,Pavlohrad,Dnipropetrovs'k,650,Pavlograd,27918,35.87012,48.53181,ADM3,1,1,0,1,0,0,0,0,0,0,1,0,0,0,0,0,0,0,0,1,0,0,0,1,0,,,46053
bert_20260228023827,250315,20260201,1,2896308,liga,706483,PPLA,Kharkiv,Kharkiv,1191,Kharkivs'ka,17850,36.2312,49.99217,ADM3,1,1,1,1,0,0,0,0,0,0,0,0,0,0,0,0,0,0,0,1,0,0,1,0,0,,,46053
bert_20260228023827,188440,20260201,1,2896309,liga,703448,PPLC,Kyiv,Kiev City,1210,Shevchenkivs'kyi,33738,30.52355,50.45044,ADM3,0,0,0,0,0,0,1,0,0,0,0,0,0,0,0,0,0,0,0,0,0,0,0,0,0,,,46053
bert_20260228023827,188439,20260201,1,2896310,liveuamap,703448,PPLC,Kyiv,Kiev City,1210,Shevchenkivs'kyi,33738,30.52355,50.45044,ADM3,1,0,0,0,0,0,0,0,0,0,0,0,0,0,0,0,0,0,0,1,0,0,0,0,0,,,46053
bert_20260228023827,123366,20260201,1,2896311,liveuamap,700051,PPLA2,Nikopol,Dnipropetrovs'k,650,Nikopol's'ka,25338,34.39481,47.56746,ADM3,1,1,0,1,0,0,0,0,0,0,0,0,0,1,0,0,0,0,0,1,0,0,0,1,0,,,46053
bert_20260228023827,287181,20260201,1,2896312,liveuamap,709930,PPLA,Dnipro,Dnipropetrovs'k,650,Dnipropetrovs'ka,9966,35.04618,48.46472,ADM3,1,1,0,1,0,0,0,0,0,0,0,0,0,1,0,0,0,0,0,1,0,0,0,1,0,,,46053
bert_20260228023827,250313,20260201,1,2896313,liveuamap,706483,PPLA,Kharkiv,Kharkiv,1191,Kharkivs'ka,17850,36.2312,49.99217,ADM3,1,1,0,0,0,0,0,0,1,0,0,0,0,0,0,0,0,1,0,1,0,0,0,1,0,,,46053
bert_20260228023827,250316,20260201,1,2896314,liveuamap,706483,PPLA,Kharkiv,Kharkiv,1191,Kharkivs'ka,17850,36.2312,49.99217,ADM3,1,1,1,1,0,0,0,1,0,0,1,0,0,0,0,0,0,0,0,1,0,0,0,1,0,,,46053
bert_20260228023827,275155,20260201,1,2896316,liveuamap,709717,PPLA,Donetsk,Donets'k,655,Donets'ka,10139,37.80285,48.01588,ADM3,1,1,1,1,0,0,0,0,0,0,0,0,0,0,1,0,0,0,1,0,0,0,0,0,0,,,46053
bert_20260228023827,95993,20260201,1,2896317,liveuamap,697348,PPL,Petrivka,Kharkiv,1191,Krasnohrads'kyi,18930,35.59462,49.39355,STREET,1,1,1,1,0,0,0,0,0,0,0,0,0,0,1,0,0,0,1,0,0,0,0,0,0,,,46053
bert_20260228023827,19373,20260201,1,2896318,liveuamap,687700,PPLA,Zaporizhzhya,Zaporizhzhya,2730,Zaporiz'ka,41153,35.13885,47.83831,ADM3,1,1,1,1,0,0,0,0,0,0,0,0,0,0,1,0,0,0,1,0,0,0,0,0,0,,,46053
bert_20260228023827,192446,20260201,1,2896319,liveuamap,703656,PPLA2,Kupiansk,Kharkiv,1191,Kupians'ka,19188,37.61478,49.7108,ADM3,1,0,1,0,0,0,0,0,0,0,0,0,0,0,0,1,0,0,0,0,0,0,0,0,0,,,46053
bert_20260228023827,57722,20260201,1,2896320,liveuamap,693468,PPL,Sloviansk,Donets'k,655,Slovians'ka,34511,37.60582,48.85227,ADM3,1,0,1,0,0,0,0,0,0,0,0,0,0,0,0,1,0,0,0,0,0,0,0,0,0,,,46053
bert_20260228023827,19369,20260201,1,2896321,liveuamap,687700,PPLA,Zaporizhzhya,Zaporizhzhya,2730,Zaporiz'ka,41153,35.13885,47.83831,ADM3,1,0,1,0,0,0,0,0,0,0,0,0,0,0,0,1,0,0,0,0,0,0,0,0,0,,,46053
bert_20260228023827,261552,20260201,1,2896322,liveuamap,707898,PPLA2,Hulyaypole,Zaporizhzhya,2730,Huliaipil's'kyi,14713,36.25322,47.66644,ADM3,1,0,1,0,0,0,0,0,0,0,0,0,0,0,0,1,0,0,0,0,0,0,0,0,0,,,46053
bert_20260228023827,264651,20260201,1,2896324,liveuamap,708937,PPL,Havrylivka,Dnipropetrovs'k,650,Pokrovs'kyi,28862,36.51993,48.07377,ADM3,1,1,1,1,0,0,0,0,1,0,0,0,0,0,0,0,0,0,0,1,0,0,0,0,0,,,46053
bert_20260228023827,115287,20260201,1,2896325,liveuamap,699185,PPLA3,Novoselivka,Donets'k,655,Krasnolymans'kyi,18941,37.69735,49.07541,ADM3,1,1,1,1,0,0,0,0,1,0,0,0,0,0,0,0,0,0,0,1,0,0,0,0,0,,,46053
bert_20260228023827,287183,20260201,1,2896326,liveuamap,709930,PPLA,Dnipro,Dnipropetrovs'k,650,Dnipropetrovs'ka,9966,35.04618,48.46472,ADM3,1,1,1,1,0,0,0,0,1,0,0,0,0,0,0,0,0,0,0,1,0,0,0,0,0,,,46053
bert_20260228023827,338898,20260201,1,2896327,liveuamap,802277,PPL,Protsenko,Donets'k,655,Amvrosi‹vs'kyi,1671,38.206,47.738,ADM3,1,1,1,1,0,0,0,0,1,0,0,0,0,0,0,0,0,0,0,1,0,0,0,0,0,,,46053
bert_20260228023827,26172,20260201,1,2896328,liveuamap,688871,PPL,Vozdvyzhivka,Zaporizhzhya,2730,Novomykola‹vs'kyi,25913,36.07979,47.74727,ADM3,1,1,1,1,0,0,0,0,1,0,0,0,0,0,0,0,0,0,0,1,0,0,0,0,0,,,46053
bert_20260228023827,268927,20260201,1,2896329,liveuamap,709671,PPL,Dorozhnianka,Zaporizhzhya,2730,Huliaipil's'kyi,14713,36.25694,47.58659,ADM3,1,1,1,1,0,0,0,0,1,0,0,0,0,0,0,0,0,0,0,1,0,0,0,0,0,,,46053
bert_20260228023827,304923,20260201,1,2896330,liveuamap,710925,PPL,Charivne,Zaporizhzhya,2730,Orikhivs'kyi,26748,36.03595,47.58161,ADM3,1,1,1,1,0,0,0,0,1,0,0,0,0,0,0,0,0,0,0,1,0,0,0,0,0,,,46053
bert_20260228023827,46284,20260201,1,2896331,liveuamap,692031,PPL,Svobodnoye,Dnipropetrovs'k,650,Novomoskovs'kyi,25910,35.32482,48.73638,ADM3,1,1,1,1,0,0,0,0,1,0,0,0,0,0,0,0,0,0,0,1,0,0,0,0,0,,,46053
bert_20260228023827,19375,20260201,1,2896332,liveuamap,687700,PPLA,Zaporizhzhya,Zaporizhzhya,2730,Zaporiz'ka,41153,35.13885,47.83831,ADM3,1,1,1,1,0,0,0,0,1,0,0,0,0,0,0,0,0,0,0,1,0,0,0,0,0,,,46053
bert_20260228023827,203574,20260201,1,2896333,liveuamap,704422,PPLA2,Pokrovsk,Donets'k,655,Krasnoarmiis'kyi,18918,37.1756,48.28035,ADM3,1,0,1,0,0,0,0,0,0,0,0,0,0,0,0,1,0,0,0,0,0,0,0,0,0,,,46053
bert_20260228023827,287956,20260201,1,2896334,liveuamap,710035,PPLA2,Myrnohrad,Donets'k,655,Krasnoarmiis'ka,18917,37.26806,48.29097,ADM3,1,0,1,0,0,0,0,0,0,0,0,0,0,0,0,1,0,0,0,0,0,0,0,0,0,,,46053
bert_20260228023827,250314,20260201,1,2896336,liveuamap,706483,PPLA,Kharkiv,Kharkiv,1191,Kharkivs'ka,17850,36.2312,49.99217,ADM3,1,1,1,0,0,0,0,0,0,0,0,0,0,0,0,1,0,0,0,0,0,0,0,0,0,,,46053
bert_20260228023827,32681,20260201,1,2896337,liveuamap,689304,PPLA2,Vovchansk,Kharkiv,1191,Vovchans'kyi,39837,36.9368,50.29401,ADM3,1,1,1,0,0,0,0,0,0,0,0,0,0,0,0,1,0,0,0,0,0,0,0,0,0,,,46053
bert_20260228023827,257478,20260201,1,2896338,liveuamap,707464,PPL,Ivanopillia,Donets'k,655,Kostiantynivs'kyi,18739,37.76439,48.47357,ADM3,1,1,1,1,0,0,0,0,0,0,0,0,0,0,0,1,0,0,0,0,0,0,0,0,0,,,46053
bert_20260228023827,208617,20260201,1,2902389,unian,705104,PPL,Kostiantynivka,Donets'k,655,Kostiantynivs'ka,18738,37.69368,48.53467,ADM3,1,1,1,1,0,0,0,0,0,0,0,0,0,0,1,0,0,0,0,0,0,0,0,0,0,,,46053
bert_20260228023827,203578,20260201,1,2902390,unian,704422,PPLA2,Pokrovsk,Donets'k,655,Krasnoarmiis'kyi,18918,37.1756,48.28035,ADM3,1,1,1,1,1,0,0,0,0,0,0,0,0,1,1,0,0,0,1,0,0,0,0,0,0,,,46053
bert_20260228023827,19376,20260201,1,2902391,unian,687700,PPLA,Zaporizhzhya,Zaporizhzhya,2730,Zaporiz'ka,41153,35.13885,47.83831,ADM3,1,1,1,1,1,0,0,0,0,0,0,0,0,1,1,0,0,0,1,0,0,0,0,0,0,,,46053
bert_20260228023827,217159,20260201,1,2902392,unian,705183,PPL,Slobozhans'ke,Kharkiv,1191,Zmiïvs'kyi,41407,36.50512,49.61494,ADM1,1,1,1,0,1,0,0,0,0,0,0,0,0,1,1,0,0,0,0,0,0,0,0,0,0,,,46053
bert_20260228023827,82445,20260201,1,2902393,unian,695094,PPLX,Ruttschenkowo,Donets'k,655,Donets'ka,10139,37.67529,47.95508,ADM1,1,1,1,0,1,0,0,0,0,0,0,0,0,1,1,0,0,0,0,0,0,0,0,0,0,,,46053
bert_20260228023827,143766,20260202,1,3041308,liga,701822,PPL,Mariupol,Donets'k,655,Mariupol's'ka,22073,37.54144,47.0967,ADM3,1,1,1,0,0,1,0,0,0,0,0,0,0,0,0,0,0,0,0,0,0,0,0,0,0,,,46054
bert_20260228023827,258271,20260202,1,3022524,liga,707471,PPLA,Ivano-Frankivsk,Ivano-Frankivs'k,1023,Ivano-Frankivs'ka,15846,24.71116,48.92268,ADM3,0,0,0,0,0,0,1,0,0,0,0,0,0,0,0,0,0,0,0,0,0,0,0,0,0,,,46054
bert_20260228023827,188447,20260202,1,3010018,liga,703448,PPLC,Kyiv,Kiev City,1210,Shevchenkivs'kyi,33738,30.52355,50.45044,ADM3,0,0,0,0,0,1,0,0,0,0,0,0,0,0,0,0,0,0,0,0,0,0,0,0,0,,,46054
bert_20260228023827,250318,20260202,1,2984907,liga,706483,PPLA,Kharkiv,Kharkiv,1191,Kharkivs'ka,17850,36.2312,49.99217,ADM3,0,0,0,0,0,0,0,0,0,0,0,0,0,0,0,0,0,0,0,0,0,0,0,0,0,,,46054
bert_20260228023827,250319,20260202,1,2984908,liga,706483,PPLA,Kharkiv,Kharkiv,1191,Kharkivs'ka,17850,36.2312,49.99217,ADM3,0,0,0,0,0,0,0,0,0,0,1,0,0,0,0,0,0,0,0,0,0,0,0,0,0,,,46054
bert_20260228023827,188449,20260202,1,2972216,liga,703448,PPLC,Kyiv,Kiev City,1210,Shevchenkivs'kyi,33738,30.52355,50.45044,ADM3,0,0,1,0,0,0,1,0,0,0,0,0,0,0,0,0,0,0,0,0,0,0,0,0,0,,,46054
bert_20260228023827,323924,20260202,1,2972217,liga,712956,PPL,Bakhmutivka,Luhans'k,1405,Novoaidars'kyi,25882,39.04452,48.86708,ADM3,0,0,1,0,0,0,1,0,0,0,0,0,0,0,0,0,0,0,0,0,0,0,0,0,0,,,46054
bert_20260228023827,357664,20260202,1,2972218,liga,8250815,PPL,Karpaty,Transcarpathia,2491,Mukachivs'kyi,24017,22.8742,48.52159,ADM3,0,0,0,0,0,1,1,0,0,0,0,0,0,0,0,0,0,0,0,1,0,0,0,0,0,,,46054
bert_20260228023827,188450,20260202,1,2965832,liga,703448,PPLC,Kyiv,Kiev City,1210,Shevchenkivs'kyi,33738,30.52355,50.45044,ADM3,1,1,0,1,0,0,0,0,0,0,0,0,0,0,0,0,0,0,0,1,0,0,0,0,0,,,46054
bert_20260228023827,188452,20260202,2,"2946888, 2908633","liga, espreso",703448,PPLC,Kyiv,Kiev City,1210,Shevchenkivs'kyi,33738,30.52355,50.45044,ADM3,1,1,1,1,0,0,0,0,0,0,0,0,0,0,0,0,0,0,0,1,0,0,0,0,0,,,46054
bert_20260228023827,304246,20260202,1,2908634,espreso,710791,PPLA,Cherkasy,Cherkasy,497,Cherkas'ka,7654,32.05977,49.44443,ADM3,1,1,1,1,0,1,0,0,0,0,0,0,0,0,0,0,0,0,0,0,0,0,1,0,0,,,46054
bert_20260228023827,188454,20260202,1,2908635,espreso,703448,PPLC,Kyiv,Kiev City,1210,Shevchenkivs'kyi,33738,30.52355,50.45044,ADM3,1,1,1,1,0,0,0,1,0,0,0,0,0,1,0,0,0,0,0,1,0,0,0,0,0,,,46054
bert_20260228023827,306326,20260202,1,2908636,espreso,711416,PPL,Brody,L'viv,1289,Brodivs'kyi,5647,25.14393,50.08347,STREET,1,1,1,1,0,0,0,0,0,0,1,0,0,0,0,0,0,0,0,1,0,0,0,0,0,,,46054
bert_20260228023827,89730,20260202,1,2908637,espreso,696032,PPLA2,Pustomyty,L'viv,1289,Pustomytivs'kyi,29580,23.91674,49.71749,ADM1,1,1,1,1,0,0,0,0,0,0,1,0,0,0,0,0,0,0,0,1,0,0,0,0,0,,,46054
bert_20260228023827,304245,20260202,1,2908638,espreso,710791,PPLA,Cherkasy,Cherkasy,497,Cherkas'ka,7654,32.05977,49.44443,ADM3,1,1,0,1,0,0,0,0,0,0,1,0,0,0,0,0,0,0,0,1,0,0,0,1,0,,,46054
bert_20260228023827,203582,20260202,1,2908639,espreso,704422,PPLA2,Pokrovsk,Donets'k,655,Krasnoarmiis'kyi,18918,37.1756,48.28035,ADM3,1,1,1,1,0,0,0,0,0,0,0,0,0,0,0,1,0,0,0,0,0,0,1,0,0,,,46054
bert_20260228023827,188446,20260202,3,"2908640, 2915110, 2902693","espreso, unian, liga",703448,PPLC,Kyiv,Kiev City,1210,Shevchenkivs'kyi,33738,30.52355,50.45044,ADM3,0,0,0,0,0,0,1,0,0,0,0,0,0,0,0,0,0,0,0,0,0,0,0,0,0,,,46054
bert_20260228023827,82446,20260202,1,2908922,liga,695094,PPLX,Ruttschenkowo,Donets'k,655,Donets'ka,10139,37.67529,47.95508,ADM1,1,1,0,1,0,0,0,0,0,0,0,0,0,0,0,0,0,0,0,1,0,0,0,1,0,,,46054
bert_20260228023827,203580,20260202,1,2908923,liga,704422,PPLA2,Pokrovsk,Donets'k,655,Krasnoarmiis'kyi,18918,37.1756,48.28035,ADM3,1,1,1,0,1,0,0,0,0,0,1,0,0,0,0,0,0,0,0,0,0,0,0,0,0,,,46054
bert_20260228023827,209465,20260202,1,2908928,liveuamap,705135,PPLA2,Konotop,Sumy,2356,Konotops'kyi,18617,33.21017,51.23879,ADM3,1,1,0,1,0,0,0,0,0,0,0,0,0,1,0,0,0,0,0,1,0,0,0,0,0,,,46054
bert_20260228023827,49227,20260202,1,2908929,liveuamap,692194,PPLA,Sumy,Sumy,2356,Sums'ka,35425,34.80276,50.91198,ADM3,1,1,0,1,0,0,0,0,0,0,0,0,0,1,0,0,0,0,0,1,0,0,0,0,0,,,46054
bert_20260228023827,250322,20260202,1,2908930,liveuamap,706483,PPLA,Kharkiv,Kharkiv,1191,Kharkivs'ka,17850,36.2312,49.99217,ADM3,1,1,0,0,0,0,0,0,0,0,0,0,0,0,0,0,0,0,0,0,0,0,0,0,0,,,46054
bert_20260228023827,44277,20260202,1,2908931,liveuamap,691628,PPL,Ternivka,Dnipropetrovs'k,650,Pavlohrads'kyi,27920,36.07139,48.52214,ADM3,1,1,1,1,0,0,0,0,0,0,1,0,0,0,0,0,0,0,0,0,0,0,0,1,0,,,46054
bert_20260228023827,44276,20260202,1,2908932,liveuamap,691628,PPL,Ternivka,Dnipropetrovs'k,650,Pavlohrads'kyi,27920,36.07139,48.52214,ADM3,1,1,0,1,0,0,0,0,0,0,0,0,0,1,0,0,0,0,0,1,0,0,0,1,0,,,46054
bert_20260228023827,287186,20260202,1,2908933,liveuamap,709930,PPLA,Dnipro,Dnipropetrovs'k,650,Dnipropetrovs'ka,9966,35.04618,48.46472,ADM3,1,1,0,1,0,0,0,0,0,0,0,0,0,1,0,0,0,0,0,1,0,0,0,1,0,,,46054
bert_20260228023827,289391,20260202,1,2908934,liveuamap,710374,PPLA2,Chuhuiv,Kharkiv,1191,Chuhu‹vs'kyi,8040,36.67945,49.83527,ADM3,1,1,0,1,0,0,0,0,0,0,1,0,0,0,0,0,0,0,0,0,0,0,0,1,0,,,46054
bert_20260228023827,57724,20260202,1,2908935,liveuamap,693468,PPL,Sloviansk,Donets'k,655,Slovians'ka,34511,37.60582,48.85227,ADM3,1,1,0,1,0,0,0,0,1,0,0,0,0,0,0,0,0,0,0,1,0,0,0,1,0,,,46054
bert_20260228023827,19379,20260202,1,2908936,liveuamap,687700,PPLA,Zaporizhzhya,Zaporizhzhya,2730,Zaporiz'ka,41153,35.13885,47.83831,ADM3,1,1,0,1,0,0,0,0,0,0,0,0,0,1,0,0,0,0,0,1,0,0,0,1,0,,,46054
bert_20260228023827,250326,20260202,1,2908937,liveuamap,706483,PPLA,Kharkiv,Kharkiv,1191,Kharkivs'ka,17850,36.2312,49.99217,ADM3,1,1,1,1,0,0,0,0,0,0,0,0,0,0,1,0,0,0,1,0,0,0,0,0,0,,,46054
bert_20260228023827,275156,20260202,2,"2908938, 2915116","liveuamap, unian",709717,PPLA,Donetsk,Donets'k,655,Donets'ka,10139,37.80285,48.01588,ADM3,1,1,1,1,0,0,0,0,0,0,0,0,0,0,1,0,0,0,1,0,0,0,0,0,0,,,46054
bert_20260228023827,235334,20260202,2,"2908939, 2908970",liveuamap,706448,PPLA,Kherson,Kherson,1195,Khersons'ka,17890,32.61496,46.64032,ADM3,1,1,1,1,0,0,0,0,0,0,1,0,0,0,0,0,0,0,0,0,0,0,0,0,0,,,46054
bert_20260228023827,345590,20260202,1,2908940,liveuamap,805500,PPL,Voronyne,Sumy,2356,Bilopils'kyi,4621,34.12376,51.10624,ADM1,1,1,1,1,0,0,0,0,1,0,0,0,0,0,0,0,0,0,0,1,0,0,0,0,0,,,46054
bert_20260228023827,115288,20260202,1,2908941,liveuamap,699185,PPLA3,Novoselivka,Donets'k,655,Krasnolymans'kyi,18941,37.69735,49.07541,ADM3,1,1,1,1,0,0,0,0,1,0,0,0,0,0,0,0,0,0,0,1,0,0,0,0,0,,,46054
bert_20260228023827,287187,20260202,1,2908942,liveuamap,709930,PPLA,Dnipro,Dnipropetrovs'k,650,Dnipropetrovs'ka,9966,35.04618,48.46472,ADM3,1,1,1,1,0,0,0,0,1,0,0,0,0,0,0,0,0,0,0,1,0,0,0,0,0,,,46054
bert_20260228023827,44352,20260202,1,2908943,liveuamap,691639,PPL,Ternuvate,Dnipropetrovs'k,650,Pokrovs'kyi,28862,36.13247,47.82975,ADM3,1,1,1,1,0,0,0,0,1,0,0,0,0,0,0,0,0,0,0,1,0,0,0,0,0,,,46054
bert_20260228023827,252910,20260202,1,2908944,liveuamap,706941,PPL,Komyshuvakha,Zaporizhzhya,2730,Orikhivs'kyi,26748,35.52466,47.71952,ADM3,1,1,1,1,0,0,0,0,1,0,0,0,0,0,0,0,0,0,0,1,0,0,0,0,0,,,46054
bert_20260228023827,19380,20260202,1,2908945,liveuamap,687700,PPLA,Zaporizhzhya,Zaporizhzhya,2730,Zaporiz'ka,41153,35.13885,47.83831,ADM3,1,1,1,1,0,0,0,0,1,0,0,0,0,0,0,0,0,0,0,1,0,0,0,0,0,,,46054
bert_20260228023827,203579,20260202,1,2908946,liveuamap,704422,PPLA2,Pokrovsk,Donets'k,655,Krasnoarmiis'kyi,18918,37.1756,48.28035,ADM3,1,0,1,0,0,0,0,0,0,0,0,0,0,0,0,1,0,0,0,0,0,0,0,0,0,,,46054
bert_20260228023827,287957,20260202,1,2908947,liveuamap,710035,PPLA2,Myrnohrad,Donets'k,655,Krasnoarmiis'ka,18917,37.26806,48.29097,ADM3,1,0,1,0,0,0,0,0,0,0,0,0,0,0,0,1,0,0,0,0,0,0,0,0,0,,,46054
bert_20260228023827,261942,20260202,1,2908949,liveuamap,708060,PPL,Hryshyne,Donets'k,655,Krasnoarmiis'kyi,18918,37.0798,48.32938,ADM3,1,0,1,0,0,0,0,0,0,0,0,0,0,0,0,1,0,0,0,0,0,0,0,0,0,,,46054
bert_20260228023827,365120,20260202,1,2908950,liveuamap,9112183,PPL,Novopavlivka,Donets'k,655,Krasnoarmiis'kyi,18918,37.22614,48.24869,ADM3,1,0,1,0,0,0,0,0,0,0,0,0,0,0,0,1,0,0,0,0,0,0,0,0,0,,,46054
bert_20260228023827,257336,20260202,1,2908951,liveuamap,707414,PPL,Ivanivka,Luhans'k,1405,Antratsytivs'kyi,1932,38.9352,48.23788,ADM3,1,0,1,0,0,0,0,0,0,0,0,0,0,0,0,1,0,0,0,0,0,0,0,0,0,,,46054
bert_20260228023827,50095,20260202,1,2908952,liveuamap,692248,PPL,Stepnohirsk,Zaporizhzhya,2730,Vasylivs'kyi,39200,35.36408,47.58871,ADM3,1,0,1,0,0,0,0,0,0,0,0,0,0,0,0,1,0,0,0,0,0,0,0,0,0,,,46054
bert_20260228023827,376818,20260202,1,2908953,liveuamap,9532052,PPL,Huliaipilske,Zaporizhzhya,2730,Huliaipil's'kyi,14713,36.06122,47.61272,ADM3,1,0,1,0,0,0,0,0,0,0,0,0,0,0,0,1,0,0,0,0,0,0,0,0,0,,,46054
bert_20260228023827,261553,20260202,1,2908954,liveuamap,707898,PPLA2,Hulyaypole,Zaporizhzhya,2730,Huliaipil's'kyi,14713,36.25322,47.66644,ADM3,1,0,1,0,0,0,0,0,0,0,0,0,0,0,0,1,0,0,0,0,0,0,0,0,0,,,46054
bert_20260228023827,387949,20260202,1,2908955,liveuamap,11151973,PPL,Stepove,Dnipropetrovs'k,650,Krynychans'kyi,19030,34.53593,48.44595,ADM3,1,0,1,0,0,0,0,0,0,0,0,0,0,0,0,1,0,0,0,0,0,0,0,0,0,,,46054
bert_20260228023827,20578,20260202,1,2908956,liveuamap,688228,PPL,Dibrovy,Kirovohrad,1222,Oleksandriis'kyi,26476,33.06403,48.78726,ADM3,1,0,1,0,0,0,0,0,0,0,0,0,0,0,0,1,0,0,0,0,0,0,0,0,0,,,46054
bert_20260228023827,250324,20260202,1,2908957,liveuamap,706483,PPLA,Kharkiv,Kharkiv,1191,Kharkivs'ka,17850,36.2312,49.99217,ADM3,1,1,1,0,0,0,0,0,0,0,0,0,0,0,0,1,0,0,0,0,0,0,0,0,0,,,46054
bert_20260228023827,32682,20260202,1,2908958,liveuamap,689304,PPLA2,Vovchansk,Kharkiv,1191,Vovchans'kyi,39837,36.9368,50.29401,ADM3,1,1,1,0,0,0,0,0,0,0,0,0,0,0,0,1,0,0,0,0,0,0,0,0,0,,,46054
bert_20260228023827,217560,20260202,1,2908960,liveuamap,705425,PPLA3,Kolodeznoye,Crimea,579,Krasnohvardiis'kyi,18931,34.33636,45.22611,ADM3,1,1,1,0,0,0,0,0,0,0,0,0,0,0,0,1,0,0,0,0,0,0,0,0,0,,,46054
bert_20260228023827,57723,20260202,1,2908961,liveuamap,693468,PPL,Sloviansk,Donets'k,655,Slovians'ka,34511,37.60582,48.85227,ADM3,1,0,1,0,0,0,0,0,0,0,1,0,0,0,0,1,0,0,0,0,0,0,0,0,0,,,46054
bert_20260228023827,208618,20260202,1,2908962,liveuamap,705104,PPL,Kostiantynivka,Donets'k,655,Kostiantynivs'ka,18738,37.69368,48.53467,ADM3,1,1,1,1,0,0,0,0,0,0,0,0,0,0,0,1,0,0,0,0,0,0,0,0,0,,,46054
bert_20260228023827,257479,20260202,1,2908963,liveuamap,707464,PPL,Ivanopillia,Donets'k,655,Kostiantynivs'kyi,18739,37.76439,48.47357,ADM3,1,1,1,1,0,0,0,0,0,0,0,0,0,0,0,1,0,0,0,0,0,0,0,0,0,,,46054
bert_20260228023827,192448,20260202,1,2908964,liveuamap,703656,PPLA2,Kupiansk,Kharkiv,1191,Kupians'ka,19188,37.61478,49.7108,ADM3,1,0,1,0,0,0,0,0,0,0,0,0,0,0,0,1,0,0,0,0,0,0,0,0,0,,,46054
bert_20260228023827,55624,20260202,1,2908965,liveuamap,693065,PPLX,Sotsmisto,Donets'k,655,Kramators'ka,18898,37.5844,48.73898,ADM3,1,0,1,0,0,0,0,0,0,0,0,0,0,0,0,1,0,0,0,0,0,0,0,0,0,,,46054
bert_20260228023827,19377,20260202,1,2908966,liveuamap,687700,PPLA,Zaporizhzhya,Zaporizhzhya,2730,Zaporiz'ka,41153,35.13885,47.83831,ADM3,1,0,1,0,0,0,0,0,0,0,0,0,0,0,0,1,0,0,0,0,0,0,0,0,0,,,46054
bert_20260228023827,360537,20260202,1,2908967,liveuamap,8419787,PPL,Zakumske,Sumy,2356,Sums'kyi,35426,34.64912,50.95537,ADM2,1,1,1,1,0,0,0,0,0,0,0,0,0,0,1,0,0,0,0,0,0,0,0,0,0,,,46054
bert_20260228023827,57725,20260202,1,2908968,liveuamap,693468,PPL,Sloviansk,Donets'k,655,Slovians'ka,34511,37.60582,48.85227,ADM3,1,1,1,1,0,0,0,0,0,0,0,0,0,1,0,0,0,0,0,1,0,0,0,0,0,,,46054
bert_20260228023827,287185,20260202,1,2908969,liveuamap,709930,PPLA,Dnipro,Dnipropetrovs'k,650,Dnipropetrovs'ka,9966,35.04618,48.46472,ADM3,1,0,0,1,0,0,0,0,0,0,1,0,0,0,0,0,0,0,0,0,0,0,0,1,0,,,46054
bert_20260228023827,250325,20260202,1,2915102,meduza,706483,PPLA,Kharkiv,Kharkiv,1191,Kharkivs'ka,17850,36.2312,49.99217,ADM3,1,1,1,0,1,0,0,0,0,0,0,1,0,0,0,0,0,0,0,0,0,0,0,0,0,,,46054
bert_20260228023827,250320,20260202,1,2915103,meduza,706483,PPLA,Kharkiv,Kharkiv,1191,Kharkivs'ka,17850,36.2312,49.99217,ADM3,1,0,0,0,0,0,0,0,0,0,0,0,0,0,0,0,0,0,0,0,0,0,0,0,0,,,46054
bert_20260228023827,250323,20260202,1,2915104,meduza,706483,PPLA,Kharkiv,Kharkiv,1191,Kharkivs'ka,17850,36.2312,49.99217,ADM3,1,1,0,0,0,0,0,0,0,0,0,0,0,0,1,0,0,0,0,0,0,0,0,0,0,,,46054
bert_20260228023827,250321,20260202,1,2915105,unian,706483,PPLA,Kharkiv,Kharkiv,1191,Kharkivs'ka,17850,36.2312,49.99217,ADM3,0,0,0,0,0,0,1,0,0,0,0,0,0,0,0,0,0,0,0,0,0,0,0,0,0,,,46054
bert_20260228023827,55625,20260202,1,2915106,unian,693065,PPLX,Sotsmisto,Donets'k,655,Kramators'ka,18898,37.5844,48.73898,ADM3,1,1,1,1,0,0,0,0,0,0,0,0,0,0,1,0,0,0,1,0,0,0,0,0,0,,,46054
bert_20260228023827,96518,20260202,1,2915107,unian,697422,PPL,Petropavlivka,Cherkasy,497,Horodyshchens'kyi,14528,31.35233,49.26,ADM1,1,1,0,1,0,0,0,0,0,0,0,0,0,1,0,0,0,0,0,1,0,0,0,1,0,,,46054
bert_20260228023827,287184,20260202,1,2915108,unian,709930,PPLA,Dnipro,Dnipropetrovs'k,650,Dnipropetrovs'ka,9966,35.04618,48.46472,ADM3,0,0,0,0,0,0,0,0,0,0,0,0,0,0,0,0,0,0,0,0,0,0,0,0,0,,,46054
bert_20260228023827,96516,20260202,1,2915109,unian,697422,PPL,Petropavlivka,Cherkasy,497,Horodyshchens'kyi,14528,31.35233,49.26,ADM1,0,0,0,0,0,1,0,0,0,0,0,0,0,0,0,0,0,0,0,0,0,0,0,1,0,,,46054
bert_20260228023827,203583,20260202,1,2915111,unian,704422,PPLA2,Pokrovsk,Donets'k,655,Krasnoarmiis'kyi,18918,37.1756,48.28035,ADM3,1,1,1,1,0,0,0,0,0,0,1,0,0,0,1,1,0,0,0,0,0,0,0,0,0,,,46054
bert_20260228023827,188453,20260202,1,2915112,unian,703448,PPLC,Kyiv,Kiev City,1210,Shevchenkivs'kyi,33738,30.52355,50.45044,ADM3,1,1,1,1,0,0,0,0,0,0,0,0,0,1,0,0,0,0,0,1,0,0,0,1,0,,,46054
bert_20260228023827,67828,20260202,1,2915113,unian,693805,PPLA2,Simferopol,Crimea,579,Simferopol's'ka,34229,34.09941,44.95363,ADM3,1,1,1,1,0,0,0,0,0,0,0,0,0,0,1,0,0,0,1,0,0,0,0,0,0,,,46054
bert_20260228023827,203581,20260202,1,2915114,unian,704422,PPLA2,Pokrovsk,Donets'k,655,Krasnoarmiis'kyi,18918,37.1756,48.28035,ADM3,1,1,1,0,1,0,0,0,0,0,1,0,0,0,0,0,0,1,0,0,0,0,0,0,0,,,46054
bert_20260228023827,38228,20260202,1,2915115,unian,690773,PPL,Ukrainka,Kiev,1209,Obukhivs'kyi,26204,30.74207,50.15372,ADM3,0,0,0,0,0,1,0,0,0,0,0,0,0,0,0,0,0,0,0,0,0,0,0,0,0,,,46054
bert_20260228023827,188451,20260202,1,2915117,unian,703448,PPLC,Kyiv,Kiev City,1210,Shevchenkivs'kyi,33738,30.52355,50.45044,ADM3,0,1,1,0,1,0,0,0,0,0,0,0,0,0,0,0,0,0,0,0,0,0,0,0,0,,,46054
bert_20260228023827,96517,20260202,1,2915118,unian,697422,PPL,Petropavlivka,Cherkasy,497,Horodyshchens'kyi,14528,31.35233,49.26,ADM1,0,0,1,0,0,1,0,0,0,0,0,0,0,0,0,0,0,0,0,0,0,0,0,0,0,,,46054
bert_20260228023827,188448,20260202,1,2915119,unian,703448,PPLC,Kyiv,Kiev City,1210,Shevchenkivs'kyi,33738,30.52355,50.45044,ADM3,0,0,0,0,0,1,0,0,0,0,0,0,0,0,0,0,0,0,0,1,0,0,0,0,0,,,46054
bert_20260228023827,19378,20260202,1,2908631,unian,687700,PPLA,Zaporizhzhya,Zaporizhzhya,2730,Zaporiz'ka,41153,35.13885,47.83831,ADM3,1,1,0,1,0,0,0,0,0,0,0,0,0,0,1,0,0,0,1,0,0,0,0,0,0,,,46054
bert_20260228023827,192449,20260202,1,2908632,unian,703656,PPLA2,Kupiansk,Kharkiv,1191,Kupians'ka,19188,37.61478,49.7108,ADM3,1,1,1,1,1,0,0,0,0,0,1,0,0,1,1,0,0,0,1,0,0,0,1,0,0,,,46054
bert_20260228023827,143767,20260203,1,3041321,liga,701822,PPL,Mariupol,Donets'k,655,Mariupol's'ka,22073,37.54144,47.0967,ADM3,1,1,1,0,0,1,0,0,0,0,0,0,0,0,0,0,0,0,0,0,0,0,0,0,0,,,46055
bert_20260228023827,258272,20260203,1,3022537,liga,707471,PPLA,Ivano-Frankivsk,Ivano-Frankivs'k,1023,Ivano-Frankivs'ka,15846,24.71116,48.92268,ADM3,0,0,0,0,0,0,1,0,0,0,0,0,0,0,0,0,0,0,0,0,0,0,0,0,0,,,46055
bert_20260228023827,188457,20260203,1,3010031,liga,703448,PPLC,Kyiv,Kiev City,1210,Shevchenkivs'kyi,33738,30.52355,50.45044,ADM3,0,0,0,0,0,1,0,0,0,0,0,0,0,0,0,0,0,0,0,0,0,0,0,0,0,,,46055
bert_20260228023827,250327,20260203,1,2984921,liga,706483,PPLA,Kharkiv,Kharkiv,1191,Kharkivs'ka,17850,36.2312,49.99217,ADM3,0,0,0,0,0,0,0,0,0,0,0,0,0,0,0,0,0,0,0,0,0,0,0,0,0,,,46055
bert_20260228023827,250328,20260203,1,2984922,liga,706483,PPLA,Kharkiv,Kharkiv,1191,Kharkivs'ka,17850,36.2312,49.99217,ADM3,0,0,0,0,0,0,0,0,0,0,1,0,0,0,0,0,0,0,0,0,0,0,0,0,0,,,46055
bert_20260228023827,188460,20260203,1,2972232,liga,703448,PPLC,Kyiv,Kiev City,1210,Shevchenkivs'kyi,33738,30.52355,50.45044,ADM3,0,0,1,0,0,0,1,0,0,0,0,0,0,0,0,0,0,0,0,0,0,0,0,0,0,,,46055
bert_20260228023827,323925,20260203,1,2972233,liga,712956,PPL,Bakhmutivka,Luhans'k,1405,Novoaidars'kyi,25882,39.04452,48.86708,ADM3,0,0,1,0,0,0,1,0,0,0,0,0,0,0,0,0,0,0,0,0,0,0,0,0,0,,,46055
bert_20260228023827,357665,20260203,1,2972234,liga,8250815,PPL,Karpaty,Transcarpathia,2491,Mukachivs'kyi,24017,22.8742,48.52159,ADM3,0,0,0,0,0,1,1,0,0,0,0,0,0,0,0,0,0,0,0,1,0,0,0,0,0,,,46055
bert_20260228023827,188463,20260203,2,"2965845, 2921462","liga, unian",703448,PPLC,Kyiv,Kiev City,1210,Shevchenkivs'kyi,33738,30.52355,50.45044,ADM3,1,1,0,1,0,0,0,0,0,0,0,0,0,0,0,0,0,0,0,1,0,0,0,0,0,,,46055
bert_20260228023827,188466,20260203,1,2946901,liga,703448,PPLC,Kyiv,Kiev City,1210,Shevchenkivs'kyi,33738,30.52355,50.45044,ADM3,1,1,1,1,0,0,0,0,0,0,0,0,0,0,0,0,0,0,0,1,0,0,0,0,0,,,46055
bert_20260228023827,188471,20260203,1,2921471,espreso,703448,PPLC,Kyiv,Kiev City,1210,Shevchenkivs'kyi,33738,30.52355,50.45044,ADM3,1,1,1,1,0,0,0,0,1,0,1,0,0,0,0,0,0,0,0,1,0,0,0,0,0,,,46055
bert_20260228023827,203584,20260203,3,"2915124, 2908992, 2909016","espreso, liveuamap",704422,PPLA2,Pokrovsk,Donets'k,655,Krasnoarmiis'kyi,18918,37.1756,48.28035,ADM3,1,0,1,0,0,0,0,0,0,0,0,0,0,0,0,1,0,0,0,0,0,0,0,0,0,,,46055
bert_20260228023827,203585,20260203,1,2915125,espreso,704422,PPLA2,Pokrovsk,Donets'k,655,Krasnoarmiis'kyi,18918,37.1756,48.28035,ADM3,1,1,1,0,1,0,0,0,0,0,1,0,0,0,1,0,0,1,0,0,0,0,1,0,0,,,46055
bert_20260228023827,188467,20260203,1,2915126,espreso,703448,PPLC,Kyiv,Kiev City,1210,Shevchenkivs'kyi,33738,30.52355,50.45044,ADM3,1,1,1,1,0,0,0,0,0,0,0,0,0,0,0,0,0,1,0,1,0,0,0,1,0,,,46055
bert_20260228023827,250335,20260203,1,2915127,espreso,706483,PPLA,Kharkiv,Kharkiv,1191,Kharkivs'ka,17850,36.2312,49.99217,ADM3,1,1,1,1,0,0,0,0,0,0,0,0,0,0,0,0,0,1,0,1,0,0,0,1,0,,,46055
bert_20260228023827,287193,20260203,1,2915128,espreso,709930,PPLA,Dnipro,Dnipropetrovs'k,650,Dnipropetrovs'ka,9966,35.04618,48.46472,ADM3,1,1,1,1,0,0,0,0,0,0,0,0,0,0,0,0,0,1,0,1,0,0,0,1,0,,,46055
bert_20260228023827,258273,20260203,1,2915129,espreso,707471,PPLA,Ivano-Frankivsk,Ivano-Frankivs'k,1023,Ivano-Frankivs'ka,15846,24.71116,48.92268,ADM3,1,1,0,1,0,0,0,0,0,0,0,0,1,0,0,0,0,0,0,0,0,0,0,0,0,,,46055
bert_20260228023827,188472,20260203,2,"2915130, 2915399","espreso, liga",703448,PPLC,Kyiv,Kiev City,1210,Shevchenkivs'kyi,33738,30.52355,50.45044,ADM3,1,1,1,1,0,0,0,1,0,0,1,0,0,1,0,0,0,0,0,1,0,0,0,1,0,,,46055
bert_20260228023827,250344,20260203,2,"2915131, 2915398","espreso, liga",706483,PPLA,Kharkiv,Kharkiv,1191,Kharkivs'ka,17850,36.2312,49.99217,ADM3,1,1,1,1,0,0,0,1,0,0,1,0,0,1,0,0,0,0,0,1,0,0,0,1,0,,,46055
bert_20260228023827,89731,20260203,1,2915132,espreso,696032,PPLA2,Pustomyty,L'viv,1289,Pustomytivs'kyi,29580,23.91674,49.71749,ADM1,1,1,1,1,0,0,0,0,0,0,0,0,0,0,0,0,0,0,0,1,0,0,1,1,0,,,46055
bert_20260228023827,203586,20260203,1,2915133,espreso,704422,PPLA2,Pokrovsk,Donets'k,655,Krasnoarmiis'kyi,18918,37.1756,48.28035,ADM3,1,1,1,1,0,0,0,0,0,0,0,0,0,0,0,1,0,0,0,0,0,0,1,0,0,,,46055
bert_20260228023827,188455,20260203,1,2915134,espreso,703448,PPLC,Kyiv,Kiev City,1210,Shevchenkivs'kyi,33738,30.52355,50.45044,ADM3,0,0,0,0,0,0,0,0,0,0,0,0,0,0,0,0,0,0,0,0,0,0,0,0,0,,,46055
bert_20260228023827,19385,20260203,1,2915135,espreso,687700,PPLA,Zaporizhzhya,Zaporizhzhya,2730,Zaporiz'ka,41153,35.13885,47.83831,ADM3,1,1,0,1,0,0,0,0,0,0,1,0,0,0,0,0,0,0,0,1,0,0,0,1,0,,,46055
bert_20260228023827,250333,20260203,2,"2915136, 2921464","espreso, unian",706483,PPLA,Kharkiv,Kharkiv,1191,Kharkivs'ka,17850,36.2312,49.99217,ADM3,1,1,0,1,0,0,0,0,0,0,1,0,0,0,0,0,0,0,0,1,0,0,0,1,0,,,46055
bert_20260228023827,188470,20260203,1,2915390,liga,703448,PPLC,Kyiv,Kiev City,1210,Shevchenkivs'kyi,33738,30.52355,50.45044,ADM3,1,1,1,1,0,0,0,0,1,0,0,0,0,0,0,0,0,0,0,0,0,0,0,0,0,,,46055
bert_20260228023827,304247,20260203,1,2915391,liga,710791,PPLA,Cherkasy,Cherkasy,497,Cherkas'ka,7654,32.05977,49.44443,ADM3,0,0,0,0,0,1,1,0,0,0,0,0,0,0,0,0,0,0,0,0,0,0,0,1,0,,,46055
bert_20260228023827,19386,20260203,1,2915392,liga,687700,PPLA,Zaporizhzhya,Zaporizhzhya,2730,Zaporiz'ka,41153,35.13885,47.83831,ADM3,1,1,1,1,0,0,0,0,0,0,1,0,0,1,0,0,0,0,0,1,0,0,0,1,0,,,46055
bert_20260228023827,250342,20260203,1,2915393,liga,706483,PPLA,Kharkiv,Kharkiv,1191,Kharkivs'ka,17850,36.2312,49.99217,ADM3,1,1,1,1,0,0,0,0,0,0,1,0,0,1,0,0,0,0,0,1,0,0,0,1,0,,,46055
bert_20260228023827,188468,20260203,2,"2915394, 2908925",liga,703448,PPLC,Kyiv,Kiev City,1210,Shevchenkivs'kyi,33738,30.52355,50.45044,ADM3,1,1,1,1,0,0,0,0,0,0,0,0,0,1,0,0,0,0,0,1,0,0,0,1,0,,,46055
bert_20260228023827,250340,20260203,2,"2915395, 2908924",liga,706483,PPLA,Kharkiv,Kharkiv,1191,Kharkivs'ka,17850,36.2312,49.99217,ADM3,1,1,1,1,0,0,0,0,0,0,0,0,0,1,0,0,0,0,0,1,0,0,0,1,0,,,46055
bert_20260228023827,112434,20260203,1,2915396,liga,698740,PPLA,Odessa,Odessa,1800,Odes'ka,26260,30.73169,46.48421,ADM3,1,1,1,1,0,0,0,0,0,0,0,0,0,1,0,0,0,0,0,1,0,0,0,1,0,,,46055
bert_20260228023827,34512,20260203,1,2915397,liga,689558,PPLA,Vinnytsya,Vinnytsya,2611,Vinnyts'ka,39646,28.46868,49.23256,ADM3,1,1,1,1,0,0,0,0,0,0,0,0,0,1,0,0,0,0,0,1,0,0,0,1,0,,,46055
bert_20260228023827,345594,20260203,1,2915400,liga,805500,PPL,Voronyne,Sumy,2356,Bilopils'kyi,4621,34.12376,51.10624,ADM1,1,1,1,1,0,0,0,1,0,0,1,0,0,1,0,0,0,0,0,1,0,0,0,1,0,,,46055
bert_20260228023827,287197,20260203,1,2915401,liga,709930,PPLA,Dnipro,Dnipropetrovs'k,650,Dnipropetrovs'ka,9966,35.04618,48.46472,ADM3,1,1,1,1,0,0,0,1,0,0,1,0,0,1,0,0,0,0,0,1,0,0,0,1,0,,,46055
bert_20260228023827,188469,20260203,1,2921438,meduza,703448,PPLC,Kyiv,Kiev City,1210,Shevchenkivs'kyi,33738,30.52355,50.45044,ADM3,1,1,1,1,0,0,0,0,0,0,1,0,0,1,0,0,0,0,0,1,0,0,0,0,0,,,46055
bert_20260228023827,250341,20260203,1,2921439,meduza,706483,PPLA,Kharkiv,Kharkiv,1191,Kharkivs'ka,17850,36.2312,49.99217,ADM3,1,1,1,1,0,0,0,0,0,0,1,0,0,1,0,0,0,0,0,1,0,0,0,0,0,,,46055
bert_20260228023827,112435,20260203,1,2921440,meduza,698740,PPLA,Odessa,Odessa,1800,Odes'ka,26260,30.73169,46.48421,ADM3,1,1,1,1,0,0,0,0,0,0,1,0,0,1,0,0,0,0,0,1,0,0,0,0,0,,,46055
bert_20260228023827,287195,20260203,1,2921441,meduza,709930,PPLA,Dnipro,Dnipropetrovs'k,650,Dnipropetrovs'ka,9966,35.04618,48.46472,ADM3,1,1,1,1,0,0,0,0,0,0,1,0,0,1,0,0,0,0,0,1,0,0,0,0,0,,,46055
bert_20260228023827,34513,20260203,1,2921442,meduza,689558,PPLA,Vinnytsya,Vinnytsya,2611,Vinnyts'ka,39646,28.46868,49.23256,ADM3,1,1,1,1,0,0,0,0,0,0,1,0,0,1,0,0,0,0,0,1,0,0,0,0,0,,,46055
bert_20260228023827,188461,20260203,1,2921443,meduza,703448,PPLC,Kyiv,Kiev City,1210,Shevchenkivs'kyi,33738,30.52355,50.45044,ADM3,1,0,1,1,0,0,0,0,0,0,0,0,0,1,0,0,0,0,0,1,0,0,0,0,0,,,46055
bert_20260228023827,250330,20260203,1,2921444,meduza,706483,PPLA,Kharkiv,Kharkiv,1191,Kharkivs'ka,17850,36.2312,49.99217,ADM3,1,0,1,1,0,0,0,0,0,0,0,0,0,1,0,0,0,0,0,1,0,0,0,0,0,,,46055
bert_20260228023827,287189,20260203,1,2921445,meduza,709930,PPLA,Dnipro,Dnipropetrovs'k,650,Dnipropetrovs'ka,9966,35.04618,48.46472,ADM3,1,0,1,1,0,0,0,0,0,0,0,0,0,1,0,0,0,0,0,1,0,0,0,0,0,,,46055
bert_20260228023827,188464,20260203,1,2921446,meduza,703448,PPLC,Kyiv,Kiev City,1210,Shevchenkivs'kyi,33738,30.52355,50.45044,ADM3,1,1,0,1,0,0,0,0,0,0,0,0,0,1,0,0,0,0,0,1,0,0,0,0,0,,,46055
bert_20260228023827,306951,20260203,1,2921447,meduza,711562,PPL,Bortnychi,Kiev City,1210,Darnyts'kyi,9350,30.69133,50.3998,ADM2,1,1,0,1,0,0,0,0,0,0,0,0,0,1,0,0,0,0,0,1,0,0,0,0,0,,,46055
bert_20260228023827,188462,20260203,1,2921448,meduza,703448,PPLC,Kyiv,Kiev City,1210,Shevchenkivs'kyi,33738,30.52355,50.45044,ADM3,1,1,0,1,0,0,0,0,0,0,0,0,0,0,0,0,0,0,0,0,0,0,0,0,0,,,46055
bert_20260228023827,345591,20260203,1,2921449,unian,805500,PPL,Voronyne,Sumy,2356,Bilopils'kyi,4621,34.12376,51.10624,ADM1,1,1,0,1,0,0,0,0,0,0,0,0,0,1,0,0,0,0,0,1,0,0,0,1,0,,,46055
bert_20260228023827,250329,20260203,1,2921450,unian,706483,PPLA,Kharkiv,Kharkiv,1191,Kharkivs'ka,17850,36.2312,49.99217,ADM3,0,0,0,0,0,0,1,0,0,0,0,0,0,0,0,0,0,0,0,0,0,0,0,0,0,,,46055
bert_20260228023827,188465,20260203,2,"2921451, 2915123",unian,703448,PPLC,Kyiv,Kiev City,1210,Shevchenkivs'kyi,33738,30.52355,50.45044,ADM3,1,1,0,1,0,0,0,0,0,0,1,0,0,0,0,0,0,0,0,1,0,0,0,1,0,,,46055
bert_20260228023827,319041,20260203,1,2921452,unian,712609,PPL,Bilka,Odessa,1800,Ivanivs'kyi,15842,30.40579,46.90822,ADM1,1,1,0,1,0,0,0,0,0,0,0,0,0,1,0,0,0,0,0,1,0,0,0,1,0,,,46055
bert_20260228023827,38229,20260203,1,2921453,unian,690773,PPL,Ukrainka,Kiev,1209,Obukhivs'kyi,26204,30.74207,50.15372,ADM3,0,0,1,0,0,1,0,0,0,0,0,0,0,0,0,0,0,0,0,0,0,0,0,0,0,,,46055
bert_20260228023827,188458,20260203,1,2921454,unian,703448,PPLC,Kyiv,Kiev City,1210,Shevchenkivs'kyi,33738,30.52355,50.45044,ADM3,0,0,0,0,0,1,1,0,0,0,0,0,0,0,0,0,0,0,0,0,0,0,0,0,0,,,46055
bert_20260228023827,250343,20260203,1,2921455,unian,706483,PPLA,Kharkiv,Kharkiv,1191,Kharkivs'ka,17850,36.2312,49.99217,ADM3,1,1,1,1,0,0,0,0,1,0,0,0,0,1,0,0,0,0,0,1,0,0,0,1,0,,,46055
bert_20260228023827,263931,20260203,1,2921456,unian,708765,PPL,Hlynsk,Kirovohrad,1222,Svitlovods'kyi,35628,32.87986,48.94534,ADM3,0,0,1,0,0,0,0,0,0,0,0,0,0,0,0,0,0,0,0,0,0,0,0,0,0,,,46055
bert_20260228023827,263312,20260203,1,2921457,unian,708439,PPL,Kyrylivka,Zaporizhzhya,2730,Iakymivs'kyi,14819,35.36961,46.3718,ADM3,0,0,0,0,0,0,0,0,0,0,0,0,0,0,0,0,0,0,0,1,0,0,0,0,0,,,46055
bert_20260228023827,67829,20260203,1,2921458,unian,693805,PPLA2,Simferopol,Crimea,579,Simferopol's'ka,34229,34.09941,44.95363,ADM3,1,1,1,1,0,0,0,0,0,0,0,0,1,0,0,0,0,0,0,0,0,0,0,0,0,,,46055
bert_20260228023827,289806,20260203,1,2921459,unian,710403,PPLQ,Chornobyl,Kiev,1209,Ivankivs'kyi,15844,30.211,51.27784,ADM3,0,0,1,0,0,1,1,0,0,0,0,0,0,0,0,0,0,0,0,0,0,0,0,0,0,,,46055
bert_20260228023827,287190,20260203,1,2921460,unian,709930,PPLA,Dnipro,Dnipropetrovs'k,650,Dnipropetrovs'ka,9966,35.04618,48.46472,ADM3,1,1,0,1,0,0,0,0,0,0,0,0,0,0,0,0,0,0,1,1,0,0,0,1,0,,,46055
bert_20260228023827,373695,20260203,1,2921461,unian,9114542,PPL,Novyi,Luhans'k,1405,Krasnoluts'ka,18939,38.59081,48.49995,ADM3,1,1,0,0,0,0,1,0,0,0,0,0,0,0,0,0,0,0,0,0,0,0,0,0,0,,,46055
bert_20260228023827,250337,20260203,1,2921463,unian,706483,PPLA,Kharkiv,Kharkiv,1191,Kharkivs'ka,17850,36.2312,49.99217,ADM3,1,1,1,1,0,0,0,0,0,0,0,0,0,0,1,0,0,0,0,1,0,0,0,0,0,,,46055
bert_20260228023827,19382,20260203,1,2921465,unian,687700,PPLA,Zaporizhzhya,Zaporizhzhya,2730,Zaporiz'ka,41153,35.13885,47.83831,ADM3,1,1,0,1,0,0,0,0,0,0,0,0,0,0,0,0,0,0,0,1,0,0,0,1,0,,,46055
bert_20260228023827,188459,20260203,1,2921466,unian,703448,PPLC,Kyiv,Kiev City,1210,Shevchenkivs'kyi,33738,30.52355,50.45044,ADM3,1,0,0,1,0,0,0,0,0,0,0,0,0,0,0,0,0,0,0,1,0,0,0,1,0,,,46055
bert_20260228023827,188456,20260203,1,2921467,unian,703448,PPLC,Kyiv,Kiev City,1210,Shevchenkivs'kyi,33738,30.52355,50.45044,ADM3,0,0,0,0,0,0,1,0,0,0,0,0,0,0,0,0,0,0,0,0,0,0,0,0,0,,,46055
bert_20260228023827,345592,20260203,1,2908926,liga,805500,PPL,Voronyne,Sumy,2356,Bilopils'kyi,4621,34.12376,51.10624,ADM1,1,1,1,1,0,0,0,0,0,0,0,0,0,1,0,0,0,0,0,1,0,0,0,1,0,,,46055
bert_20260228023827,287194,20260203,1,2908927,liga,709930,PPLA,Dnipro,Dnipropetrovs'k,650,Dnipropetrovs'ka,9966,35.04618,48.46472,ADM3,1,1,1,1,0,0,0,0,0,0,0,0,0,1,0,0,0,0,0,1,0,0,0,1,0,,,46055
bert_20260228023827,287192,20260203,1,2908971,liveuamap,709930,PPLA,Dnipro,Dnipropetrovs'k,650,Dnipropetrovs'ka,9966,35.04618,48.46472,ADM3,1,1,1,0,0,0,0,0,0,0,1,0,0,0,0,0,0,0,0,0,0,0,0,0,0,,,46055
bert_20260228023827,250332,20260203,2,"2908972, 2908976",liveuamap,706483,PPLA,Kharkiv,Kharkiv,1191,Kharkivs'ka,17850,36.2312,49.99217,ADM3,1,1,0,1,0,0,0,0,0,0,0,0,0,1,0,0,0,0,0,1,0,0,0,1,0,,,46055
bert_20260228023827,34746,20260203,1,2908973,liveuamap,689736,PPLA2,Vesele,Zaporizhzhya,2730,Veselivs'kyi,39376,34.92113,47.01792,ADM3,1,1,0,1,0,0,0,0,0,0,1,0,0,0,0,0,0,0,0,0,0,0,0,1,0,,,46055
bert_20260228023827,19384,20260203,1,2908974,liveuamap,687700,PPLA,Zaporizhzhya,Zaporizhzhya,2730,Zaporiz'ka,41153,35.13885,47.83831,ADM3,1,1,0,1,0,0,0,0,0,0,1,0,0,0,0,0,0,0,0,0,0,0,0,1,0,,,46055
bert_20260228023827,360538,20260203,1,2908975,liveuamap,8419787,PPL,Zakumske,Sumy,2356,Sums'kyi,35426,34.64912,50.95537,ADM2,1,1,0,1,0,0,0,0,0,0,0,0,0,1,0,0,0,0,0,1,0,0,0,1,0,,,46055
bert_20260228023827,287191,20260203,2,"2908977, 2909003",liveuamap,709930,PPLA,Dnipro,Dnipropetrovs'k,650,Dnipropetrovs'ka,9966,35.04618,48.46472,ADM3,1,1,0,1,0,0,0,0,0,0,0,0,0,1,0,0,0,0,0,1,0,0,0,1,0,,,46055
bert_20260228023827,304248,20260203,1,2908978,liveuamap,710791,PPLA,Cherkasy,Cherkasy,497,Cherkas'ka,7654,32.05977,49.44443,ADM3,1,1,0,1,0,0,0,0,0,0,0,0,0,1,0,0,0,0,0,1,0,0,0,1,0,,,46055
bert_20260228023827,26173,20260203,1,2908979,liveuamap,688871,PPL,Vozdvyzhivka,Zaporizhzhya,2730,Novomykola‹vs'kyi,25913,36.07979,47.74727,ADM3,1,1,1,1,0,0,0,0,1,0,0,0,0,0,0,0,0,0,0,1,0,0,0,0,0,,,46055
bert_20260228023827,162556,20260203,1,2908980,liveuamap,703157,PPL,Luhivske,Zaporizhzhya,2730,Orikhivs'kyi,26748,36.03653,47.52548,ADM3,1,1,1,1,0,0,0,0,1,0,0,0,0,0,0,0,0,0,0,1,0,0,0,0,0,,,46055
bert_20260228023827,19387,20260203,2,"2908981, 2909015",liveuamap,687700,PPLA,Zaporizhzhya,Zaporizhzhya,2730,Zaporiz'ka,41153,35.13885,47.83831,ADM3,1,1,1,1,0,0,0,0,1,0,0,0,0,0,0,0,0,0,0,1,0,0,0,0,0,,,46055
bert_20260228023827,208619,20260203,2,"2908982, 2909032",liveuamap,705104,PPL,Kostiantynivka,Donets'k,655,Kostiantynivs'ka,18738,37.69368,48.53467,ADM3,1,1,1,1,0,0,0,0,0,0,0,0,0,0,0,1,0,0,0,0,0,0,0,0,0,,,46055
bert_20260228023827,257480,20260203,2,"2908983, 2909033",liveuamap,707464,PPL,Ivanopillia,Donets'k,655,Kostiantynivs'kyi,18739,37.76439,48.47357,ADM3,1,1,1,1,0,0,0,0,0,0,0,0,0,0,0,1,0,0,0,0,0,0,0,0,0,,,46055
bert_20260228023827,250336,20260203,1,2908984,liveuamap,706483,PPLA,Kharkiv,Kharkiv,1191,Kharkivs'ka,17850,36.2312,49.99217,ADM3,1,1,1,1,0,0,0,0,0,0,0,0,0,0,0,1,0,0,0,0,0,0,0,0,0,,,46055
bert_20260228023827,32684,20260203,1,2908985,liveuamap,689304,PPLA2,Vovchansk,Kharkiv,1191,Vovchans'kyi,39837,36.9368,50.29401,ADM3,1,1,1,1,0,0,0,0,0,0,0,0,0,0,0,1,0,0,0,0,0,0,0,0,0,,,46055
bert_20260228023827,197369,20260203,1,2908986,liveuamap,704204,PPL,Lyman,Donets'k,655,Krasnolymans'kyi,18941,37.82245,48.96409,ADM3,1,0,1,0,0,0,0,0,0,0,0,0,0,0,0,1,0,0,0,0,0,0,0,0,0,,,46055
bert_20260228023827,192450,20260203,2,"2908987, 2909034",liveuamap,703656,PPLA2,Kupiansk,Kharkiv,1191,Kupians'ka,19188,37.61478,49.7108,ADM3,1,0,1,0,0,0,0,0,0,0,0,0,0,0,0,1,0,0,0,0,0,0,0,0,0,,,46055
bert_20260228023827,381243,20260203,1,2908989,liveuamap,10323759,PPLX,Cheremushky,Donets'k,655,Mariupol's'ka,22073,37.50564,47.07557,ADM3,1,0,1,0,0,0,0,0,0,0,0,0,0,0,0,1,0,0,0,0,0,0,0,0,0,,,46055
bert_20260228023827,55627,20260203,1,2908990,liveuamap,693065,PPLX,Sotsmisto,Donets'k,655,Kramators'ka,18898,37.5844,48.73898,ADM3,1,0,1,1,0,0,0,0,0,0,0,0,0,0,0,1,0,0,0,0,0,0,0,0,0,,,46055
bert_20260228023827,89974,20260203,1,2908991,liveuamap,696218,PPL,Pryvillia,Luhans'k,1405,Popasnians'kyi,28982,38.30109,48.99971,ADM3,1,0,1,1,0,0,0,0,0,0,0,0,0,0,0,1,0,0,0,0,0,0,0,0,0,,,46055
bert_20260228023827,287958,20260203,2,"2908994, 2909017",liveuamap,710035,PPLA2,Myrnohrad,Donets'k,655,Krasnoarmiis'ka,18917,37.26806,48.29097,ADM3,1,0,1,0,0,0,0,0,0,0,0,0,0,0,0,1,0,0,0,0,0,0,0,0,0,,,46055
bert_20260228023827,261554,20260203,2,"2908995, 2909024",liveuamap,707898,PPLA2,Hulyaypole,Zaporizhzhya,2730,Huliaipil's'kyi,14713,36.25322,47.66644,ADM3,1,0,1,0,0,0,0,0,0,0,0,0,0,0,0,1,0,0,0,0,0,0,0,0,0,,,46055
bert_20260228023827,57726,20260203,1,2908997,liveuamap,693468,PPL,Sloviansk,Donets'k,655,Slovians'ka,34511,37.60582,48.85227,ADM3,1,0,1,0,0,0,0,0,0,0,1,0,0,0,0,0,0,0,0,0,0,0,0,0,0,,,46055
bert_20260228023827,209466,20260203,1,2908998,liveuamap,705135,PPLA2,Konotop,Sumy,2356,Konotops'kyi,18617,33.21017,51.23879,ADM3,1,1,0,1,0,0,0,0,0,0,0,0,0,1,0,0,0,0,0,1,0,0,0,0,0,,,46055
bert_20260228023827,49228,20260203,1,2908999,liveuamap,692194,PPLA,Sumy,Sumy,2356,Sums'ka,35425,34.80276,50.91198,ADM3,1,1,0,1,0,0,0,0,0,0,0,0,0,1,0,0,0,0,0,1,0,0,0,0,0,,,46055
bert_20260228023827,250331,20260203,1,2909000,liveuamap,706483,PPLA,Kharkiv,Kharkiv,1191,Kharkivs'ka,17850,36.2312,49.99217,ADM3,1,1,0,0,0,0,0,0,0,0,0,0,0,0,0,0,0,0,0,0,0,0,0,0,0,,,46055
bert_20260228023827,44279,20260203,1,2909001,liveuamap,691628,PPL,Ternivka,Dnipropetrovs'k,650,Pavlohrads'kyi,27920,36.07139,48.52214,ADM3,1,1,1,1,0,0,0,0,0,0,1,0,0,0,0,0,0,0,0,0,0,0,0,1,0,,,46055
bert_20260228023827,44278,20260203,1,2909002,liveuamap,691628,PPL,Ternivka,Dnipropetrovs'k,650,Pavlohrads'kyi,27920,36.07139,48.52214,ADM3,1,1,0,1,0,0,0,0,0,0,0,0,0,1,0,0,0,0,0,1,0,0,0,1,0,,,46055
bert_20260228023827,289392,20260203,1,2909004,liveuamap,710374,PPLA2,Chuhuiv,Kharkiv,1191,Chuhu‹vs'kyi,8040,36.67945,49.83527,ADM3,1,1,0,1,0,0,0,0,0,0,1,0,0,0,0,0,0,0,0,0,0,0,0,1,0,,,46055
bert_20260228023827,57728,20260203,1,2909005,liveuamap,693468,PPL,Sloviansk,Donets'k,655,Slovians'ka,34511,37.60582,48.85227,ADM3,1,1,0,1,0,0,0,0,1,0,0,0,0,0,0,0,0,0,0,1,0,0,0,1,0,,,46055
bert_20260228023827,19383,20260203,1,2909006,liveuamap,687700,PPLA,Zaporizhzhya,Zaporizhzhya,2730,Zaporiz'ka,41153,35.13885,47.83831,ADM3,1,1,0,1,0,0,0,0,0,0,0,0,0,1,0,0,0,0,0,1,0,0,0,1,0,,,46055
bert_20260228023827,250338,20260203,1,2909007,liveuamap,706483,PPLA,Kharkiv,Kharkiv,1191,Kharkivs'ka,17850,36.2312,49.99217,ADM3,1,1,1,1,0,0,0,0,0,0,0,0,0,0,1,0,0,0,1,0,0,0,0,0,0,,,46055
bert_20260228023827,275157,20260203,1,2909008,liveuamap,709717,PPLA,Donetsk,Donets'k,655,Donets'ka,10139,37.80285,48.01588,ADM3,1,1,1,1,0,0,0,0,0,0,0,0,0,0,1,0,0,0,1,0,0,0,0,0,0,,,46055
bert_20260228023827,235335,20260203,2,"2909009, 2909040",liveuamap,706448,PPLA,Kherson,Kherson,1195,Khersons'ka,17890,32.61496,46.64032,ADM3,1,1,1,1,0,0,0,0,0,0,1,0,0,0,0,0,0,0,0,0,0,0,0,0,0,,,46055
bert_20260228023827,345593,20260203,1,2909010,liveuamap,805500,PPL,Voronyne,Sumy,2356,Bilopils'kyi,4621,34.12376,51.10624,ADM1,1,1,1,1,0,0,0,0,1,0,0,0,0,0,0,0,0,0,0,1,0,0,0,0,0,,,46055
bert_20260228023827,115289,20260203,1,2909011,liveuamap,699185,PPLA3,Novoselivka,Donets'k,655,Krasnolymans'kyi,18941,37.69735,49.07541,ADM3,1,1,1,1,0,0,0,0,1,0,0,0,0,0,0,0,0,0,0,1,0,0,0,0,0,,,46055
bert_20260228023827,287196,20260203,1,2909012,liveuamap,709930,PPLA,Dnipro,Dnipropetrovs'k,650,Dnipropetrovs'ka,9966,35.04618,48.46472,ADM3,1,1,1,1,0,0,0,0,1,0,0,0,0,0,0,0,0,0,0,1,0,0,0,0,0,,,46055
bert_20260228023827,44353,20260203,1,2909013,liveuamap,691639,PPL,Ternuvate,Dnipropetrovs'k,650,Pokrovs'kyi,28862,36.13247,47.82975,ADM3,1,1,1,1,0,0,0,0,1,0,0,0,0,0,0,0,0,0,0,1,0,0,0,0,0,,,46055
bert_20260228023827,252911,20260203,1,2909014,liveuamap,706941,PPL,Komyshuvakha,Zaporizhzhya,2730,Orikhivs'kyi,26748,35.52466,47.71952,ADM3,1,1,1,1,0,0,0,0,1,0,0,0,0,0,0,0,0,0,0,1,0,0,0,0,0,,,46055
bert_20260228023827,261943,20260203,1,2909019,liveuamap,708060,PPL,Hryshyne,Donets'k,655,Krasnoarmiis'kyi,18918,37.0798,48.32938,ADM3,1,0,1,0,0,0,0,0,0,0,0,0,0,0,0,1,0,0,0,0,0,0,0,0,0,,,46055
bert_20260228023827,365121,20260203,1,2909020,liveuamap,9112183,PPL,Novopavlivka,Donets'k,655,Krasnoarmiis'kyi,18918,37.22614,48.24869,ADM3,1,0,1,0,0,0,0,0,0,0,0,0,0,0,0,1,0,0,0,0,0,0,0,0,0,,,46055
bert_20260228023827,257337,20260203,1,2909021,liveuamap,707414,PPL,Ivanivka,Luhans'k,1405,Antratsytivs'kyi,1932,38.9352,48.23788,ADM3,1,0,1,0,0,0,0,0,0,0,0,0,0,0,0,1,0,0,0,0,0,0,0,0,0,,,46055
bert_20260228023827,50096,20260203,1,2909022,liveuamap,692248,PPL,Stepnohirsk,Zaporizhzhya,2730,Vasylivs'kyi,39200,35.36408,47.58871,ADM3,1,0,1,0,0,0,0,0,0,0,0,0,0,0,0,1,0,0,0,0,0,0,0,0,0,,,46055
bert_20260228023827,376819,20260203,1,2909023,liveuamap,9532052,PPL,Huliaipilske,Zaporizhzhya,2730,Huliaipil's'kyi,14713,36.06122,47.61272,ADM3,1,0,1,0,0,0,0,0,0,0,0,0,0,0,0,1,0,0,0,0,0,0,0,0,0,,,46055
bert_20260228023827,387950,20260203,1,2909025,liveuamap,11151973,PPL,Stepove,Dnipropetrovs'k,650,Krynychans'kyi,19030,34.53593,48.44595,ADM3,1,0,1,0,0,0,0,0,0,0,0,0,0,0,0,1,0,0,0,0,0,0,0,0,0,,,46055
bert_20260228023827,20579,20260203,1,2909026,liveuamap,688228,PPL,Dibrovy,Kirovohrad,1222,Oleksandriis'kyi,26476,33.06403,48.78726,ADM3,1,0,1,0,0,0,0,0,0,0,0,0,0,0,0,1,0,0,0,0,0,0,0,0,0,,,46055
bert_20260228023827,250334,20260203,1,2909027,liveuamap,706483,PPLA,Kharkiv,Kharkiv,1191,Kharkivs'ka,17850,36.2312,49.99217,ADM3,1,1,1,0,0,0,0,0,0,0,0,0,0,0,0,1,0,0,0,0,0,0,0,0,0,,,46055
bert_20260228023827,32683,20260203,1,2909028,liveuamap,689304,PPLA2,Vovchansk,Kharkiv,1191,Vovchans'kyi,39837,36.9368,50.29401,ADM3,1,1,1,0,0,0,0,0,0,0,0,0,0,0,0,1,0,0,0,0,0,0,0,0,0,,,46055
bert_20260228023827,217561,20260203,1,2909030,liveuamap,705425,PPLA3,Kolodeznoye,Crimea,579,Krasnohvardiis'kyi,18931,34.33636,45.22611,ADM3,1,1,1,0,0,0,0,0,0,0,0,0,0,0,0,1,0,0,0,0,0,0,0,0,0,,,46055
bert_20260228023827,57727,20260203,1,2909031,liveuamap,693468,PPL,Sloviansk,Donets'k,655,Slovians'ka,34511,37.60582,48.85227,ADM3,1,0,1,0,0,0,0,0,0,0,1,0,0,0,0,1,0,0,0,0,0,0,0,0,0,,,46055
bert_20260228023827,55626,20260203,1,2909035,liveuamap,693065,PPLX,Sotsmisto,Donets'k,655,Kramators'ka,18898,37.5844,48.73898,ADM3,1,0,1,0,0,0,0,0,0,0,0,0,0,0,0,1,0,0,0,0,0,0,0,0,0,,,46055
bert_20260228023827,19381,20260203,1,2909036,liveuamap,687700,PPLA,Zaporizhzhya,Zaporizhzhya,2730,Zaporiz'ka,41153,35.13885,47.83831,ADM3,1,0,1,0,0,0,0,0,0,0,0,0,0,0,0,1,0,0,0,0,0,0,0,0,0,,,46055
bert_20260228023827,360539,20260203,1,2909037,liveuamap,8419787,PPL,Zakumske,Sumy,2356,Sums'kyi,35426,34.64912,50.95537,ADM2,1,1,1,1,0,0,0,0,0,0,0,0,0,0,1,0,0,0,0,0,0,0,0,0,0,,,46055
bert_20260228023827,57729,20260203,1,2909038,liveuamap,693468,PPL,Sloviansk,Donets'k,655,Slovians'ka,34511,37.60582,48.85227,ADM3,1,1,1,1,0,0,0,0,0,0,0,0,0,1,0,0,0,0,0,1,0,0,0,0,0,,,46055
bert_20260228023827,287188,20260203,1,2909039,liveuamap,709930,PPLA,Dnipro,Dnipropetrovs'k,650,Dnipropetrovs'ka,9966,35.04618,48.46472,ADM3,1,0,0,1,0,0,0,0,0,0,1,0,0,0,0,0,0,0,0,0,0,0,0,1,0,,,46055
bert_20260228023827,235336,20260203,1,2915120,unian,706448,PPLA,Kherson,Kherson,1195,Khersons'ka,17890,32.61496,46.64032,ADM3,1,1,1,1,0,0,0,0,0,0,1,0,0,1,1,0,0,0,1,1,0,0,0,0,0,,,46055
bert_20260228023827,377889,20260203,1,2915121,unian,9872356,PPL,Soniachne,Kherson,1195,Khersons'ka,17890,32.70169,46.80538,ADM3,0,0,0,0,0,0,1,0,0,0,0,0,0,0,0,0,0,0,0,0,0,0,0,0,0,,,46055
bert_20260228023827,250339,20260203,1,2915122,unian,706483,PPLA,Kharkiv,Kharkiv,1191,Kharkivs'ka,17850,36.2312,49.99217,ADM3,1,1,1,1,0,0,0,0,0,0,0,0,0,1,0,0,0,0,0,1,0,0,0,0,0,,,46055
bert_20260228023827,143769,20260204,1,3041327,liga,701822,PPL,Mariupol,Donets'k,655,Mariupol's'ka,22073,37.54144,47.0967,ADM3,1,1,1,0,0,1,0,0,0,0,0,0,0,0,0,0,0,0,0,0,0,0,0,0,0,,,46056
bert_20260228023827,258274,20260204,1,3022543,liga,707471,PPLA,Ivano-Frankivsk,Ivano-Frankivs'k,1023,Ivano-Frankivs'ka,15846,24.71116,48.92268,ADM3,0,0,0,0,0,0,1,0,0,0,0,0,0,0,0,0,0,0,0,0,0,0,0,0,0,,,46056
bert_20260228023827,188475,20260204,1,3010037,liga,703448,PPLC,Kyiv,Kiev City,1210,Shevchenkivs'kyi,33738,30.52355,50.45044,ADM3,0,0,0,0,0,1,0,0,0,0,0,0,0,0,0,0,0,0,0,0,0,0,0,0,0,,,46056
bert_20260228023827,250345,20260204,1,2984928,liga,706483,PPLA,Kharkiv,Kharkiv,1191,Kharkivs'ka,17850,36.2312,49.99217,ADM3,0,0,0,0,0,0,0,0,0,0,0,0,0,0,0,0,0,0,0,0,0,0,0,0,0,,,46056
bert_20260228023827,250346,20260204,1,2984929,liga,706483,PPLA,Kharkiv,Kharkiv,1191,Kharkivs'ka,17850,36.2312,49.99217,ADM3,0,0,0,0,0,0,0,0,0,0,1,0,0,0,0,0,0,0,0,0,0,0,0,0,0,,,46056
bert_20260228023827,188477,20260204,1,2972241,liga,703448,PPLC,Kyiv,Kiev City,1210,Shevchenkivs'kyi,33738,30.52355,50.45044,ADM3,0,0,1,0,0,0,1,0,0,0,0,0,0,0,0,0,0,0,0,0,0,0,0,0,0,,,46056
bert_20260228023827,323926,20260204,1,2972242,liga,712956,PPL,Bakhmutivka,Luhans'k,1405,Novoaidars'kyi,25882,39.04452,48.86708,ADM3,0,0,1,0,0,0,1,0,0,0,0,0,0,0,0,0,0,0,0,0,0,0,0,0,0,,,46056
bert_20260228023827,357666,20260204,1,2972243,liga,8250815,PPL,Karpaty,Transcarpathia,2491,Mukachivs'kyi,24017,22.8742,48.52159,ADM3,0,0,0,0,0,1,1,0,0,0,0,0,0,0,0,0,0,0,0,1,0,0,0,0,0,,,46056
bert_20260228023827,188478,20260204,1,2965851,liga,703448,PPLC,Kyiv,Kiev City,1210,Shevchenkivs'kyi,33738,30.52355,50.45044,ADM3,1,1,0,1,0,0,0,0,0,0,0,0,0,0,0,0,0,0,0,1,0,0,0,0,0,,,46056
bert_20260228023827,188483,20260204,1,2946907,liga,703448,PPLC,Kyiv,Kiev City,1210,Shevchenkivs'kyi,33738,30.52355,50.45044,ADM3,1,1,1,1,0,0,0,0,0,0,0,0,0,0,0,0,0,0,0,1,0,0,0,0,0,,,46056
bert_20260228023827,19392,20260204,1,2921472,espreso,687700,PPLA,Zaporizhzhya,Zaporizhzhya,2730,Zaporiz'ka,41153,35.13885,47.83831,ADM3,1,1,0,1,0,0,0,0,0,0,1,0,0,0,0,0,0,0,0,1,0,0,0,1,0,,,46056
bert_20260228023827,250351,20260204,2,"2921473, 2915411","espreso, liveuamap",706483,PPLA,Kharkiv,Kharkiv,1191,Kharkivs'ka,17850,36.2312,49.99217,ADM3,1,1,0,1,0,0,0,0,0,0,1,0,0,0,0,0,0,0,0,1,0,0,0,1,0,,,46056
bert_20260228023827,112436,20260204,3,"2921474, 2927756, 2921468","espreso, unian",698740,PPLA,Odessa,Odessa,1800,Odes'ka,26260,30.73169,46.48421,ADM3,1,1,0,1,0,0,0,0,0,0,1,0,0,0,0,0,0,0,0,1,0,0,0,1,0,,,46056
bert_20260228023827,203588,20260204,2,"2921475, 2921482",espreso,704422,PPLA2,Pokrovsk,Donets'k,655,Krasnoarmiis'kyi,18918,37.1756,48.28035,ADM3,1,1,1,1,0,0,0,0,0,0,0,0,0,0,0,1,0,0,0,0,0,0,0,0,0,,,46056
bert_20260228023827,322982,20260204,1,2921476,espreso,712734,PPL,Baydivka,Luhans'k,1405,Starobil's'kyi,35084,38.90252,49.15874,ADM1,0,1,1,1,0,0,0,0,0,0,0,0,0,0,1,0,0,0,1,0,0,0,0,0,0,,,46056
bert_20260228023827,143768,20260204,1,2921477,espreso,701822,PPL,Mariupol,Donets'k,655,Mariupol's'ka,22073,37.54144,47.0967,ADM3,0,1,0,1,0,0,0,0,0,0,0,0,0,0,0,0,0,0,1,1,0,0,0,1,0,,,46056
bert_20260228023827,188474,20260204,1,2921478,espreso,703448,PPLC,Kyiv,Kiev City,1210,Shevchenkivs'kyi,33738,30.52355,50.45044,ADM3,1,0,0,0,0,0,0,0,0,0,0,0,0,0,0,0,0,0,0,0,0,0,0,0,0,,,46056
bert_20260228023827,203589,20260204,1,2921479,espreso,704422,PPLA2,Pokrovsk,Donets'k,655,Krasnoarmiis'kyi,18918,37.1756,48.28035,ADM3,1,1,1,1,0,0,0,0,0,0,0,0,0,0,1,0,0,0,0,0,0,0,0,0,0,,,46056
bert_20260228023827,154170,20260204,1,2921480,espreso,702550,PPLA,Lviv,L'viv,1289,L'vivs'ka,19402,24.0299,49.83932,ADM3,1,1,1,1,0,0,0,0,0,0,0,0,0,1,0,0,0,0,0,0,0,0,0,1,0,,,46056
bert_20260228023827,188473,20260204,3,"2921481, 2927767, 2921470","espreso, unian",703448,PPLC,Kyiv,Kiev City,1210,Shevchenkivs'kyi,33738,30.52355,50.45044,ADM3,0,0,0,0,0,0,0,0,0,0,0,0,0,0,0,0,0,0,0,0,0,0,0,0,0,,,46056
bert_20260228023827,19393,20260204,1,2921730,liga,687700,PPLA,Zaporizhzhya,Zaporizhzhya,2730,Zaporiz'ka,41153,35.13885,47.83831,ADM3,1,1,1,1,0,0,0,0,0,0,0,0,0,0,0,0,0,0,0,1,0,0,0,0,0,,,46056
bert_20260228023827,89732,20260204,1,2921731,liga,696032,PPLA2,Pustomyty,L'viv,1289,Pustomytivs'kyi,29580,23.91674,49.71749,ADM1,0,0,1,0,0,1,0,0,0,0,0,0,1,0,0,0,0,0,0,0,0,0,1,1,0,,,46056
bert_20260228023827,250347,20260204,1,2927754,unian,706483,PPLA,Kharkiv,Kharkiv,1191,Kharkivs'ka,17850,36.2312,49.99217,ADM3,0,0,0,0,0,0,1,0,0,0,0,0,0,0,0,0,0,0,0,0,0,0,0,0,0,,,46056
bert_20260228023827,154169,20260204,1,2927755,unian,702550,PPLA,Lviv,L'viv,1289,L'vivs'ka,19402,24.0299,49.83932,ADM3,0,0,0,0,0,0,1,0,0,0,0,0,0,0,0,0,0,0,0,0,0,0,0,0,0,,,46056
bert_20260228023827,55629,20260204,1,2927757,unian,693065,PPLX,Sotsmisto,Donets'k,655,Kramators'ka,18898,37.5844,48.73898,ADM3,1,1,1,1,0,0,0,0,0,0,0,0,0,0,1,0,0,0,0,0,0,0,1,0,0,,,46056
bert_20260228023827,397098,20260204,1,2927758,unian,,,,,,,,36.58734,50.59556,ADM3,1,1,0,1,0,0,0,0,0,0,0,0,0,1,0,0,0,0,0,1,0,0,0,0,0,,,46056
bert_20260228023827,103651,20260204,1,2927759,unian,698679,PPL,Okno,Ternopil',2432,Husiatyns'kyi,14774,26.06828,49.34468,ADM3,0,1,1,0,0,0,1,0,0,0,0,0,0,0,1,0,0,0,0,0,0,0,0,0,0,,,46056
bert_20260228023827,372401,20260204,1,2927760,unian,9114253,PPL,Tykhe,Dnipropetrovs'k,650,Pokrovs'kyi,28862,36.37518,47.96537,ADM3,0,0,0,0,0,0,1,0,0,0,0,0,0,0,0,0,0,0,0,0,0,0,0,0,0,,,46056
bert_20260228023827,188485,20260204,1,2927761,unian,703448,PPLC,Kyiv,Kiev City,1210,Shevchenkivs'kyi,33738,30.52355,50.45044,ADM3,1,1,1,1,0,0,0,0,1,0,0,0,0,1,0,0,0,0,0,1,0,0,1,0,0,,,46056
bert_20260228023827,188476,20260204,1,2927762,unian,703448,PPLC,Kyiv,Kiev City,1210,Shevchenkivs'kyi,33738,30.52355,50.45044,ADM3,1,0,1,0,0,0,0,0,0,0,0,0,0,0,0,0,0,0,0,1,0,0,0,0,0,,,46056
bert_20260228023827,256,20260204,1,2927763,unian,616743,PPL,Druzhkivka,Donets'k,655,Kostiantynivs'kyi,18739,37.52495,48.61986,ADM3,1,1,0,1,0,0,0,0,0,0,0,0,0,0,0,0,0,0,0,1,0,0,0,1,0,,,46056
bert_20260228023827,38230,20260204,1,2927764,unian,690773,PPL,Ukrainka,Kiev,1209,Obukhivs'kyi,26204,30.74207,50.15372,ADM3,1,0,1,0,0,0,0,0,0,0,0,0,0,0,0,0,0,0,0,0,0,0,0,0,0,,,46056
bert_20260228023827,188482,20260204,1,2927765,unian,703448,PPLC,Kyiv,Kiev City,1210,Shevchenkivs'kyi,33738,30.52355,50.45044,ADM3,1,1,1,1,0,0,0,0,0,0,0,0,0,0,0,0,0,0,0,0,0,0,1,0,0,,,46056
bert_20260228023827,82447,20260204,1,2927766,unian,695094,PPLX,Ruttschenkowo,Donets'k,655,Donets'ka,10139,37.67529,47.95508,ADM1,1,1,1,1,0,0,0,0,0,0,0,0,0,0,1,0,0,0,1,0,0,0,0,0,0,,,46056
bert_20260228023827,2626,20260204,1,2927768,unian,686967,PPLA,Zhytomyr,Zhytomyr,2739,Zhytomyrs'ka,41342,28.6587,50.25461,ADM3,0,0,1,0,0,1,1,0,0,0,0,0,0,0,0,0,0,0,0,0,0,0,0,0,0,,,46056
bert_20260228023827,38231,20260204,1,2927769,unian,690773,PPL,Ukrainka,Kiev,1209,Obukhivs'kyi,26204,30.74207,50.15372,ADM3,1,0,1,0,0,0,1,0,0,0,0,0,0,0,0,0,0,0,0,0,0,0,0,0,0,,,46056
bert_20260228023827,37183,20260204,1,2927770,unian,690664,PPL,Vesna,Donets'k,655,Dobropil's'kyi,9997,37.07165,48.58738,ADM3,0,0,0,0,0,1,1,0,0,0,0,0,0,0,0,0,0,0,0,0,0,0,0,0,0,,,46056
bert_20260228023827,112438,20260204,1,2915402,liga,698740,PPLA,Odessa,Odessa,1800,Odes'ka,26260,30.73169,46.48421,ADM3,1,1,1,1,0,0,0,0,0,0,0,0,0,1,0,0,0,0,0,1,0,0,0,1,0,,,46056
bert_20260228023827,250353,20260204,1,2915403,liga,706483,PPLA,Kharkiv,Kharkiv,1191,Kharkivs'ka,17850,36.2312,49.99217,ADM3,1,1,1,1,0,0,0,0,0,0,0,0,0,1,0,0,0,0,0,1,0,0,0,1,0,,,46056
bert_20260228023827,287200,20260204,1,2915404,liga,709930,PPLA,Dnipro,Dnipropetrovs'k,650,Dnipropetrovs'ka,9966,35.04618,48.46472,ADM3,1,1,1,1,0,0,0,0,0,0,0,0,0,1,0,0,0,0,0,1,0,0,0,1,0,,,46056
bert_20260228023827,112437,20260204,1,2915405,liga,698740,PPLA,Odessa,Odessa,1800,Odes'ka,26260,30.73169,46.48421,ADM3,1,1,1,1,0,0,0,0,0,0,0,0,0,0,0,0,0,0,0,0,0,0,0,0,0,,,46056
bert_20260228023827,250352,20260204,1,2915406,liga,706483,PPLA,Kharkiv,Kharkiv,1191,Kharkivs'ka,17850,36.2312,49.99217,ADM3,1,1,1,1,0,0,0,0,0,0,0,0,0,0,0,0,0,0,0,0,0,0,0,0,0,,,46056
bert_20260228023827,19390,20260204,1,2915407,liveuamap,687700,PPLA,Zaporizhzhya,Zaporizhzhya,2730,Zaporiz'ka,41153,35.13885,47.83831,ADM3,1,1,0,1,0,0,0,0,0,0,0,0,0,0,0,0,0,0,0,0,0,0,0,1,0,,,46056
bert_20260228023827,397099,20260204,1,2915408,liveuamap,,,,,,,,36.58734,50.59556,ADM3,1,1,1,0,0,0,0,0,0,0,0,0,0,1,0,0,0,0,0,1,0,0,0,0,0,,,46056
bert_20260228023827,19391,20260204,1,2915409,liveuamap,687700,PPLA,Zaporizhzhya,Zaporizhzhya,2730,Zaporiz'ka,41153,35.13885,47.83831,ADM3,1,1,0,1,0,0,0,0,0,0,1,0,0,0,0,0,0,0,0,0,0,0,0,1,0,,,46056
bert_20260228023827,188481,20260204,1,2915410,liveuamap,703448,PPLC,Kyiv,Kiev City,1210,Shevchenkivs'kyi,33738,30.52355,50.45044,ADM3,1,1,1,0,0,0,0,0,0,0,0,0,0,0,0,0,0,0,0,1,0,0,0,0,0,,,46056
bert_20260228023827,19388,20260204,1,2915412,liveuamap,687700,PPLA,Zaporizhzhya,Zaporizhzhya,2730,Zaporiz'ka,41153,35.13885,47.83831,ADM3,1,0,0,1,0,0,0,0,0,0,0,0,0,0,0,0,1,0,0,1,0,0,0,0,0,,,46056
bert_20260228023827,250348,20260204,1,2915413,liveuamap,706483,PPLA,Kharkiv,Kharkiv,1191,Kharkivs'ka,17850,36.2312,49.99217,ADM3,1,0,0,0,0,0,1,0,0,0,1,0,0,0,0,0,0,0,0,1,0,0,0,1,0,,,46056
bert_20260228023827,250350,20260204,1,2915414,liveuamap,706483,PPLA,Kharkiv,Kharkiv,1191,Kharkivs'ka,17850,36.2312,49.99217,ADM3,1,0,1,0,0,0,0,0,0,0,0,0,0,0,1,0,0,0,0,0,0,0,0,0,0,,,46056
bert_20260228023827,287198,20260204,1,2915415,liveuamap,709930,PPLA,Dnipro,Dnipropetrovs'k,650,Dnipropetrovs'ka,9966,35.04618,48.46472,ADM3,0,0,0,0,0,0,0,0,0,0,0,0,0,0,0,0,0,0,0,0,0,0,0,0,0,,,46056
bert_20260228023827,306952,20260204,1,2915416,liveuamap,711562,PPL,Bortnychi,Kiev City,1210,Darnyts'kyi,9350,30.69133,50.3998,ADM2,0,0,0,0,0,0,0,0,0,0,0,0,0,0,0,0,0,0,0,0,0,0,0,0,0,,,46056
bert_20260228023827,235337,20260204,1,2915417,liveuamap,706448,PPLA,Kherson,Kherson,1195,Khersons'ka,17890,32.61496,46.64032,ADM3,1,0,0,1,0,0,0,0,0,0,1,0,0,0,0,0,0,0,0,1,0,0,0,1,0,,,46056
bert_20260228023827,57730,20260204,1,2915418,liveuamap,693468,PPL,Sloviansk,Donets'k,655,Slovians'ka,34511,37.60582,48.85227,ADM3,1,0,1,0,0,0,0,0,0,0,1,0,0,0,0,1,0,0,0,0,0,0,0,0,0,,,46056
bert_20260228023827,20581,20260204,1,2915419,liveuamap,688228,PPL,Dibrovy,Kirovohrad,1222,Oleksandriis'kyi,26476,33.06403,48.78726,ADM3,1,1,1,1,0,0,0,0,1,0,0,0,0,0,0,0,0,0,0,0,0,0,0,0,0,,,46056
bert_20260228023827,287201,20260204,1,2915420,liveuamap,709930,PPLA,Dnipro,Dnipropetrovs'k,650,Dnipropetrovs'ka,9966,35.04618,48.46472,ADM3,1,1,1,1,0,0,0,0,1,0,0,0,0,0,0,0,0,0,0,0,0,0,0,0,0,,,46056
bert_20260228023827,26174,20260204,1,2915421,liveuamap,688871,PPL,Vozdvyzhivka,Zaporizhzhya,2730,Novomykola‹vs'kyi,25913,36.07979,47.74727,ADM3,1,1,1,1,0,0,0,0,1,0,0,0,0,0,0,0,0,0,0,0,0,0,0,0,0,,,46056
bert_20260228023827,338899,20260204,1,2915422,liveuamap,802277,PPL,Protsenko,Donets'k,655,Amvrosi‹vs'kyi,1671,38.206,47.738,ADM3,1,1,1,1,0,0,0,0,1,0,0,0,0,0,0,0,0,0,0,0,0,0,0,0,0,,,46056
bert_20260228023827,381244,20260204,1,2915423,liveuamap,10323759,PPLX,Cheremushky,Donets'k,655,Mariupol's'ka,22073,37.50564,47.07557,ADM3,1,1,1,1,0,0,0,0,1,0,0,0,0,0,0,0,0,0,0,0,0,0,0,0,0,,,46056
bert_20260228023827,19394,20260204,1,2915424,liveuamap,687700,PPLA,Zaporizhzhya,Zaporizhzhya,2730,Zaporiz'ka,41153,35.13885,47.83831,ADM3,1,1,1,1,0,0,0,0,1,0,0,0,0,0,0,0,0,0,0,0,0,0,0,0,0,,,46056
bert_20260228023827,250349,20260204,1,2915425,liveuamap,706483,PPLA,Kharkiv,Kharkiv,1191,Kharkivs'ka,17850,36.2312,49.99217,ADM3,1,0,1,0,0,0,0,0,0,0,0,0,0,0,0,1,0,0,0,0,0,0,0,0,0,,,46056
bert_20260228023827,32685,20260204,1,2915426,liveuamap,689304,PPLA2,Vovchansk,Kharkiv,1191,Vovchans'kyi,39837,36.9368,50.29401,ADM3,1,0,1,0,0,0,0,0,0,0,0,0,0,0,0,1,0,0,0,0,0,0,0,0,0,,,46056
bert_20260228023827,192451,20260204,1,2915427,liveuamap,703656,PPLA2,Kupiansk,Kharkiv,1191,Kupians'ka,19188,37.61478,49.7108,ADM3,1,0,1,0,0,0,0,0,0,0,0,0,0,0,0,1,0,0,0,0,0,0,0,0,0,,,46056
bert_20260228023827,20580,20260204,1,2915428,liveuamap,688228,PPL,Dibrovy,Kirovohrad,1222,Oleksandriis'kyi,26476,33.06403,48.78726,ADM3,1,0,1,0,0,0,0,0,0,0,0,0,0,0,0,1,0,0,0,0,0,0,0,0,0,,,46056
bert_20260228023827,55628,20260204,1,2915429,liveuamap,693065,PPLX,Sotsmisto,Donets'k,655,Kramators'ka,18898,37.5844,48.73898,ADM3,1,0,1,0,0,0,0,0,0,0,0,0,0,0,0,1,0,0,0,0,0,0,0,0,0,,,46056
bert_20260228023827,203587,20260204,1,2915430,liveuamap,704422,PPLA2,Pokrovsk,Donets'k,655,Krasnoarmiis'kyi,18918,37.1756,48.28035,ADM3,1,0,1,0,0,0,0,0,0,0,0,0,0,0,0,1,0,0,0,0,0,0,0,0,0,,,46056
bert_20260228023827,287959,20260204,1,2915431,liveuamap,710035,PPLA2,Myrnohrad,Donets'k,655,Krasnoarmiis'ka,18917,37.26806,48.29097,ADM3,1,0,1,0,0,0,0,0,0,0,0,0,0,0,0,1,0,0,0,0,0,0,0,0,0,,,46056
bert_20260228023827,261555,20260204,1,2915432,liveuamap,707898,PPLA2,Hulyaypole,Zaporizhzhya,2730,Huliaipil's'kyi,14713,36.25322,47.66644,ADM3,1,0,1,0,0,0,0,0,0,0,0,0,0,0,0,1,0,0,0,0,0,0,0,0,0,,,46056
bert_20260228023827,268928,20260204,1,2915433,liveuamap,709671,PPL,Dorozhnianka,Zaporizhzhya,2730,Huliaipil's'kyi,14713,36.26004,47.58678,ADM3,1,0,1,0,0,0,0,0,0,0,0,0,0,0,0,1,0,0,0,0,0,0,0,0,0,,,46056
bert_20260228023827,235338,20260204,1,2915434,liveuamap,706448,PPLA,Kherson,Kherson,1195,Khersons'ka,17890,32.61496,46.64032,ADM3,1,1,1,1,0,0,0,0,0,0,0,0,0,0,1,0,0,0,0,0,0,0,1,0,0,,,46056
bert_20260228023827,188480,20260204,1,2915435,liveuamap,703448,PPLC,Kyiv,Kiev City,1210,Shevchenkivs'kyi,33738,30.52355,50.45044,ADM3,1,1,0,1,0,0,0,0,0,0,1,0,0,1,0,0,0,0,0,1,0,0,0,1,0,,,46056
bert_20260228023827,19389,20260204,1,2915436,liveuamap,687700,PPLA,Zaporizhzhya,Zaporizhzhya,2730,Zaporiz'ka,41153,35.13885,47.83831,ADM3,1,1,0,0,1,0,0,0,0,0,1,0,0,0,0,0,0,0,0,0,0,0,0,0,0,,,46056
bert_20260228023827,188479,20260204,1,2915437,liveuamap,703448,PPLC,Kyiv,Kiev City,1210,Shevchenkivs'kyi,33738,30.52355,50.45044,ADM3,1,1,0,1,0,0,0,0,0,0,1,0,0,1,0,0,0,0,0,1,0,0,0,0,0,,,46056
bert_20260228023827,287199,20260204,1,2915438,liveuamap,709930,PPLA,Dnipro,Dnipropetrovs'k,650,Dnipropetrovs'ka,9966,35.04618,48.46472,ADM3,1,1,1,0,0,0,0,0,0,0,1,0,0,0,0,0,0,0,0,0,0,0,0,0,0,,,46056
bert_20260228023827,34515,20260204,1,2915439,liveuamap,689558,PPLA,Vinnytsya,Vinnytsya,2611,Vinnyts'ka,39646,28.46868,49.23256,ADM3,1,1,1,1,0,0,0,0,1,0,1,0,0,0,0,0,0,1,0,1,0,0,0,1,0,,,46056
bert_20260228023827,41478,20260204,1,2915440,liveuamap,691305,PPL,Trypillia,Kiev,1209,Obukhivs'kyi,26204,30.7705,50.11607,ADM3,1,1,1,1,0,0,0,1,1,0,0,0,0,1,0,0,0,0,0,1,0,0,0,1,0,,,46056
bert_20260228023827,188486,20260204,1,2915441,liveuamap,703448,PPLC,Kyiv,Kiev City,1210,Shevchenkivs'kyi,33738,30.52716,50.44856,ADM3,1,1,1,1,0,0,0,1,1,0,0,0,0,1,0,0,0,0,0,1,0,0,0,1,0,,,46056
bert_20260228023827,131266,20260204,1,2915442,liveuamap,700569,PPLA,Mykolayiv,Mykolayiv,1628,Mykola‹vs'ka,24267,31.99381,46.97557,ADM3,1,1,1,0,0,0,0,1,0,0,0,0,0,1,0,0,0,0,0,0,0,0,0,0,0,,,46056
bert_20260228023827,29709,20260204,1,2915443,liveuamap,689103,PPL,Volovytsia,Chernihiv,498,Borznians'kyi,5262,32.00406,51.35543,ADM1,1,1,1,0,0,0,0,1,0,0,0,0,0,1,0,0,0,0,0,0,0,0,0,0,0,,,46056
bert_20260228023827,34514,20260204,1,2915444,liveuamap,689558,PPLA,Vinnytsya,Vinnytsya,2611,Vinnyts'ka,39646,28.46868,49.23256,ADM3,1,0,1,0,0,0,0,1,0,0,0,0,0,0,0,0,1,0,0,0,0,0,0,0,0,,,46056
bert_20260228023827,188484,20260204,1,2915445,liveuamap,703448,PPLC,Kyiv,Kiev City,1210,Shevchenkivs'kyi,33738,30.52355,50.45044,ADM3,1,1,1,1,0,0,0,0,1,0,0,0,0,0,0,0,0,0,0,0,0,0,0,0,0,,,46056
bert_20260228023827,205890,20260204,1,2921469,unian,704568,PPL,Kozerohy,Chernihiv,498,Chernihivs'kyi,7661,31.0412,51.30626,ADM3,0,0,0,0,0,0,1,0,0,0,0,0,0,0,0,0,0,0,0,0,0,0,0,0,0,,,46056
bert_20260228023827,143770,20260205,1,3041336,liga,701822,PPL,Mariupol,Donets'k,655,Mariupol's'ka,22073,37.54144,47.0967,ADM3,1,1,1,0,0,1,0,0,0,0,0,0,0,0,0,0,0,0,0,0,0,0,0,0,0,,,46057
bert_20260228023827,258275,20260205,1,3022552,liga,707471,PPLA,Ivano-Frankivsk,Ivano-Frankivs'k,1023,Ivano-Frankivs'ka,15846,24.71116,48.92268,ADM3,0,0,0,0,0,0,1,0,0,0,0,0,0,0,0,0,0,0,0,0,0,0,0,0,0,,,46057
bert_20260228023827,188489,20260205,1,3010046,liga,703448,PPLC,Kyiv,Kiev City,1210,Shevchenkivs'kyi,33738,30.52355,50.45044,ADM3,0,0,0,0,0,1,0,0,0,0,0,0,0,0,0,0,0,0,0,0,0,0,0,0,0,,,46057
bert_20260228023827,250354,20260205,2,"2984938, 2934045","liga, unian",706483,PPLA,Kharkiv,Kharkiv,1191,Kharkivs'ka,17850,36.2312,49.99217,ADM3,0,0,0,0,0,0,0,0,0,0,0,0,0,0,0,0,0,0,0,0,0,0,0,0,0,,,46057
bert_20260228023827,250355,20260205,1,2984939,liga,706483,PPLA,Kharkiv,Kharkiv,1191,Kharkivs'ka,17850,36.2312,49.99217,ADM3,0,0,0,0,0,0,0,0,0,0,1,0,0,0,0,0,0,0,0,0,0,0,0,0,0,,,46057
bert_20260228023827,188493,20260205,2,"2972253, 2934066","liga, espreso",703448,PPLC,Kyiv,Kiev City,1210,Shevchenkivs'kyi,33738,30.52355,50.45044,ADM3,0,0,1,0,0,0,1,0,0,0,0,0,0,0,0,0,0,0,0,0,0,0,0,0,0,,,46057
bert_20260228023827,323927,20260205,1,2972254,liga,712956,PPL,Bakhmutivka,Luhans'k,1405,Novoaidars'kyi,25882,39.04452,48.86708,ADM3,0,0,1,0,0,0,1,0,0,0,0,0,0,0,0,0,0,0,0,0,0,0,0,0,0,,,46057
bert_20260228023827,357667,20260205,1,2972255,liga,8250815,PPL,Karpaty,Transcarpathia,2491,Mukachivs'kyi,24017,22.8742,48.52159,ADM3,0,0,0,0,0,1,1,0,0,0,0,0,0,0,0,0,0,0,0,1,0,0,0,0,0,,,46057
bert_20260228023827,188495,20260205,2,"2965860, 2934056","liga, unian",703448,PPLC,Kyiv,Kiev City,1210,Shevchenkivs'kyi,33738,30.52355,50.45044,ADM3,1,1,0,1,0,0,0,0,0,0,0,0,0,0,0,0,0,0,0,1,0,0,0,0,0,,,46057
bert_20260228023827,188501,20260205,1,2946916,liga,703448,PPLC,Kyiv,Kiev City,1210,Shevchenkivs'kyi,33738,30.52355,50.45044,ADM3,1,1,1,1,0,0,0,0,0,0,0,0,0,0,0,0,0,0,0,1,0,0,0,0,0,,,46057
bert_20260228023827,203590,20260205,1,2927774,espreso,704422,PPLA2,Pokrovsk,Donets'k,655,Krasnoarmiis'kyi,18918,37.1756,48.28035,ADM3,1,0,1,0,0,0,0,0,0,0,0,0,0,0,0,1,0,0,0,0,0,0,1,0,0,,,46057
bert_20260228023827,188497,20260205,1,2927775,espreso,703448,PPLC,Kyiv,Kiev City,1210,Shevchenkivs'kyi,33738,30.52355,50.45044,ADM3,1,1,0,1,0,0,0,0,0,0,1,0,0,1,0,0,0,0,0,1,0,0,0,1,0,,,46057
bert_20260228023827,23646,20260205,1,2927776,espreso,688591,PPL,Yahidne,Volyn,2623,Turiis'kyi,38205,24.34296,51.02669,ADM3,1,1,1,0,0,0,0,0,0,0,0,0,0,0,1,0,0,0,1,0,0,0,0,0,0,,,46057
bert_20260228023827,29710,20260205,1,2927777,espreso,689103,PPL,Volovytsia,Chernihiv,498,Borznians'kyi,5262,32.00406,51.35543,ADM1,1,1,1,0,0,0,0,0,0,0,0,0,0,0,1,0,0,0,1,0,0,0,0,0,0,,,46057
bert_20260228023827,203592,20260205,1,2927778,espreso,704422,PPLA2,Pokrovsk,Donets'k,655,Krasnoarmiis'kyi,18918,37.1756,48.28035,ADM3,1,1,1,1,0,0,0,0,0,0,0,0,0,0,0,0,0,0,0,0,0,0,0,0,0,,,46057
bert_20260228023827,188498,20260205,1,2927779,espreso,703448,PPLC,Kyiv,Kiev City,1210,Shevchenkivs'kyi,33738,30.52355,50.45044,ADM3,1,1,1,0,0,0,0,0,0,0,0,0,0,0,0,0,0,0,0,0,0,0,0,0,0,,,46057
bert_20260228023827,19397,20260205,1,2927780,espreso,687700,PPLA,Zaporizhzhya,Zaporizhzhya,2730,Zaporiz'ka,41153,35.13885,47.83831,ADM3,1,1,1,1,0,0,0,0,0,0,1,0,0,1,1,0,0,0,0,1,0,0,0,0,0,,,46057
bert_20260228023827,143771,20260205,1,2927781,espreso,701822,PPL,Mariupol,Donets'k,655,Mariupol's'ka,22073,37.54144,47.0967,ADM3,1,1,1,1,0,0,0,0,0,0,0,0,0,0,1,0,0,0,1,0,0,0,0,0,0,,,46057
bert_20260228023827,203591,20260205,1,2927782,espreso,704422,PPLA2,Pokrovsk,Donets'k,655,Krasnoarmiis'kyi,18918,37.1756,48.28035,ADM3,1,1,1,0,0,0,0,0,0,0,0,0,0,0,0,1,0,0,0,0,0,0,0,0,0,,,46057
bert_20260228023827,89734,20260205,1,2927783,espreso,696032,PPLA2,Pustomyty,L'viv,1289,Pustomytivs'kyi,29580,23.91674,49.71749,ADM1,1,1,1,0,0,0,0,0,0,0,0,0,0,0,0,0,0,0,0,0,0,0,1,0,0,,,46057
bert_20260228023827,188487,20260205,2,"2927784, 2934044","espreso, unian",703448,PPLC,Kyiv,Kiev City,1210,Shevchenkivs'kyi,33738,30.52355,50.45044,ADM3,0,0,0,0,0,0,0,0,0,0,0,0,0,0,0,0,0,0,0,0,0,0,0,0,0,,,46057
bert_20260228023827,386042,20260205,1,2928027,liga,10951287,PPL,Vesele,Zaporizhzhya,2730,Tokmats'kyi,37511,35.7672,47.17894,ADM1,1,1,0,1,0,0,0,0,0,0,0,0,0,0,0,0,0,0,0,1,0,0,0,1,0,,,46057
bert_20260228023827,112441,20260205,1,2928028,liga,698740,PPLA,Odessa,Odessa,1800,Odes'ka,26260,30.73169,46.48421,ADM3,1,0,1,0,0,1,1,0,0,0,0,0,1,0,0,0,0,0,0,0,0,0,0,1,0,,,46057
bert_20260228023827,89733,20260205,1,2928029,liga,696032,PPLA2,Pustomyty,L'viv,1289,Pustomytivs'kyi,29580,23.91674,49.71749,ADM1,1,0,1,0,1,0,0,0,0,0,0,0,0,0,1,0,0,0,0,0,0,0,1,0,0,,,46057
bert_20260228023827,188491,20260205,1,2928030,liga,703448,PPLC,Kyiv,Kiev City,1210,Shevchenkivs'kyi,33738,30.52355,50.45044,ADM3,0,0,1,0,0,0,0,0,0,0,0,0,0,0,0,0,0,0,0,0,0,0,0,0,0,,,46057
bert_20260228023827,154171,20260205,1,2928031,liga,702550,PPLA,Lviv,L'viv,1289,L'vivs'ka,19402,24.0299,49.83932,ADM3,0,0,1,0,0,1,1,0,0,0,0,0,0,0,0,0,1,0,0,1,0,0,0,1,0,,,46057
bert_20260228023827,112440,20260205,1,2928032,liga,698740,PPLA,Odessa,Odessa,1800,Odes'ka,26260,30.73169,46.48421,ADM3,0,0,0,0,0,1,0,0,0,0,0,0,0,0,0,0,0,0,0,0,0,0,0,0,0,,,46057
bert_20260228023827,203595,20260205,1,2934046,unian,704422,PPLA2,Pokrovsk,Donets'k,655,Krasnoarmiis'kyi,18918,37.1756,48.28035,ADM3,1,1,1,1,1,0,0,0,1,0,0,0,0,1,1,1,0,0,0,0,0,0,0,0,0,,,46057
bert_20260228023827,188496,20260205,1,2934047,unian,703448,PPLC,Kyiv,Kiev City,1210,Shevchenkivs'kyi,33738,30.52355,50.45044,ADM3,1,1,0,1,0,0,0,0,0,0,0,0,0,0,0,0,0,0,0,1,0,0,0,1,0,,,46057
bert_20260228023827,289807,20260205,1,2934048,unian,710403,PPLQ,Chornobyl,Kiev,1209,Ivankivs'kyi,15844,30.211,51.27784,ADM3,1,0,1,0,1,0,0,0,0,0,0,0,0,0,0,0,0,0,0,1,0,0,0,0,0,,,46057
bert_20260228023827,188488,20260205,3,"2934049, 2934054, 2934062",unian,703448,PPLC,Kyiv,Kiev City,1210,Shevchenkivs'kyi,33738,30.52355,50.45044,ADM3,0,0,0,0,0,0,1,0,0,0,0,0,0,0,0,0,0,0,0,0,0,0,0,0,0,,,46057
bert_20260228023827,217160,20260205,1,2934050,unian,705183,PPL,Slobozhans'ke,Kharkiv,1191,Zmiïvs'kyi,41407,36.50512,49.61494,ADM1,1,1,1,1,0,0,0,0,0,0,0,0,0,0,0,0,0,0,0,1,0,0,1,0,0,,,46057
bert_20260228023827,19396,20260205,1,2934051,unian,687700,PPLA,Zaporizhzhya,Zaporizhzhya,2730,Zaporiz'ka,41153,35.13885,47.83831,ADM3,1,1,1,1,0,0,0,0,0,0,0,0,0,0,0,0,0,0,0,0,0,0,0,0,0,,,46057
bert_20260228023827,188492,20260205,1,2934052,unian,703448,PPLC,Kyiv,Kiev City,1210,Shevchenkivs'kyi,33738,30.52355,50.45044,ADM3,1,0,1,0,0,0,0,0,0,0,0,0,0,0,0,0,0,0,0,0,0,0,0,0,0,,,46057
bert_20260228023827,188490,20260205,1,2934053,unian,703448,PPLC,Kyiv,Kiev City,1210,Shevchenkivs'kyi,33738,30.52355,50.45044,ADM3,0,0,0,0,0,1,1,0,0,0,0,0,0,0,0,0,0,0,0,0,0,0,0,0,0,,,46057
bert_20260228023827,38232,20260205,1,2934055,unian,690773,PPL,Ukrainka,Kiev,1209,Obukhivs'kyi,26204,30.74207,50.15372,ADM3,1,0,1,1,0,0,0,0,0,0,1,0,0,0,0,0,0,0,0,0,0,0,0,0,0,,,46057
bert_20260228023827,112439,20260205,1,2934057,unian,698740,PPLA,Odessa,Odessa,1800,Odes'ka,26260,30.73169,46.48421,ADM3,0,0,0,0,0,0,1,0,0,0,0,0,0,0,0,0,0,0,0,0,0,0,0,0,0,,,46057
bert_20260228023827,188499,20260205,1,2934058,unian,703448,PPLC,Kyiv,Kiev City,1210,Shevchenkivs'kyi,33738,30.52355,50.45044,ADM3,0,1,1,0,0,1,0,0,0,0,0,0,0,0,0,0,0,0,0,0,0,0,0,0,0,,,46057
bert_20260228023827,82448,20260205,1,2934059,unian,695094,PPLX,Ruttschenkowo,Donets'k,655,Donets'ka,10139,37.67529,47.95508,ADM1,1,1,0,1,0,0,0,0,0,0,0,0,0,0,1,0,0,0,0,0,0,0,0,0,0,,,46057
bert_20260228023827,217161,20260205,1,2934060,unian,705183,PPL,Slobozhans'ke,Kharkiv,1191,Zmiïvs'kyi,41407,36.50512,49.61494,ADM1,1,1,1,1,0,0,0,0,0,0,0,0,0,0,1,0,0,1,1,0,0,0,0,0,0,,,46057
bert_20260228023827,373696,20260205,1,2934061,unian,9114542,PPL,Novyi,Luhans'k,1405,Krasnoluts'ka,18939,38.59081,48.49995,ADM3,1,1,1,0,0,0,0,0,0,0,0,1,0,0,0,0,0,0,0,0,0,0,0,0,0,,,46057
bert_20260228023827,188502,20260205,1,2921732,liga,703448,PPLC,Kyiv,Kiev City,1210,Shevchenkivs'kyi,33738,30.52355,50.45044,ADM3,1,1,1,1,0,0,0,0,0,0,0,0,0,0,0,0,0,0,0,1,0,0,0,1,0,,,46057
bert_20260228023827,49229,20260205,1,2921733,liga,692194,PPLA,Sumy,Sumy,2356,Sums'ka,35425,34.80276,50.91198,ADM3,1,1,1,1,0,0,0,0,0,0,0,0,0,0,0,0,0,0,0,1,0,0,0,1,0,,,46057
bert_20260228023827,188500,20260205,1,2921734,liga,703448,PPLC,Kyiv,Kiev City,1210,Shevchenkivs'kyi,33738,30.52355,50.45044,ADM3,1,1,1,1,0,0,0,0,0,0,0,0,0,0,0,0,0,0,0,0,0,0,1,0,0,,,46057
bert_20260228023827,250356,20260205,1,2921735,liveuamap,706483,PPLA,Kharkiv,Kharkiv,1191,Kharkivs'ka,17850,36.2312,49.99217,ADM3,1,1,1,1,0,0,0,1,0,0,1,0,0,0,0,0,0,0,0,1,0,0,0,1,0,,,46057
bert_20260228023827,397100,20260205,1,2921736,liveuamap,,,,,,,,39.70961,47.22165,ADM3,1,1,0,0,1,0,0,0,0,0,0,0,0,0,0,0,1,1,0,0,0,0,0,0,0,,,46057
bert_20260228023827,188494,20260205,1,2921737,liveuamap,703448,PPLC,Kyiv,Kiev City,1210,Shevchenkivs'kyi,33738,30.52355,50.45044,ADM3,1,1,0,0,0,0,0,0,0,0,1,0,0,0,0,0,0,0,0,0,0,0,0,0,0,,,46057
bert_20260228023827,257,20260205,1,2921738,liveuamap,616743,PPL,Druzhkivka,Donets'k,655,Kostiantynivs'kyi,18739,37.52495,48.61986,ADM3,1,1,0,1,0,0,0,0,0,0,0,0,0,0,0,0,0,0,0,0,0,0,0,1,0,,,46057
bert_20260228023827,258,20260205,1,2921739,liveuamap,616743,PPL,Druzhkivka,Donets'k,655,Kostiantynivs'kyi,18739,37.52495,48.61986,ADM3,1,1,0,1,0,0,0,0,1,0,0,0,0,0,0,0,0,0,0,1,0,0,0,1,0,,,46057
bert_20260228023827,287202,20260205,1,2921740,liveuamap,709930,PPLA,Dnipro,Dnipropetrovs'k,650,Dnipropetrovs'ka,9966,35.04618,48.46472,ADM3,1,1,1,0,1,0,0,0,0,0,1,0,0,0,0,0,0,0,0,1,0,0,0,0,0,,,46057
bert_20260228023827,112442,20260205,1,2921741,liveuamap,698740,PPLA,Odessa,Odessa,1800,Odes'ka,26260,30.73169,46.48421,ADM3,1,1,0,1,0,0,0,0,0,0,1,0,0,0,0,0,0,0,0,0,0,0,0,1,0,,,46057
bert_20260228023827,19395,20260205,1,2921742,liveuamap,687700,PPLA,Zaporizhzhya,Zaporizhzhya,2730,Zaporiz'ka,41153,35.13885,47.83831,ADM3,1,1,0,1,0,0,0,0,0,0,0,0,0,1,0,0,0,0,0,1,0,0,0,1,0,,,46057
bert_20260228023827,197370,20260205,1,2921743,liveuamap,704204,PPL,Lyman,Donets'k,655,Krasnolymans'kyi,18941,37.82245,48.96409,ADM3,1,0,1,0,0,0,0,0,0,0,0,0,0,0,0,1,0,0,0,0,0,0,0,0,0,,,46057
bert_20260228023827,203593,20260205,1,2921745,liveuamap,704422,PPLA2,Pokrovsk,Donets'k,655,Krasnoarmiis'kyi,18918,37.1756,48.28035,ADM3,1,1,1,1,0,0,0,0,0,0,0,0,0,0,0,1,0,0,0,0,0,0,0,0,0,,,46057
bert_20260228023827,287960,20260205,1,2921747,liveuamap,710035,PPLA2,Myrnohrad,Donets'k,655,Krasnoarmiis'ka,18917,37.26806,48.29097,ADM3,1,1,1,1,0,0,0,0,0,0,0,0,0,0,0,1,0,0,0,0,0,0,0,0,0,,,46057
bert_20260228023827,257481,20260205,1,2921748,liveuamap,707464,PPL,Ivanopillia,Donets'k,655,Kostiantynivs'kyi,18739,37.76439,48.47357,ADM3,1,1,1,1,0,0,0,0,0,0,0,0,0,0,0,1,0,0,0,0,0,0,0,0,0,,,46057
bert_20260228023827,261556,20260205,1,2921749,liveuamap,707898,PPLA2,Hulyaypole,Zaporizhzhya,2730,Huliaipil's'kyi,14713,36.25322,47.66644,ADM3,1,0,1,0,0,0,0,0,0,0,0,0,0,0,0,1,0,0,0,0,0,0,0,0,0,,,46057
bert_20260228023827,55630,20260205,1,2921751,liveuamap,693065,PPLX,Sotsmisto,Donets'k,655,Kramators'ka,18898,37.5844,48.73898,ADM3,1,0,1,0,0,0,0,0,0,0,0,0,0,0,0,1,0,0,0,0,0,0,0,0,0,,,46057
bert_20260228023827,90747,20260205,1,2921752,liveuamap,696357,PPL,Predtechyne,Donets'k,655,Kostiantynivs'kyi,18739,37.80136,48.51891,STREET,1,0,1,0,0,0,0,0,0,0,0,0,0,0,0,1,0,0,0,0,0,0,0,0,0,,,46057
bert_20260228023827,381245,20260205,1,2921753,liveuamap,10323759,PPLX,Cheremushky,Donets'k,655,Mariupol's'ka,22073,37.50564,47.07557,ADM3,1,0,1,0,0,0,0,0,0,0,0,0,0,0,0,1,0,0,0,0,0,0,0,0,0,,,46057
bert_20260228023827,360540,20260205,1,2921754,liveuamap,8419787,PPL,Zakumske,Sumy,2356,Sums'kyi,35426,34.64912,50.95537,ADM2,1,1,1,1,0,0,0,0,0,0,0,0,0,0,1,1,0,0,0,0,0,0,1,0,0,,,46057
bert_20260228023827,275185,20260205,1,2921755,liveuamap,709755,PPLA2,Dolyna,Ivano-Frankivs'k,1023,Dolyns'kyi,10083,23.97896,48.97823,ADM3,1,1,1,1,0,0,0,0,1,0,0,0,0,0,0,0,0,0,0,0,0,0,0,0,0,,,46057
bert_20260228023827,287203,20260205,1,2921757,liveuamap,709930,PPLA,Dnipro,Dnipropetrovs'k,650,Dnipropetrovs'ka,9966,35.04618,48.46472,ADM3,1,1,1,1,0,0,0,0,1,0,0,0,0,0,0,0,0,0,0,0,0,0,0,0,0,,,46057
bert_20260228023827,20763,20260205,1,2921758,liveuamap,688257,PPL,Yehorivka,Odessa,1800,Rozdil'nias'kyi,30835,30.40433,46.72186,ADM3,1,1,1,1,0,0,0,0,1,0,0,0,0,0,0,0,0,0,0,0,0,0,0,0,0,,,46057
bert_20260228023827,162557,20260205,1,2921759,liveuamap,703157,PPL,Luhivske,Zaporizhzhya,2730,Orikhivs'kyi,26748,36.03653,47.52548,ADM3,1,1,1,1,0,0,0,0,1,0,0,0,0,0,0,0,0,0,0,0,0,0,0,0,0,,,46057
bert_20260228023827,19398,20260205,1,2921760,liveuamap,687700,PPLA,Zaporizhzhya,Zaporizhzhya,2730,Zaporiz'ka,41153,35.13885,47.83831,ADM3,1,1,1,1,0,0,0,0,1,0,0,0,0,0,0,0,0,0,0,0,0,0,0,0,0,,,46057
bert_20260228023827,57731,20260205,1,2921761,liveuamap,693468,PPL,Sloviansk,Donets'k,655,Slovians'ka,34511,37.60582,48.85227,ADM3,1,0,1,0,0,0,0,0,0,0,0,0,0,0,0,0,0,0,0,0,0,0,0,0,0,,,46057
bert_20260228023827,192452,20260205,1,2921762,liveuamap,703656,PPLA2,Kupiansk,Kharkiv,1191,Kupians'ka,19188,37.61478,49.7108,ADM3,1,0,1,0,0,0,0,0,0,0,0,0,0,0,0,1,0,0,0,0,0,0,0,0,0,,,46057
bert_20260228023827,100684,20260205,1,2927771,unian,698020,PPL,Pankivka,Luhans'k,1405,Luhans'ka,20910,39.34878,48.69979,ADM3,1,1,1,0,1,0,0,0,0,0,0,0,0,0,1,0,0,0,0,0,0,0,0,0,0,,,46057
bert_20260228023827,208620,20260205,1,2927772,unian,705104,PPL,Kostiantynivka,Donets'k,655,Kostiantynivs'ka,18738,37.69368,48.53467,ADM3,1,1,1,1,0,0,0,0,0,0,0,0,0,0,1,0,0,0,0,0,0,0,0,0,0,,,46057
bert_20260228023827,203594,20260205,1,2927773,unian,704422,PPLA2,Pokrovsk,Donets'k,655,Krasnoarmiis'kyi,18918,37.1756,48.28035,ADM3,1,1,1,1,0,0,0,0,0,0,0,0,0,0,1,0,0,0,0,0,0,0,0,0,0,,,46057
bert_20260228023827,143772,20260206,1,3041345,liga,701822,PPL,Mariupol,Donets'k,655,Mariupol's'ka,22073,37.54144,47.0967,ADM3,1,1,1,0,0,1,0,0,0,0,0,0,0,0,0,0,0,0,0,0,0,0,0,0,0,,,46058
bert_20260228023827,258276,20260206,1,3022561,liga,707471,PPLA,Ivano-Frankivsk,Ivano-Frankivs'k,1023,Ivano-Frankivs'ka,15846,24.71116,48.92268,ADM3,0,0,0,0,0,0,1,0,0,0,0,0,0,0,0,0,0,0,0,0,0,0,0,0,0,,,46058
bert_20260228023827,188506,20260206,1,3010055,liga,703448,PPLC,Kyiv,Kiev City,1210,Shevchenkivs'kyi,33738,30.52355,50.45044,ADM3,0,0,0,0,0,1,0,0,0,0,0,0,0,0,0,0,0,0,0,0,0,0,0,0,0,,,46058
bert_20260228023827,250357,20260206,1,2984948,liga,706483,PPLA,Kharkiv,Kharkiv,1191,Kharkivs'ka,17850,36.2312,49.99217,ADM3,0,0,0,0,0,0,0,0,0,0,0,0,0,0,0,0,0,0,0,0,0,0,0,0,0,,,46058
bert_20260228023827,250358,20260206,1,2984949,liga,706483,PPLA,Kharkiv,Kharkiv,1191,Kharkivs'ka,17850,36.2312,49.99217,ADM3,0,0,0,0,0,0,0,0,0,0,1,0,0,0,0,0,0,0,0,0,0,0,0,0,0,,,46058
bert_20260228023827,188509,20260206,1,2972265,liga,703448,PPLC,Kyiv,Kiev City,1210,Shevchenkivs'kyi,33738,30.52355,50.45044,ADM3,0,0,1,0,0,0,1,0,0,0,0,0,0,0,0,0,0,0,0,0,0,0,0,0,0,,,46058
bert_20260228023827,323928,20260206,1,2972266,liga,712956,PPL,Bakhmutivka,Luhans'k,1405,Novoaidars'kyi,25882,39.04452,48.86708,ADM3,0,0,1,0,0,0,1,0,0,0,0,0,0,0,0,0,0,0,0,0,0,0,0,0,0,,,46058
bert_20260228023827,357668,20260206,1,2972267,liga,8250815,PPL,Karpaty,Transcarpathia,2491,Mukachivs'kyi,24017,22.8742,48.52159,ADM3,0,0,0,0,0,1,1,0,0,0,0,0,0,0,0,0,0,0,0,1,0,0,0,0,0,,,46058
bert_20260228023827,188512,20260206,1,2965869,liga,703448,PPLC,Kyiv,Kiev City,1210,Shevchenkivs'kyi,33738,30.52355,50.45044,ADM3,1,1,0,1,0,0,0,0,0,0,0,0,0,0,0,0,0,0,0,1,0,0,0,0,0,,,46058
bert_20260228023827,188513,20260206,2,"2946925, 2940367","liga, unian",703448,PPLC,Kyiv,Kiev City,1210,Shevchenkivs'kyi,33738,30.52355,50.45044,ADM3,1,1,1,1,0,0,0,0,0,0,0,0,0,0,0,0,0,0,0,1,0,0,0,0,0,,,46058
bert_20260228023827,259,20260206,1,2940373,espreso,616743,PPL,Druzhkivka,Donets'k,655,Kostiantynivs'kyi,18739,37.52495,48.61986,ADM3,0,0,1,0,0,0,0,0,0,0,0,0,0,0,1,0,0,0,0,0,0,0,0,0,0,,,46058
bert_20260228023827,203601,20260206,1,2934068,espreso,704422,PPLA2,Pokrovsk,Donets'k,655,Krasnoarmiis'kyi,18918,37.1756,48.28035,ADM3,1,1,1,1,0,0,0,0,1,0,0,0,0,1,0,1,0,0,0,0,0,0,1,0,0,,,46058
bert_20260228023827,19400,20260206,4,"2934069, 2934320, 2928034, 2934064","espreso, liga, unian",687700,PPLA,Zaporizhzhya,Zaporizhzhya,2730,Zaporiz'ka,41153,35.13885,47.83831,ADM3,1,1,0,1,0,0,0,0,0,0,0,0,0,0,0,0,0,0,0,1,0,0,0,1,0,,,46058
bert_20260228023827,19403,20260206,1,2934070,espreso,687700,PPLA,Zaporizhzhya,Zaporizhzhya,2730,Zaporiz'ka,41153,35.13885,47.83831,ADM3,1,1,0,1,0,0,0,0,0,0,1,0,0,1,0,0,0,0,0,1,0,0,0,1,0,,,46058
bert_20260228023827,303413,20260206,1,2934071,espreso,710771,PPL,Chorna Dolyna,Kherson,1195,Kakhovs'kyi,16943,33.48173,46.55783,ADM1,1,1,1,1,0,0,0,0,0,0,0,0,0,0,0,0,0,0,1,0,0,0,0,0,0,,,46058
bert_20260228023827,203602,20260206,1,2934072,espreso,704422,PPLA2,Pokrovsk,Donets'k,655,Krasnoarmiis'kyi,18918,37.1756,48.28035,ADM3,1,1,1,1,1,0,0,0,0,0,0,0,0,0,1,0,0,0,0,0,0,0,0,0,0,,,46058
bert_20260228023827,19401,20260206,1,2934073,espreso,687700,PPLA,Zaporizhzhya,Zaporizhzhya,2730,Zaporiz'ka,41153,35.13885,47.83831,ADM3,1,1,0,1,0,0,0,0,0,0,0,0,0,0,0,0,0,0,0,1,0,1,1,1,0,,,46058
bert_20260228023827,203596,20260206,2,"2934074, 2928049","espreso, liveuamap",704422,PPLA2,Pokrovsk,Donets'k,655,Krasnoarmiis'kyi,18918,37.1756,48.28035,ADM3,1,0,1,0,0,0,0,0,0,0,0,0,0,0,0,1,0,0,0,0,0,0,0,0,0,,,46058
bert_20260228023827,89735,20260206,1,2934316,liga,696032,PPLA2,Pustomyty,L'viv,1289,Pustomytivs'kyi,29580,23.91674,49.71749,ADM1,0,0,0,0,0,1,0,0,0,0,0,0,0,0,0,0,0,0,0,1,0,0,0,1,0,,,46058
bert_20260228023827,203597,20260206,1,2934317,liga,704422,PPLA2,Pokrovsk,Donets'k,655,Krasnoarmiis'kyi,18918,37.1756,48.28035,ADM3,1,1,1,0,0,0,0,0,0,0,0,0,0,0,0,0,1,0,1,1,0,0,0,0,0,,,46058
bert_20260228023827,304249,20260206,1,2934318,liga,710791,PPLA,Cherkasy,Cherkasy,497,Cherkas'ka,7654,32.05977,49.44443,ADM3,0,0,0,0,0,1,1,0,0,0,0,0,1,0,0,0,0,0,0,0,0,0,0,1,0,,,46058
bert_20260228023827,188510,20260206,1,2934319,liga,703448,PPLC,Kyiv,Kiev City,1210,Shevchenkivs'kyi,33738,30.52355,50.45044,ADM3,0,0,1,0,0,1,0,0,0,0,0,0,0,0,0,0,0,0,0,0,0,0,0,0,0,,,46058
bert_20260228023827,203599,20260206,1,2934321,liga,704422,PPLA2,Pokrovsk,Donets'k,655,Krasnoarmiis'kyi,18918,37.1756,48.28035,ADM3,1,1,1,1,0,0,0,0,0,0,0,0,0,0,1,0,0,0,1,0,0,0,0,0,0,,,46058
bert_20260228023827,112447,20260206,1,2934322,liga,698740,PPLA,Odessa,Odessa,1800,Odes'ka,26260,30.73169,46.48421,ADM3,1,0,0,1,0,1,0,0,0,0,0,0,0,0,0,0,1,0,0,1,0,0,0,1,0,,,46058
bert_20260228023827,112443,20260206,1,2940351,unian,698740,PPLA,Odessa,Odessa,1800,Odes'ka,26260,30.73169,46.48421,ADM3,0,0,0,0,0,0,1,0,0,0,0,0,0,0,0,0,0,0,0,0,0,0,0,0,0,,,46058
bert_20260228023827,250360,20260206,1,2940352,unian,706483,PPLA,Kharkiv,Kharkiv,1191,Kharkivs'ka,17850,36.2312,49.99217,ADM3,1,1,1,1,0,0,0,0,0,0,0,0,0,0,1,0,0,0,1,0,0,0,0,0,0,,,46058
bert_20260228023827,154172,20260206,1,2940353,unian,702550,PPLA,Lviv,L'viv,1289,L'vivs'ka,19402,24.0299,49.83932,ADM3,0,0,0,0,0,0,1,0,0,0,0,0,0,0,0,0,0,0,0,0,0,0,0,0,0,,,46058
bert_20260228023827,188508,20260206,1,2940354,unian,703448,PPLC,Kyiv,Kiev City,1210,Shevchenkivs'kyi,33738,30.52355,50.45044,ADM3,0,0,0,1,0,0,0,0,0,0,0,0,0,0,0,0,0,0,0,0,0,0,0,0,0,,,46058
bert_20260228023827,203598,20260206,1,2940355,unian,704422,PPLA2,Pokrovsk,Donets'k,655,Krasnoarmiis'kyi,18918,37.1756,48.28035,ADM3,1,1,1,0,1,0,0,0,0,0,0,0,0,0,1,0,0,0,0,0,0,0,0,0,0,,,46058
bert_20260228023827,319042,20260206,1,2940356,unian,712609,PPL,Bilka,Odessa,1800,Ivanivs'kyi,15842,30.40579,46.90822,ADM1,1,0,1,0,0,0,0,0,0,0,1,0,0,0,0,0,0,0,0,0,0,0,0,0,0,,,46058
bert_20260228023827,19405,20260206,1,2940357,unian,687700,PPLA,Zaporizhzhya,Zaporizhzhya,2730,Zaporiz'ka,41153,35.13885,47.83831,ADM3,1,1,1,1,0,0,0,0,0,0,0,0,0,0,1,0,0,0,0,0,0,0,0,0,0,,,46058
bert_20260228023827,112445,20260206,1,2940358,unian,698740,PPLA,Odessa,Odessa,1800,Odes'ka,26260,30.73169,46.48421,ADM3,1,0,0,0,0,1,0,0,0,0,0,0,0,0,0,0,1,0,0,1,0,0,0,0,0,,,46058
bert_20260228023827,38233,20260206,1,2940359,unian,690773,PPL,Ukrainka,Kiev,1209,Obukhivs'kyi,26204,30.74207,50.15372,ADM3,0,0,0,0,0,1,0,0,0,0,0,0,0,0,0,0,0,0,0,0,0,0,0,0,0,,,46058
bert_20260228023827,188503,20260206,1,2940360,unian,703448,PPLC,Kyiv,Kiev City,1210,Shevchenkivs'kyi,33738,30.52355,50.45044,ADM3,0,0,0,0,0,0,0,0,0,0,0,0,0,0,0,0,0,0,0,0,0,0,0,0,0,,,46058
bert_20260228023827,394491,20260206,1,2940361,unian,12156787,PPL,Kapustyne,Mykolayiv,1628,Zhovtnevyi,41330,32.0361,47.06535,ADM3,1,1,1,0,1,0,0,0,0,0,0,0,0,1,1,0,0,0,0,1,0,0,1,0,0,,,46058
bert_20260228023827,287961,20260206,1,2940362,unian,710035,PPLA2,Myrnohrad,Donets'k,655,Krasnoarmiis'ka,18917,37.2591,48.30791,ADM3,1,1,1,1,1,0,0,0,0,0,0,0,0,0,1,1,0,0,0,0,0,0,0,0,0,,,46058
bert_20260228023827,112448,20260206,1,2940363,unian,698740,PPLA,Odessa,Odessa,1800,Odes'ka,26260,30.73169,46.48421,ADM3,1,1,1,0,0,0,0,0,0,0,1,0,0,0,0,0,0,0,0,0,0,0,0,0,0,,,46058
bert_20260228023827,131267,20260206,1,2940364,unian,700569,PPLA,Mykolayiv,Mykolayiv,1628,Mykola‹vs'ka,24267,31.99381,46.97557,ADM3,1,1,1,0,0,0,0,0,0,0,1,0,0,0,0,0,0,0,0,0,0,0,0,0,0,,,46058
bert_20260228023827,188511,20260206,1,2940365,unian,703448,PPLC,Kyiv,Kiev City,1210,Shevchenkivs'kyi,33738,30.52355,50.45044,ADM3,0,0,1,1,0,0,0,0,0,0,0,0,0,0,0,0,0,0,0,0,0,0,0,0,0,,,46058
bert_20260228023827,188507,20260206,1,2940366,unian,703448,PPLC,Kyiv,Kiev City,1210,Shevchenkivs'kyi,33738,30.52355,50.45044,ADM3,0,0,0,0,0,1,1,0,0,0,0,0,0,0,0,0,0,0,0,0,0,0,0,0,0,,,46058
bert_20260228023827,112446,20260206,1,2940368,unian,698740,PPLA,Odessa,Odessa,1800,Odes'ka,26260,30.73169,46.48421,ADM3,1,0,0,0,0,1,0,0,0,0,0,0,0,0,0,0,1,0,0,1,0,0,1,1,0,,,46058
bert_20260228023827,289808,20260206,1,2940369,unian,710403,PPLQ,Chornobyl,Kiev,1209,Ivankivs'kyi,15844,30.211,51.27784,ADM3,0,0,1,0,0,0,1,0,0,0,0,0,0,0,0,0,0,0,0,0,0,0,0,0,0,,,46058
bert_20260228023827,188505,20260206,2,"2940370, 2934065",unian,703448,PPLC,Kyiv,Kiev City,1210,Shevchenkivs'kyi,33738,30.52355,50.45044,ADM3,0,0,0,0,0,0,1,0,0,0,0,0,0,0,0,0,0,0,0,0,0,0,0,0,0,,,46058
bert_20260228023827,188514,20260206,1,2940371,unian,703448,PPLC,Kyiv,Kiev City,1210,Shevchenkivs'kyi,33738,30.52355,50.45044,ADM3,1,1,1,1,0,0,0,0,0,0,0,0,1,0,0,0,0,0,0,0,0,0,0,0,0,,,46058
bert_20260228023827,19402,20260206,1,2927785,espreso,687700,PPLA,Zaporizhzhya,Zaporizhzhya,2730,Zaporiz'ka,41153,35.13885,47.83831,ADM3,1,1,0,1,0,0,0,0,0,0,1,0,0,0,0,0,0,0,0,1,0,0,0,1,0,,,46058
bert_20260228023827,112444,20260206,1,2928033,liga,698740,PPLA,Odessa,Odessa,1800,Odes'ka,26260,30.73169,46.48421,ADM3,1,0,0,0,0,1,0,0,0,0,0,0,0,0,0,0,0,0,0,1,0,0,0,1,0,,,46058
bert_20260228023827,19404,20260206,1,2928035,liveuamap,687700,PPLA,Zaporizhzhya,Zaporizhzhya,2730,Zaporiz'ka,41153,35.13885,47.83831,ADM3,1,1,1,0,1,0,0,1,0,0,1,0,0,0,0,0,0,0,0,1,0,0,0,0,0,,,46058
bert_20260228023827,188504,20260206,1,2928036,liveuamap,703448,PPLC,Kyiv,Kiev City,1210,Shevchenkivs'kyi,33738,30.52355,50.45044,ADM3,0,0,0,0,0,0,0,0,0,0,0,0,0,0,0,0,0,0,0,1,0,0,0,0,0,,,46058
bert_20260228023827,132585,20260206,1,2928037,liveuamap,701372,PPL,Mena,Chernihiv,498,Mens'kyi,22740,32.21638,51.52279,ADM3,1,1,0,0,0,0,1,0,0,0,0,0,0,0,0,0,0,0,0,0,0,0,0,0,0,,,46058
bert_20260228023827,287205,20260206,1,2928038,liveuamap,709930,PPLA,Dnipro,Dnipropetrovs'k,650,Dnipropetrovs'ka,9966,35.04618,48.46472,ADM3,1,1,1,1,0,0,0,1,0,0,1,0,0,0,0,0,0,0,0,0,0,0,0,0,0,,,46058
bert_20260228023827,203600,20260206,1,2928039,liveuamap,704422,PPLA2,Pokrovsk,Donets'k,655,Krasnoarmiis'kyi,18918,37.1756,48.28035,ADM3,1,1,1,1,0,0,0,0,1,0,0,0,0,0,0,0,0,0,0,1,0,0,0,0,0,,,46058
bert_20260228023827,287204,20260206,1,2928040,liveuamap,709930,PPLA,Dnipro,Dnipropetrovs'k,650,Dnipropetrovs'ka,9966,35.04618,48.46472,ADM3,1,1,1,1,0,0,0,0,1,0,0,0,0,0,0,0,0,0,0,1,0,0,0,0,0,,,46058
bert_20260228023827,360757,20260206,1,2928041,liveuamap,8438363,PPL,Zelene,Rivne,2066,Dubens'kyi,10348,25.77252,50.45812,ADM3,1,1,1,1,0,0,0,0,1,0,0,0,0,0,0,0,0,0,0,1,0,0,0,0,0,,,46058
bert_20260228023827,304924,20260206,1,2928042,liveuamap,710925,PPL,Charivne,Zaporizhzhya,2730,Orikhivs'kyi,26748,36.03595,47.58161,ADM3,1,1,1,1,0,0,0,0,1,0,0,0,0,0,0,0,0,0,0,1,0,0,0,0,0,,,46058
bert_20260228023827,26175,20260206,1,2928043,liveuamap,688871,PPL,Vozdvyzhivka,Zaporizhzhya,2730,Novomykola‹vs'kyi,25913,36.07979,47.74727,ADM3,1,1,1,1,0,0,0,0,1,0,0,0,0,0,0,0,0,0,0,1,0,0,0,0,0,,,46058
bert_20260228023827,252912,20260206,1,2928044,liveuamap,706941,PPL,Komyshuvakha,Zaporizhzhya,2730,Orikhivs'kyi,26748,35.52466,47.71952,ADM3,1,1,1,1,0,0,0,0,1,0,0,0,0,0,0,0,0,0,0,1,0,0,0,0,0,,,46058
bert_20260228023827,19406,20260206,1,2928045,liveuamap,687700,PPLA,Zaporizhzhya,Zaporizhzhya,2730,Zaporiz'ka,41153,35.13885,47.83831,ADM3,1,1,1,1,0,0,0,0,1,0,0,0,0,0,0,0,0,0,0,1,0,0,0,0,0,,,46058
bert_20260228023827,192453,20260206,1,2928046,liveuamap,703656,PPLA2,Kupiansk,Kharkiv,1191,Kupians'ka,19188,37.61478,49.7108,ADM3,1,0,1,0,0,0,0,0,0,0,0,0,0,0,0,1,0,0,0,0,0,0,0,0,0,,,46058
bert_20260228023827,208621,20260206,1,2928048,liveuamap,705104,PPL,Kostiantynivka,Donets'k,655,Kostiantynivs'ka,18738,37.69368,48.53467,ADM3,1,0,1,0,0,0,0,0,0,0,0,0,0,0,0,1,0,0,0,0,0,0,0,0,0,,,46058
bert_20260228023827,250359,20260206,1,2928050,liveuamap,706483,PPLA,Kharkiv,Kharkiv,1191,Kharkivs'ka,17850,36.2312,49.99217,ADM3,1,1,1,0,0,0,0,0,0,0,0,0,0,0,0,1,0,0,0,0,0,0,0,0,0,,,46058
bert_20260228023827,32686,20260206,1,2928051,liveuamap,689304,PPLA2,Vovchansk,Kharkiv,1191,Vovchans'kyi,39837,36.9368,50.29401,ADM3,1,1,1,0,0,0,0,0,0,0,0,0,0,0,0,1,0,0,0,0,0,0,0,0,0,,,46058
bert_20260228023827,55631,20260206,1,2928052,liveuamap,693065,PPLX,Sotsmisto,Donets'k,655,Kramators'ka,18898,37.5844,48.73898,ADM3,1,0,1,1,0,0,0,0,0,0,0,0,0,0,0,1,0,0,0,0,0,0,0,0,0,,,46058
bert_20260228023827,57732,20260206,1,2928053,liveuamap,693468,PPL,Sloviansk,Donets'k,655,Slovians'ka,34511,37.60582,48.85227,ADM3,1,0,1,0,0,0,0,0,0,0,1,0,0,0,0,1,0,0,0,0,0,0,0,0,0,,,46058
bert_20260228023827,50097,20260206,1,2928054,liveuamap,692248,PPL,Stepnohirsk,Zaporizhzhya,2730,Vasylivs'kyi,39200,35.36408,47.58871,ADM3,1,0,1,0,0,0,0,0,0,0,0,0,0,0,0,1,0,0,0,0,0,0,0,0,0,,,46058
bert_20260228023827,261557,20260206,1,2928055,liveuamap,707898,PPLA2,Hulyaypole,Zaporizhzhya,2730,Huliaipil's'kyi,14713,36.25322,47.66644,ADM3,1,0,1,0,0,0,0,0,0,0,0,0,0,0,0,1,0,0,0,0,0,0,0,0,0,,,46058
bert_20260228023827,19399,20260206,1,2928057,liveuamap,687700,PPLA,Zaporizhzhya,Zaporizhzhya,2730,Zaporiz'ka,41153,35.13885,47.83831,ADM3,1,0,1,0,0,0,0,0,0,0,0,0,0,0,0,1,0,0,0,0,0,0,0,0,0,,,46058
bert_20260228023827,235339,20260206,1,2928058,liveuamap,706448,PPLA,Kherson,Kherson,1195,Khersons'ka,17890,32.61496,46.64032,ADM3,1,1,1,1,0,0,0,0,0,0,0,0,0,0,0,1,0,0,0,0,0,0,1,0,0,,,46058
bert_20260228023827,197371,20260206,1,2928059,liveuamap,704204,PPL,Lyman,Donets'k,655,Krasnolymans'kyi,18941,37.82245,48.96409,ADM3,1,0,1,0,0,0,0,0,0,0,0,0,0,0,0,1,0,0,0,0,0,0,0,0,0,,,46058
bert_20260228023827,250361,20260206,1,2928061,liveuamap,706483,PPLA,Kharkiv,Kharkiv,1191,Kharkivs'ka,17850,36.2312,49.99217,ADM3,1,1,1,1,0,0,0,1,0,0,1,0,0,0,0,0,0,0,0,1,0,0,0,1,0,,,46058
bert_20260228023827,397101,20260206,1,2934063,unian,,,,,,,,36.58734,50.59556,ADM3,1,1,0,0,0,0,0,0,0,0,0,0,0,0,0,0,0,0,0,1,0,0,0,0,0,,,46058
bert_20260228023827,143773,20260207,1,3041351,liga,701822,PPL,Mariupol,Donets'k,655,Mariupol's'ka,22073,37.54144,47.0967,ADM3,1,1,1,0,0,1,0,0,0,0,0,0,0,0,0,0,0,0,0,0,0,0,0,0,0,,,46059
bert_20260228023827,258277,20260207,1,3022567,liga,707471,PPLA,Ivano-Frankivsk,Ivano-Frankivs'k,1023,Ivano-Frankivs'ka,15846,24.71116,48.92268,ADM3,0,0,0,0,0,0,1,0,0,0,0,0,0,0,0,0,0,0,0,0,0,0,0,0,0,,,46059
bert_20260228023827,188517,20260207,1,3010061,liga,703448,PPLC,Kyiv,Kiev City,1210,Shevchenkivs'kyi,33738,30.52355,50.45044,ADM3,0,0,0,0,0,1,0,0,0,0,0,0,0,0,0,0,0,0,0,0,0,0,0,0,0,,,46059
bert_20260228023827,250362,20260207,1,2984955,liga,706483,PPLA,Kharkiv,Kharkiv,1191,Kharkivs'ka,17850,36.2312,49.99217,ADM3,0,0,0,0,0,0,0,0,0,0,0,0,0,0,0,0,0,0,0,0,0,0,0,0,0,,,46059
bert_20260228023827,250363,20260207,1,2984956,liga,706483,PPLA,Kharkiv,Kharkiv,1191,Kharkivs'ka,17850,36.2312,49.99217,ADM3,0,0,0,0,0,0,0,0,0,0,1,0,0,0,0,0,0,0,0,0,0,0,0,0,0,,,46059
bert_20260228023827,188518,20260207,1,2972274,liga,703448,PPLC,Kyiv,Kiev City,1210,Shevchenkivs'kyi,33738,30.52355,50.45044,ADM3,0,0,1,0,0,0,1,0,0,0,0,0,0,0,0,0,0,0,0,0,0,0,0,0,0,,,46059
bert_20260228023827,323929,20260207,1,2972275,liga,712956,PPL,Bakhmutivka,Luhans'k,1405,Novoaidars'kyi,25882,39.04452,48.86708,ADM3,0,0,1,0,0,0,1,0,0,0,0,0,0,0,0,0,0,0,0,0,0,0,0,0,0,,,46059
bert_20260228023827,357669,20260207,1,2972276,liga,8250815,PPL,Karpaty,Transcarpathia,2491,Mukachivs'kyi,24017,22.8742,48.52159,ADM3,0,0,0,0,0,1,1,0,0,0,0,0,0,0,0,0,0,0,0,1,0,0,0,0,0,,,46059
bert_20260228023827,188519,20260207,1,2965875,liga,703448,PPLC,Kyiv,Kiev City,1210,Shevchenkivs'kyi,33738,30.52355,50.45044,ADM3,1,1,0,1,0,0,0,0,0,0,0,0,0,0,0,0,0,0,0,1,0,0,0,0,0,,,46059
bert_20260228023827,188520,20260207,1,2946931,liga,703448,PPLC,Kyiv,Kiev City,1210,Shevchenkivs'kyi,33738,30.52355,50.45044,ADM3,1,1,1,1,0,0,0,0,0,0,0,0,0,0,0,0,0,0,0,1,0,0,0,0,0,,,46059
bert_20260228023827,203605,20260207,2,"2940374, 2940379",espreso,704422,PPLA2,Pokrovsk,Donets'k,655,Krasnoarmiis'kyi,18918,37.1756,48.28035,ADM3,1,1,1,1,0,0,0,0,0,0,0,0,0,1,0,1,0,0,0,0,0,0,1,0,0,,,46059
bert_20260228023827,393703,20260207,1,2940375,espreso,11777953,PPL,Deremezna,Kiev,1209,Obukhivs'kyi,26204,30.47662,50.02393,ADM1,1,1,0,1,0,0,0,0,0,0,0,0,0,0,0,0,0,0,0,1,0,0,0,1,0,,,46059
bert_20260228023827,89736,20260207,1,2940376,espreso,696032,PPLA2,Pustomyty,L'viv,1289,Pustomytivs'kyi,29580,23.91674,49.71749,ADM1,1,1,0,1,0,0,0,0,0,0,0,0,0,0,0,0,0,0,0,1,0,0,0,1,0,,,46059
bert_20260228023827,136725,20260207,1,2940377,espreso,701673,PPL,Marianivka,Rivne,2066,Kostopil's'kyi,18743,26.39117,51.03972,ADM1,1,1,0,1,0,0,0,0,0,0,1,0,0,0,0,0,0,0,0,1,0,0,0,1,0,,,46059
bert_20260228023827,188515,20260207,3,"2940378, 2940620, 2946656","espreso, liga, unian",703448,PPLC,Kyiv,Kiev City,1210,Shevchenkivs'kyi,33738,30.52355,50.45044,ADM3,0,0,0,0,0,0,0,0,0,0,0,0,0,0,0,0,0,0,0,0,0,0,0,0,0,,,46059
bert_20260228023827,287208,20260207,1,2940619,liga,709930,PPLA,Dnipro,Dnipropetrovs'k,650,Dnipropetrovs'ka,9966,35.04618,48.46472,ADM3,1,1,1,0,0,1,0,0,0,0,0,0,1,0,0,0,0,0,0,0,0,0,0,0,0,,,46059
bert_20260228023827,67830,20260207,1,2940621,liga,693805,PPLA2,Simferopol,Crimea,579,Simferopol's'ka,34229,34.09941,44.95363,ADM3,0,1,1,0,0,0,1,0,0,0,0,0,0,0,1,0,0,0,0,0,0,0,0,0,0,,,46059
bert_20260228023827,250364,20260207,1,2940622,liga,706483,PPLA,Kharkiv,Kharkiv,1191,Kharkivs'ka,17850,36.2312,49.99217,ADM3,1,0,0,0,0,1,1,0,0,0,0,0,1,0,0,0,0,0,0,0,0,0,0,1,0,,,46059
bert_20260228023827,386043,20260207,1,2940623,liga,10951287,PPL,Vesele,Zaporizhzhya,2730,Tokmats'kyi,37511,35.7672,47.17894,ADM1,0,1,0,0,0,0,1,0,0,0,0,0,0,0,1,0,0,0,1,0,0,0,0,0,0,,,46059
bert_20260228023827,287207,20260207,1,2946643,unian,709930,PPLA,Dnipro,Dnipropetrovs'k,650,Dnipropetrovs'ka,9966,35.04618,48.46472,ADM3,1,1,0,1,0,0,0,0,0,0,0,0,0,1,0,0,0,0,0,1,0,0,0,1,0,,,46059
bert_20260228023827,19408,20260207,1,2946644,unian,687700,PPLA,Zaporizhzhya,Zaporizhzhya,2730,Zaporiz'ka,41153,35.13885,47.83831,ADM3,1,1,0,1,0,0,0,0,0,0,0,0,0,1,0,0,0,0,0,1,0,0,0,1,0,,,46059
bert_20260228023827,136724,20260207,1,2946645,unian,701673,PPL,Marianivka,Rivne,2066,Kostopil's'kyi,18743,26.39117,51.03972,ADM1,1,1,0,1,0,0,0,0,0,0,0,0,0,1,0,0,0,0,0,1,0,0,0,1,0,,,46059
bert_20260228023827,255162,20260207,1,2946646,unian,707153,PPL,Kalinovka,Khmel'nyts'kyy,1196,Khmel'nyts'kyi,17914,26.92966,49.50739,ADM1,1,1,0,1,0,0,0,0,0,0,0,0,0,1,0,0,0,0,0,1,0,0,0,1,0,,,46059
bert_20260228023827,89737,20260207,1,2946647,unian,696032,PPLA2,Pustomyty,L'viv,1289,Pustomytivs'kyi,29580,23.91674,49.71749,ADM1,1,1,0,1,0,0,0,0,0,0,0,0,0,1,0,0,0,0,0,1,0,0,0,1,0,,,46059
bert_20260228023827,393704,20260207,1,2946648,unian,11777953,PPL,Deremezna,Kiev,1209,Obukhivs'kyi,26204,30.47662,50.02393,ADM1,1,1,0,1,0,0,0,0,0,0,1,0,0,0,0,0,0,0,0,1,0,0,0,0,0,,,46059
bert_20260228023827,319043,20260207,1,2946649,unian,712609,PPL,Bilka,Odessa,1800,Ivanivs'kyi,15842,30.40579,46.90822,ADM1,0,0,0,0,0,0,0,0,0,0,0,0,0,0,0,0,0,0,0,0,0,0,0,0,0,,,46059
bert_20260228023827,67831,20260207,1,2946650,unian,693805,PPLA2,Simferopol,Crimea,579,Simferopol's'ka,34229,34.09941,44.95363,ADM3,1,1,1,1,0,0,0,0,0,0,0,0,0,0,1,0,0,0,0,0,0,0,0,0,0,,,46059
bert_20260228023827,188516,20260207,2,"2946651, 2940372",unian,703448,PPLC,Kyiv,Kiev City,1210,Shevchenkivs'kyi,33738,30.52355,50.45044,ADM3,0,0,0,0,0,0,1,0,0,0,0,0,0,0,0,0,0,0,0,0,0,0,0,0,0,,,46059
bert_20260228023827,289809,20260207,1,2946652,unian,710403,PPLQ,Chornobyl,Kiev,1209,Ivankivs'kyi,15844,30.211,51.27784,ADM3,0,0,1,0,0,0,1,0,0,0,0,0,0,0,0,0,0,0,0,0,0,0,0,0,0,,,46059
bert_20260228023827,205891,20260207,1,2946653,unian,704568,PPL,Kozerohy,Chernihiv,498,Chernihivs'kyi,7661,31.0412,51.30626,ADM3,0,0,0,0,0,0,0,0,0,0,0,0,0,0,0,0,0,0,0,0,0,0,0,0,0,,,46059
bert_20260228023827,203604,20260207,1,2946654,unian,704422,PPLA2,Pokrovsk,Donets'k,655,Krasnoarmiis'kyi,18918,37.1756,48.28035,ADM3,1,1,1,0,1,0,0,0,0,0,0,0,0,0,1,0,0,0,0,0,0,0,0,0,0,,,46059
bert_20260228023827,68940,20260207,1,2946655,unian,694141,PPL,Shevchenkovo,Ivano-Frankivs'k,1023,Halyts'kyi,13777,24.70066,49.13172,ADM2,0,0,0,0,0,0,1,0,0,0,0,0,0,0,0,0,0,0,0,0,0,0,0,0,0,,,46059
bert_20260228023827,287206,20260207,1,2934323,liveuamap,709930,PPLA,Dnipro,Dnipropetrovs'k,650,Dnipropetrovs'ka,9966,35.04618,48.46472,ADM3,1,1,0,0,1,0,0,0,0,0,0,0,0,0,0,0,0,0,0,0,0,0,0,0,0,,,46059
bert_20260228023827,57734,20260207,1,2934324,liveuamap,693468,PPL,Sloviansk,Donets'k,655,Slovians'ka,34511,37.60582,48.85227,ADM3,1,1,0,0,0,0,0,0,0,0,0,0,0,0,0,0,0,0,0,1,0,0,0,0,0,,,46059
bert_20260228023827,197372,20260207,1,2934325,liveuamap,704204,PPL,Lyman,Donets'k,655,Krasnolymans'kyi,18941,37.82245,48.96409,ADM3,1,0,1,0,0,0,0,0,0,0,0,0,0,0,0,1,0,0,0,0,0,0,0,0,0,,,46059
bert_20260228023827,20582,20260207,1,2934326,liveuamap,688228,PPL,Dibrovy,Kirovohrad,1222,Oleksandriis'kyi,26476,33.06403,48.78726,ADM3,1,0,1,0,0,0,0,0,0,0,0,0,0,0,0,1,0,0,0,0,0,0,0,0,0,,,46059
bert_20260228023827,203603,20260207,1,2934327,liveuamap,704422,PPLA2,Pokrovsk,Donets'k,655,Krasnoarmiis'kyi,18918,37.1756,48.28035,ADM3,1,0,1,0,0,0,0,0,0,0,0,0,0,0,0,1,0,0,0,0,0,0,0,0,0,,,46059
bert_20260228023827,287962,20260207,1,2934328,liveuamap,710035,PPLA2,Myrnohrad,Donets'k,655,Krasnoarmiis'ka,18917,37.26806,48.29097,ADM3,1,0,1,0,0,0,0,0,0,0,0,0,0,0,0,1,0,0,0,0,0,0,0,0,0,,,46059
bert_20260228023827,275186,20260207,1,2934330,liveuamap,709755,PPLA2,Dolyna,Ivano-Frankivs'k,1023,Dolyns'kyi,10083,23.97896,48.97823,ADM3,1,1,1,1,0,0,0,0,1,0,0,0,0,0,0,0,0,0,0,0,0,0,0,0,0,,,46059
bert_20260228023827,40908,20260207,1,2934331,liveuamap,691092,PPL,Levadne,Dnipropetrovs'k,650,Pokrovs'kyi,28862,36.18194,47.99791,ADM3,1,1,1,1,0,0,0,0,1,0,0,0,0,0,0,0,0,0,0,0,0,0,0,0,0,,,46059
bert_20260228023827,287209,20260207,1,2934332,liveuamap,709930,PPLA,Dnipro,Dnipropetrovs'k,650,Dnipropetrovs'ka,9966,35.04618,48.46472,ADM3,1,1,1,1,0,0,0,0,1,0,0,0,0,0,0,0,0,0,0,0,0,0,0,0,0,,,46059
bert_20260228023827,338900,20260207,1,2934333,liveuamap,802277,PPL,Protsenko,Donets'k,655,Amvrosi‹vs'kyi,1671,38.206,47.738,ADM3,1,1,1,1,0,0,0,0,1,0,0,0,0,0,0,0,0,0,0,0,0,0,0,0,0,,,46059
bert_20260228023827,26176,20260207,1,2934334,liveuamap,688871,PPL,Vozdvyzhivka,Zaporizhzhya,2730,Novomykola‹vs'kyi,25913,36.07979,47.74727,ADM3,1,1,1,1,0,0,0,0,1,0,0,0,0,0,0,0,0,0,0,0,0,0,0,0,0,,,46059
bert_20260228023827,304925,20260207,1,2934335,liveuamap,710925,PPL,Charivne,Zaporizhzhya,2730,Orikhivs'kyi,26748,36.03595,47.58161,ADM3,1,1,1,1,0,0,0,0,1,0,0,0,0,0,0,0,0,0,0,0,0,0,0,0,0,,,46059
bert_20260228023827,20583,20260207,1,2934336,liveuamap,688228,PPL,Dibrovy,Kirovohrad,1222,Oleksandriis'kyi,26476,33.06403,48.78726,ADM3,1,1,1,1,0,0,0,0,1,0,0,0,0,0,0,0,0,0,0,0,0,0,0,0,0,,,46059
bert_20260228023827,19409,20260207,1,2934337,liveuamap,687700,PPLA,Zaporizhzhya,Zaporizhzhya,2730,Zaporiz'ka,41153,35.13885,47.83831,ADM3,1,1,1,1,0,0,0,0,1,0,0,0,0,0,0,0,0,0,0,0,0,0,0,0,0,,,46059
bert_20260228023827,34747,20260207,1,2934338,liveuamap,689736,PPLA2,Vesele,Zaporizhzhya,2730,Veselivs'kyi,39376,34.92113,47.01792,ADM3,1,1,1,1,0,0,0,0,1,0,0,0,0,0,0,0,0,0,0,0,0,0,0,0,0,,,46059
bert_20260228023827,235341,20260207,1,2934339,liveuamap,706448,PPLA,Kherson,Kherson,1195,Khersons'ka,17890,32.61496,46.64032,ADM3,1,1,1,1,0,0,0,0,1,0,0,0,0,0,0,0,0,0,0,0,0,0,0,0,0,,,46059
bert_20260228023827,381246,20260207,1,2934340,liveuamap,10323759,PPLX,Cheremushky,Donets'k,655,Mariupol's'ka,22073,37.50564,47.07557,ADM3,1,0,1,0,0,0,0,0,0,0,0,0,0,0,0,1,0,0,0,0,0,0,0,0,0,,,46059
bert_20260228023827,250365,20260207,1,2934341,liveuamap,706483,PPLA,Kharkiv,Kharkiv,1191,Kharkivs'ka,17850,36.2312,49.99217,ADM3,1,1,1,0,0,0,0,0,0,0,0,0,0,0,0,1,0,0,0,0,0,0,0,0,0,,,46059
bert_20260228023827,32687,20260207,1,2934342,liveuamap,689304,PPLA2,Vovchansk,Kharkiv,1191,Vovchans'kyi,39837,36.9368,50.29401,ADM3,1,1,1,0,0,0,0,0,0,0,0,0,0,0,0,1,0,0,0,0,0,0,0,0,0,,,46059
bert_20260228023827,208622,20260207,1,2934343,liveuamap,705104,PPL,Kostiantynivka,Donets'k,655,Kostiantynivs'ka,18738,37.69368,48.53467,ADM3,1,0,1,0,0,0,0,0,0,0,0,0,0,0,0,1,0,0,0,0,0,0,0,0,0,,,46059
bert_20260228023827,257482,20260207,1,2934344,liveuamap,707464,PPL,Ivanopillia,Donets'k,655,Kostiantynivs'kyi,18739,37.76439,48.47357,ADM3,1,0,1,0,0,0,0,0,0,0,0,0,0,0,0,1,0,0,0,0,0,0,0,0,0,,,46059
bert_20260228023827,261558,20260207,1,2934345,liveuamap,707898,PPLA2,Hulyaypole,Zaporizhzhya,2730,Huliaipil's'kyi,14713,36.25322,47.66644,ADM3,1,0,1,0,0,0,0,0,0,0,0,0,0,0,0,1,0,0,0,0,0,0,0,0,0,,,46059
bert_20260228023827,57733,20260207,1,2934347,liveuamap,693468,PPL,Sloviansk,Donets'k,655,Slovians'ka,34511,37.60582,48.85227,ADM3,1,0,1,0,0,0,0,0,0,0,1,0,0,0,0,1,0,0,0,0,0,0,0,0,0,,,46059
bert_20260228023827,235340,20260207,1,2934348,liveuamap,706448,PPLA,Kherson,Kherson,1195,Khersons'ka,17890,32.61496,46.64032,ADM3,1,1,1,1,0,0,0,0,0,0,0,0,0,0,1,0,0,0,0,0,0,0,1,0,0,,,46059
bert_20260228023827,192454,20260207,1,2934349,liveuamap,703656,PPLA2,Kupiansk,Kharkiv,1191,Kupians'ka,19188,37.61478,49.7108,ADM3,1,0,1,0,0,0,0,0,0,0,0,0,0,0,0,1,0,0,0,0,0,0,0,0,0,,,46059
bert_20260228023827,195441,20260207,1,2934351,liveuamap,704147,PPLA2,Kremenchuk,Poltava,1956,Kremenchuts'kyi,18971,33.41024,49.0655,ADM3,1,1,0,0,1,0,0,0,0,0,1,0,0,0,0,0,0,1,1,0,0,0,0,0,0,,,46059
bert_20260228023827,221273,20260207,1,2934352,liveuamap,705812,PPLA,Kropyvnytskyy,Kirovohrad,1222,Kirovohrads'kyi,18226,32.26637,48.51036,ADM3,1,1,1,1,0,0,0,0,0,0,0,0,0,1,0,0,0,0,0,1,0,0,0,1,0,,,46059
bert_20260228023827,221272,20260207,1,2934353,liveuamap,705812,PPLA,Kropyvnytskyy,Kirovohrad,1222,Kirovohrads'kyi,18226,32.26637,48.51036,ADM3,1,0,0,0,1,0,0,0,0,0,0,0,0,0,0,0,1,0,0,0,0,0,0,0,0,,,46059
bert_20260228023827,112449,20260207,1,2934354,liveuamap,698740,PPLA,Odessa,Odessa,1800,Odes'ka,26260,30.73169,46.48421,ADM3,1,0,0,0,0,1,0,0,0,0,0,0,0,0,0,0,1,0,0,0,0,0,1,1,0,,,46059
bert_20260228023827,19407,20260207,1,2934355,liveuamap,687700,PPLA,Zaporizhzhya,Zaporizhzhya,2730,Zaporiz'ka,41153,35.13885,47.83831,ADM3,1,1,0,0,1,0,0,0,0,0,1,0,0,0,0,0,0,0,0,0,0,0,0,0,0,,,46059
bert_20260228023827,143774,20260208,1,3041359,liga,701822,PPL,Mariupol,Donets'k,655,Mariupol's'ka,22073,37.54144,47.0967,ADM3,1,1,1,0,0,1,0,0,0,0,0,0,0,0,0,0,0,0,0,0,0,0,0,0,0,,,46060
bert_20260228023827,258278,20260208,1,3022575,liga,707471,PPLA,Ivano-Frankivsk,Ivano-Frankivs'k,1023,Ivano-Frankivs'ka,15846,24.71116,48.92268,ADM3,0,0,0,0,0,0,1,0,0,0,0,0,0,0,0,0,0,0,0,0,0,0,0,0,0,,,46060
bert_20260228023827,188522,20260208,1,3010069,liga,703448,PPLC,Kyiv,Kiev City,1210,Shevchenkivs'kyi,33738,30.52355,50.45044,ADM3,0,0,0,0,0,1,0,0,0,0,0,0,0,0,0,0,0,0,0,0,0,0,0,0,0,,,46060
bert_20260228023827,250366,20260208,1,2984964,liga,706483,PPLA,Kharkiv,Kharkiv,1191,Kharkivs'ka,17850,36.2312,49.99217,ADM3,0,0,0,0,0,0,0,0,0,0,0,0,0,0,0,0,0,0,0,0,0,0,0,0,0,,,46060
bert_20260228023827,250367,20260208,1,2984965,liga,706483,PPLA,Kharkiv,Kharkiv,1191,Kharkivs'ka,17850,36.2312,49.99217,ADM3,0,0,0,0,0,0,0,0,0,0,1,0,0,0,0,0,0,0,0,0,0,0,0,0,0,,,46060
bert_20260228023827,188524,20260208,1,2972285,liga,703448,PPLC,Kyiv,Kiev City,1210,Shevchenkivs'kyi,33738,30.52355,50.45044,ADM3,0,0,1,0,0,0,1,0,0,0,0,0,0,0,0,0,0,0,0,0,0,0,0,0,0,,,46060
bert_20260228023827,323930,20260208,1,2972286,liga,712956,PPL,Bakhmutivka,Luhans'k,1405,Novoaidars'kyi,25882,39.04452,48.86708,ADM3,0,0,1,0,0,0,1,0,0,0,0,0,0,0,0,0,0,0,0,0,0,0,0,0,0,,,46060
bert_20260228023827,357670,20260208,1,2972287,liga,8250815,PPL,Karpaty,Transcarpathia,2491,Mukachivs'kyi,24017,22.8742,48.52159,ADM3,0,0,0,0,0,1,1,0,0,0,0,0,0,0,0,0,0,0,0,1,0,0,0,0,0,,,46060
bert_20260228023827,188526,20260208,1,2965883,liga,703448,PPLC,Kyiv,Kiev City,1210,Shevchenkivs'kyi,33738,30.52355,50.45044,ADM3,1,1,0,1,0,0,0,0,0,0,0,0,0,0,0,0,0,0,0,1,0,0,0,0,0,,,46060
bert_20260228023827,203608,20260208,1,2946663,espreso,704422,PPLA2,Pokrovsk,Donets'k,655,Krasnoarmiis'kyi,18918,37.1756,48.28035,ADM3,1,1,1,1,0,0,0,0,0,0,0,0,0,0,1,1,0,0,0,0,0,0,1,0,0,,,46060
bert_20260228023827,19411,20260208,1,2946664,espreso,687700,PPLA,Zaporizhzhya,Zaporizhzhya,2730,Zaporiz'ka,41153,35.13885,47.83831,ADM3,1,1,1,0,1,0,0,0,0,0,0,0,0,0,0,0,0,1,0,1,0,0,0,0,0,,,46060
bert_20260228023827,93760,20260208,1,2946665,espreso,696643,PPLA,Poltava,Poltava,1956,Poltavs'ka,28898,34.55125,49.58953,ADM3,1,1,1,1,0,0,0,0,0,0,1,0,0,0,0,0,0,1,0,1,0,0,0,1,0,,,46060
bert_20260228023827,287210,20260208,1,2946666,espreso,709930,PPLA,Dnipro,Dnipropetrovs'k,650,Dnipropetrovs'ka,9966,35.04618,48.46472,ADM3,1,1,0,1,0,0,0,0,0,0,0,0,0,0,0,0,0,0,0,0,0,0,0,1,0,,,46060
bert_20260228023827,45754,20260208,1,2946667,espreso,691650,PPLA,Ternopil,Ternopil',2432,Ternopil's'ka,36855,25.59073,49.55596,ADM3,1,1,0,1,0,1,0,0,0,0,0,0,1,0,0,0,0,0,0,0,0,0,0,0,0,,,46060
bert_20260228023827,55633,20260208,1,2946668,espreso,693065,PPLX,Sotsmisto,Donets'k,655,Kramators'ka,18898,37.5844,48.73898,ADM3,1,1,0,1,0,0,0,0,1,0,0,0,0,1,0,0,0,0,0,1,0,0,0,1,0,,,46060
bert_20260228023827,93761,20260208,1,2946669,espreso,696643,PPLA,Poltava,Poltava,1956,Poltavs'ka,28898,34.55125,49.58953,ADM3,1,1,1,1,0,0,0,0,1,0,0,0,0,1,1,0,0,0,0,1,0,0,0,0,0,,,46060
bert_20260228023827,188529,20260208,1,2946670,espreso,703448,PPLC,Kyiv,Kiev City,1210,Shevchenkivs'kyi,33738,30.52355,50.45044,ADM3,1,1,1,0,1,0,0,0,0,0,0,0,0,0,0,0,0,0,0,0,0,0,0,0,0,,,46060
bert_20260228023827,36420,20260208,1,2946671,espreso,690412,PPL,Vasylkiv,Kiev,1209,Vasyl'kivs'kyi,39199,30.31315,50.1795,ADM3,1,1,1,1,0,0,0,0,0,0,1,0,0,0,0,0,0,0,0,0,0,0,0,1,0,,,46060
bert_20260228023827,44354,20260208,2,"2946672, 2953010","espreso, unian",691639,PPL,Ternuvate,Dnipropetrovs'k,650,Pokrovs'kyi,28862,36.13247,47.82975,ADM3,1,1,1,1,1,0,0,0,0,0,0,0,0,0,1,0,0,0,1,0,0,0,0,0,0,,,46060
bert_20260228023827,261560,20260208,1,2946673,espreso,707898,PPLA2,Hulyaypole,Zaporizhzhya,2730,Huliaipil's'kyi,14713,36.25322,47.66644,ADM3,1,1,1,1,1,0,0,0,0,0,0,0,0,0,1,0,0,0,1,0,0,0,0,0,0,,,46060
bert_20260228023827,203607,20260208,1,2946674,espreso,704422,PPLA2,Pokrovsk,Donets'k,655,Krasnoarmiis'kyi,18918,37.1756,48.28035,ADM3,1,1,1,0,0,0,0,0,0,0,0,0,0,0,0,1,0,0,0,0,0,0,1,0,0,,,46060
bert_20260228023827,250369,20260208,1,2946932,liga,706483,PPLA,Kharkiv,Kharkiv,1191,Kharkivs'ka,17850,36.2312,49.99217,ADM3,1,1,1,0,1,0,0,0,0,0,0,0,0,0,1,0,0,0,1,0,0,0,0,0,0,,,46060
bert_20260228023827,386044,20260208,1,2946933,liga,10951287,PPL,Vesele,Zaporizhzhya,2730,Tokmats'kyi,37511,35.7672,47.17894,ADM1,1,1,1,0,1,0,0,0,0,0,0,0,0,0,1,0,0,0,1,0,0,0,0,0,0,,,46060
bert_20260228023827,188531,20260208,1,2946934,liga,703448,PPLC,Kyiv,Kiev City,1210,Shevchenkivs'kyi,33738,30.52355,50.45044,ADM3,1,1,1,1,0,0,0,0,0,0,0,0,0,1,0,0,0,0,0,1,0,0,0,0,0,,,46060
bert_20260228023827,188528,20260208,1,2946935,liga,703448,PPLC,Kyiv,Kiev City,1210,Shevchenkivs'kyi,33738,30.52355,50.45044,ADM3,0,1,1,0,0,0,1,0,0,0,0,0,0,0,1,0,0,0,1,0,0,0,0,0,0,,,46060
bert_20260228023827,351380,20260208,1,2946936,liga,811111,PPL,Mar'yevka,Kharkiv,1191,Balakliis'kyi,3178,36.74917,49.49293,ADM3,0,0,1,0,0,0,1,0,0,0,0,0,0,0,0,0,0,0,0,0,0,0,0,0,0,,,46060
bert_20260228023827,364678,20260208,1,2946937,liga,8718704,PPL,Luhove,Poltava,1956,Velykobahachans'kyi,39269,33.77849,49.73239,ADM1,1,1,1,1,0,0,0,1,0,0,1,0,0,0,0,0,0,1,0,1,0,0,0,0,0,,,46060
bert_20260228023827,294900,20260208,1,2946938,liga,710735,PPLA,Chernihiv,Chernihiv,498,Chernihivs'ka,7660,31.29865,51.49101,ADM3,1,1,1,1,0,0,0,0,0,0,1,0,0,0,0,0,0,0,0,1,0,0,0,0,0,,,46060
bert_20260228023827,188530,20260208,1,2946939,liga,703448,PPLC,Kyiv,Kiev City,1210,Shevchenkivs'kyi,33738,30.52355,50.45044,ADM3,1,1,1,1,0,0,0,0,0,0,0,0,0,0,0,0,0,0,0,1,0,0,0,0,0,,,46060
bert_20260228023827,188521,20260208,5,"2952994, 2952995, 2953002, 2953005, 2953012","meduza, unian",703448,PPLC,Kyiv,Kiev City,1210,Shevchenkivs'kyi,33738,30.52355,50.45044,ADM3,0,0,0,0,0,0,0,0,0,0,0,0,0,0,0,0,0,0,0,0,0,0,0,0,0,,,46060
bert_20260228023827,188523,20260208,1,2952996,meduza,703448,PPLC,Kyiv,Kiev City,1210,Shevchenkivs'kyi,33738,30.52355,50.45044,ADM3,1,0,1,0,0,0,0,0,0,0,0,0,0,1,0,0,0,0,0,1,0,0,0,0,0,,,46060
bert_20260228023827,205892,20260208,1,2952997,unian,704568,PPL,Kozerohy,Chernihiv,498,Chernihivs'kyi,7661,31.0412,51.30626,ADM3,0,0,0,0,0,0,0,0,0,0,0,0,0,0,0,0,0,0,0,0,0,0,0,0,0,,,46060
bert_20260228023827,235342,20260208,1,2952998,unian,706448,PPLA,Kherson,Kherson,1195,Khersons'ka,17890,32.61496,46.64032,ADM3,1,1,0,1,0,0,0,0,0,0,0,0,0,1,0,0,0,0,0,1,0,0,0,1,0,,,46060
bert_20260228023827,188527,20260208,1,2952999,unian,703448,PPLC,Kyiv,Kiev City,1210,Shevchenkivs'kyi,33738,30.52355,50.45044,ADM3,0,1,1,0,0,0,0,0,0,0,0,0,0,0,0,0,0,0,0,0,0,0,0,0,0,,,46060
bert_20260228023827,319044,20260208,1,2953000,unian,712609,PPL,Bilka,Odessa,1800,Ivanivs'kyi,15842,30.40579,46.90822,ADM1,0,0,1,0,0,0,1,0,0,0,0,0,0,0,0,0,0,0,0,0,0,0,0,0,0,,,46060
bert_20260228023827,55632,20260208,1,2953001,unian,693065,PPLX,Sotsmisto,Donets'k,655,Kramators'ka,18898,37.5844,48.73898,ADM3,1,1,0,1,0,0,0,0,1,0,0,0,0,0,0,0,0,0,0,1,0,0,0,1,0,,,46060
bert_20260228023827,19413,20260208,1,2953003,unian,687700,PPLA,Zaporizhzhya,Zaporizhzhya,2730,Zaporiz'ka,41153,35.13885,47.83831,ADM3,1,1,1,1,0,0,0,0,0,0,1,0,0,1,1,0,0,0,1,0,0,0,1,0,0,,,46060
bert_20260228023827,287212,20260208,1,2953004,unian,709930,PPLA,Dnipro,Dnipropetrovs'k,650,Dnipropetrovs'ka,9966,35.04618,48.46472,ADM3,1,1,1,1,0,0,0,0,0,0,1,0,0,1,1,0,0,0,1,0,0,0,1,0,0,,,46060
bert_20260228023827,188525,20260208,1,2953006,unian,703448,PPLC,Kyiv,Kiev City,1210,Shevchenkivs'kyi,33738,30.52355,50.45044,ADM3,1,0,1,1,0,0,0,0,0,0,0,0,0,0,0,0,0,0,0,1,0,0,0,0,0,,,46060
bert_20260228023827,287964,20260208,1,2953007,unian,710035,PPLA2,Myrnohrad,Donets'k,655,Krasnoarmiis'ka,18917,37.2591,48.30791,ADM3,1,1,1,1,1,0,0,0,0,0,0,0,0,0,1,0,0,0,1,0,0,0,0,0,0,,,46060
bert_20260228023827,394492,20260208,1,2953008,unian,12156787,PPL,Kapustyne,Mykolayiv,1628,Zhovtnevyi,41330,32.0361,47.06535,ADM3,1,1,1,1,0,0,0,0,0,0,0,0,0,0,1,0,0,0,0,1,0,0,0,0,0,,,46060
bert_20260228023827,197374,20260208,1,2953009,unian,704204,PPL,Lyman,Donets'k,655,Krasnolymans'kyi,18941,37.82245,48.96409,ADM3,1,1,1,1,0,0,0,0,0,0,0,0,0,0,1,0,0,0,0,0,0,0,0,0,0,,,46060
bert_20260228023827,19414,20260208,1,2953011,unian,687700,PPLA,Zaporizhzhya,Zaporizhzhya,2730,Zaporiz'ka,41153,35.13885,47.83831,ADM3,1,1,1,1,1,0,0,0,0,0,0,0,0,0,1,0,0,0,1,0,0,0,0,0,0,,,46060
bert_20260228023827,112451,20260208,1,2940380,espreso,698740,PPLA,Odessa,Odessa,1800,Odes'ka,26260,30.73169,46.48421,ADM3,1,1,1,1,0,0,0,1,0,0,1,0,0,0,0,0,0,0,0,1,0,0,0,0,0,,,46060
bert_20260228023827,112450,20260208,1,2940624,liveuamap,698740,PPLA,Odessa,Odessa,1800,Odes'ka,26260,30.73169,46.48421,ADM3,1,1,1,0,0,0,0,0,0,0,1,0,0,0,0,0,0,0,0,0,0,0,0,0,0,,,46060
bert_20260228023827,287211,20260208,2,"2940625, 2946661","liveuamap, unian",709930,PPLA,Dnipro,Dnipropetrovs'k,650,Dnipropetrovs'ka,9966,35.04618,48.46472,ADM3,1,1,0,1,0,0,0,0,0,0,0,0,0,1,0,0,0,0,0,1,0,0,0,1,0,,,46060
bert_20260228023827,397102,20260208,1,2940626,liveuamap,,,,,,,,36.58734,50.59556,ADM3,1,1,0,0,0,0,0,0,0,0,0,0,0,0,0,0,0,0,0,1,0,0,0,0,0,,,46060
bert_20260228023827,289437,20260208,1,2940627,liveuamap,710375,PPL,Chuhunivka,Kharkiv,1191,Velykoburluts'kyi,39272,37.63619,50.19613,ADM3,1,1,1,1,0,0,0,0,0,0,0,0,0,0,1,0,0,0,1,0,0,0,0,0,0,,,46060
bert_20260228023827,250370,20260208,1,2940628,liveuamap,706483,PPLA,Kharkiv,Kharkiv,1191,Kharkivs'ka,17850,36.2312,49.99217,ADM3,1,1,1,1,0,0,0,0,0,0,0,0,0,0,1,0,0,0,1,0,0,0,0,0,0,,,46060
bert_20260228023827,235343,20260208,1,2940629,liveuamap,706448,PPLA,Kherson,Kherson,1195,Khersons'ka,17890,32.61496,46.64032,ADM3,1,1,0,1,0,0,0,0,0,0,1,0,0,1,0,0,0,0,0,1,0,0,0,1,0,,,46060
bert_20260228023827,114415,20260208,1,2940630,liveuamap,699035,PPL,Novovolynsk,Volyn,2623,Ivanychivs'kyi,15852,24.17319,50.72382,STREET,1,1,1,1,0,0,0,1,0,0,1,0,0,1,0,0,0,0,0,1,0,0,0,0,0,,,46060
bert_20260228023827,258282,20260208,1,2940631,liveuamap,707471,PPLA,Ivano-Frankivsk,Ivano-Frankivs'k,1023,Ivano-Frankivs'ka,15846,24.71116,48.92268,ADM3,1,1,1,1,0,0,0,1,0,0,1,0,0,1,0,0,0,0,0,1,0,0,0,0,0,,,46060
bert_20260228023827,154173,20260208,1,2940632,liveuamap,702550,PPLA,Lviv,L'viv,1289,L'vivs'ka,19402,24.0299,49.83932,ADM3,1,1,1,1,0,0,0,1,0,0,1,0,0,1,0,0,0,0,0,1,0,0,0,0,0,,,46060
bert_20260228023827,85873,20260208,1,2940633,liveuamap,695594,PPLA,Rivne,Rivne,2066,Rivnens'ka,30582,26.24688,50.62012,ADM3,1,1,1,1,0,0,0,1,0,0,1,0,0,1,0,0,0,0,0,1,0,0,0,0,0,,,46060
bert_20260228023827,250368,20260208,1,2940634,liveuamap,706483,PPLA,Kharkiv,Kharkiv,1191,Kharkivs'ka,17850,36.2312,49.99217,ADM3,1,0,1,0,0,0,0,0,0,0,0,0,0,0,0,1,0,0,0,0,0,0,0,0,0,,,46060
bert_20260228023827,32688,20260208,1,2940635,liveuamap,689304,PPLA2,Vovchansk,Kharkiv,1191,Vovchans'kyi,39837,36.9368,50.29401,ADM3,1,0,1,0,0,0,0,0,0,0,0,0,0,0,0,1,0,0,0,0,0,0,0,0,0,,,46060
bert_20260228023827,208623,20260208,1,2940636,liveuamap,705104,PPL,Kostiantynivka,Donets'k,655,Kostiantynivs'ka,18738,37.69368,48.53467,ADM3,1,1,1,1,0,0,0,0,0,0,0,0,0,0,0,1,0,0,0,0,0,0,0,0,0,,,46060
bert_20260228023827,257483,20260208,1,2940637,liveuamap,707464,PPL,Ivanopillia,Donets'k,655,Kostiantynivs'kyi,18739,37.76439,48.47357,ADM3,1,1,1,1,0,0,0,0,0,0,0,0,0,0,0,1,0,0,0,0,0,0,0,0,0,,,46060
bert_20260228023827,192455,20260208,1,2940638,liveuamap,703656,PPLA2,Kupiansk,Kharkiv,1191,Kupians'ka,19188,37.61478,49.7108,ADM3,1,0,1,0,0,0,0,0,0,0,0,0,0,0,0,1,0,0,0,0,0,0,0,0,0,,,46060
bert_20260228023827,57735,20260208,1,2940639,liveuamap,693468,PPL,Sloviansk,Donets'k,655,Slovians'ka,34511,37.60582,48.85227,ADM3,1,1,1,1,0,0,0,0,0,0,0,0,0,0,0,0,0,0,0,0,0,0,0,0,0,,,46060
bert_20260228023827,203609,20260208,1,2940640,liveuamap,704422,PPLA2,Pokrovsk,Donets'k,655,Krasnoarmiis'kyi,18918,37.1756,48.28035,ADM3,1,1,1,1,0,0,0,0,1,0,0,0,0,0,0,0,0,0,0,1,0,0,0,0,0,,,46060
bert_20260228023827,26177,20260208,1,2940641,liveuamap,688871,PPL,Vozdvyzhivka,Zaporizhzhya,2730,Novomykola‹vs'kyi,25913,36.07979,47.74727,ADM3,1,1,1,1,0,0,0,0,1,0,0,0,0,0,0,0,0,0,0,1,0,0,0,0,0,,,46060
bert_20260228023827,51038,20260208,1,2940642,liveuamap,692673,PPL,Stavyshche,Zhytomyr,2739,Popil'nians'kyi,28987,29.70932,49.95812,ADM3,1,1,1,1,0,0,0,0,1,0,0,0,0,0,0,0,0,0,0,1,0,0,0,0,0,,,46060
bert_20260228023827,336576,20260208,1,2940643,liveuamap,713176,PPL,Zalizne,Donets'k,655,Dzerzhyns'ka,10511,37.88858,48.37168,STREET,1,1,1,1,0,0,0,0,1,0,0,0,0,0,0,0,0,0,0,1,0,0,0,0,0,,,46060
bert_20260228023827,69480,20260208,1,2940644,liveuamap,694301,PPL,Shcherbaky,Kiev,1209,Volodars'kyi,39784,29.95282,49.63661,ADM3,1,1,1,1,0,0,0,0,1,0,0,0,0,0,0,0,0,0,0,1,0,0,0,0,0,,,46060
bert_20260228023827,197373,20260208,1,2940645,liveuamap,704204,PPL,Lyman,Donets'k,655,Krasnolymans'kyi,18941,37.82245,48.96409,ADM3,1,0,1,0,0,0,0,0,0,0,0,0,0,0,0,1,0,0,0,0,0,0,0,0,0,,,46060
bert_20260228023827,287963,20260208,1,2940647,liveuamap,710035,PPLA2,Myrnohrad,Donets'k,655,Krasnoarmiis'ka,18917,37.26806,48.29097,ADM3,1,0,1,0,0,0,0,0,0,0,0,0,0,0,0,1,0,0,0,0,0,0,0,0,0,,,46060
bert_20260228023827,203606,20260208,1,2940648,liveuamap,704422,PPLA2,Pokrovsk,Donets'k,655,Krasnoarmiis'kyi,18918,37.1756,48.28035,ADM3,1,0,1,0,0,0,0,0,0,0,0,0,0,0,0,1,0,0,0,0,0,0,0,0,0,,,46060
bert_20260228023827,261559,20260208,1,2940649,liveuamap,707898,PPLA2,Hulyaypole,Zaporizhzhya,2730,Huliaipil's'kyi,14713,36.25322,47.66644,ADM3,1,0,1,0,0,0,0,0,0,0,0,0,0,0,0,1,0,0,0,0,0,0,0,0,0,,,46060
bert_20260228023827,85872,20260208,1,2940651,liveuamap,695594,PPLA,Rivne,Rivne,2066,Rivnens'ka,30582,26.24688,50.62012,ADM3,1,1,0,1,0,0,0,0,0,0,0,0,0,1,0,0,0,0,0,1,0,0,0,1,0,,,46060
bert_20260228023827,258281,20260208,1,2940652,liveuamap,707471,PPLA,Ivano-Frankivsk,Ivano-Frankivs'k,1023,Ivano-Frankivs'ka,15846,24.71116,48.92268,ADM3,1,1,1,1,0,0,0,1,0,0,1,0,0,0,0,0,0,0,0,0,0,0,0,0,0,,,46060
bert_20260228023827,258279,20260208,1,2940653,liveuamap,707471,PPLA,Ivano-Frankivsk,Ivano-Frankivs'k,1023,Ivano-Frankivs'ka,15846,24.71116,48.92268,ADM3,1,0,0,0,0,0,1,0,0,0,0,0,0,0,0,0,1,0,0,1,0,0,0,0,0,,,46060
bert_20260228023827,34516,20260208,1,2940654,liveuamap,689558,PPLA,Vinnytsya,Vinnytsya,2611,Vinnyts'ka,39646,28.46868,49.23256,ADM3,1,0,1,1,0,0,0,0,0,0,0,0,0,0,0,0,1,0,0,1,0,0,0,1,0,,,46060
bert_20260228023827,258280,20260208,1,2940655,liveuamap,707471,PPLA,Ivano-Frankivsk,Ivano-Frankivs'k,1023,Ivano-Frankivs'ka,15846,24.71116,48.92268,ADM3,1,1,1,0,1,0,0,0,0,0,1,0,0,0,0,0,0,1,1,1,0,0,0,0,0,,,46060
bert_20260228023827,287965,20260208,1,2946657,unian,710035,PPLA2,Myrnohrad,Donets'k,655,Krasnoarmiis'ka,18917,37.2591,48.30791,ADM3,1,1,1,1,1,0,0,0,0,0,1,0,0,1,1,0,0,0,0,1,0,0,1,0,0,,,46060
bert_20260228023827,82449,20260208,1,2946658,unian,695094,PPLX,Ruttschenkowo,Donets'k,655,Donets'ka,10139,37.67529,47.95508,ADM1,1,1,1,1,1,0,0,0,0,0,1,0,0,1,1,0,0,0,0,1,0,0,1,0,0,,,46060
bert_20260228023827,50098,20260208,1,2946659,unian,692248,PPL,Stepnohirsk,Zaporizhzhya,2730,Vasylivs'kyi,39200,35.36408,47.58871,ADM3,1,1,1,1,0,0,0,0,0,0,0,0,0,0,1,0,0,0,1,0,0,0,0,0,0,,,46060
bert_20260228023827,19412,20260208,1,2946660,unian,687700,PPLA,Zaporizhzhya,Zaporizhzhya,2730,Zaporiz'ka,41153,35.13885,47.83831,ADM3,1,1,1,1,0,0,0,0,0,0,0,0,0,0,1,0,0,0,1,0,0,0,0,0,0,,,46060
bert_20260228023827,19410,20260208,1,2946662,unian,687700,PPLA,Zaporizhzhya,Zaporizhzhya,2730,Zaporiz'ka,41153,35.13885,47.83831,ADM3,1,1,0,1,0,0,0,0,0,0,0,0,0,1,0,0,0,0,0,1,0,0,0,1,0,,,46060
bert_20260228023827,143775,20260209,1,3041364,liga,701822,PPL,Mariupol,Donets'k,655,Mariupol's'ka,22073,37.54144,47.0967,ADM3,1,1,1,0,0,1,0,0,0,0,0,0,0,0,0,0,0,0,0,0,0,0,0,0,0,,,46061
bert_20260228023827,258283,20260209,1,3022580,liga,707471,PPLA,Ivano-Frankivsk,Ivano-Frankivs'k,1023,Ivano-Frankivs'ka,15846,24.71116,48.92268,ADM3,0,0,0,0,0,0,1,0,0,0,0,0,0,0,0,0,0,0,0,0,0,0,0,0,0,,,46061
bert_20260228023827,188533,20260209,1,3010074,liga,703448,PPLC,Kyiv,Kiev City,1210,Shevchenkivs'kyi,33738,30.52355,50.45044,ADM3,0,0,0,0,0,1,0,0,0,0,0,0,0,0,0,0,0,0,0,0,0,0,0,0,0,,,46061
bert_20260228023827,250371,20260209,2,"2984970, 2959336","liga, unian",706483,PPLA,Kharkiv,Kharkiv,1191,Kharkivs'ka,17850,36.2312,49.99217,ADM3,0,0,0,0,0,0,0,0,0,0,0,0,0,0,0,0,0,0,0,0,0,0,0,0,0,,,46061
bert_20260228023827,250372,20260209,1,2984971,liga,706483,PPLA,Kharkiv,Kharkiv,1191,Kharkivs'ka,17850,36.2312,49.99217,ADM3,0,0,0,0,0,0,0,0,0,0,1,0,0,0,0,0,0,0,0,0,0,0,0,0,0,,,46061
bert_20260228023827,188535,20260209,1,2972293,liga,703448,PPLC,Kyiv,Kiev City,1210,Shevchenkivs'kyi,33738,30.52355,50.45044,ADM3,0,0,1,0,0,0,1,0,0,0,0,0,0,0,0,0,0,0,0,0,0,0,0,0,0,,,46061
bert_20260228023827,323931,20260209,1,2972294,liga,712956,PPL,Bakhmutivka,Luhans'k,1405,Novoaidars'kyi,25882,39.04452,48.86708,ADM3,0,0,1,0,0,0,1,0,0,0,0,0,0,0,0,0,0,0,0,0,0,0,0,0,0,,,46061
bert_20260228023827,357671,20260209,1,2972295,liga,8250815,PPL,Karpaty,Transcarpathia,2491,Mukachivs'kyi,24017,22.8742,48.52159,ADM3,0,0,0,0,0,1,1,0,0,0,0,0,0,0,0,0,0,0,0,1,0,0,0,0,0,,,46061
bert_20260228023827,188537,20260209,1,2965888,liga,703448,PPLC,Kyiv,Kiev City,1210,Shevchenkivs'kyi,33738,30.52355,50.45044,ADM3,1,1,0,1,0,0,0,0,0,0,0,0,0,0,0,0,0,0,0,1,0,0,0,0,0,,,46061
bert_20260228023827,203610,20260209,2,"2959358, 2946972","espreso, liveuamap",704422,PPLA2,Pokrovsk,Donets'k,655,Krasnoarmiis'kyi,18918,37.1756,48.28035,ADM3,1,1,1,0,0,0,0,0,0,0,0,0,0,0,0,1,0,0,0,0,0,0,0,0,0,,,46061
bert_20260228023827,188538,20260209,1,2953016,espreso,703448,PPLC,Kyiv,Kiev City,1210,Shevchenkivs'kyi,33738,30.4788,50.4369,ADM3,0,1,1,1,0,0,0,0,0,0,0,0,0,0,1,0,0,0,0,0,0,0,0,0,0,,,46061
bert_20260228023827,112454,20260209,3,"2953017, 2959335, 2953015","espreso, unian",698740,PPLA,Odessa,Odessa,1800,Odes'ka,26260,30.73169,46.48421,ADM3,1,1,0,1,0,0,0,0,0,0,1,0,0,0,0,0,0,0,0,1,0,0,0,1,0,,,46061
bert_20260228023827,217162,20260209,1,2953018,espreso,705183,PPL,Slobozhans'ke,Kharkiv,1191,Zmiïvs'kyi,41407,36.50512,49.61494,ADM1,1,1,0,1,0,0,0,0,0,0,1,0,0,0,0,0,0,0,0,1,0,0,0,1,0,,,46061
bert_20260228023827,19418,20260209,2,"2953019, 2959350","espreso, unian",687700,PPLA,Zaporizhzhya,Zaporizhzhya,2730,Zaporiz'ka,41153,35.13885,47.83831,ADM3,1,1,1,1,1,0,0,0,0,0,0,0,0,0,1,0,0,0,1,0,0,0,0,0,0,,,46061
bert_20260228023827,188534,20260209,1,2953020,espreso,703448,PPLC,Kyiv,Kiev City,1210,Shevchenkivs'kyi,33738,30.52355,50.45044,ADM3,0,0,0,1,0,0,0,0,0,0,0,0,0,0,0,0,0,0,0,1,0,0,0,0,0,,,46061
bert_20260228023827,188536,20260209,1,2953021,espreso,703448,PPLC,Kyiv,Kiev City,1210,Shevchenkivs'kyi,33738,30.52355,50.45044,ADM3,0,0,1,1,0,0,0,0,0,0,0,0,0,0,0,0,0,0,0,0,0,0,0,0,0,,,46061
bert_20260228023827,19891,20260209,1,2953022,espreso,688032,PPL,Troieshchyna,Khmel'nyts'kyy,1196,Polons'kyi,28889,27.37045,50.00972,ADM3,0,0,0,0,0,0,0,0,0,0,0,0,0,0,0,0,0,0,0,0,0,0,0,0,0,,,46061
bert_20260228023827,188532,20260209,2,"2953023, 2959346","espreso, unian",703448,PPLC,Kyiv,Kiev City,1210,Shevchenkivs'kyi,33738,30.52355,50.45044,ADM3,0,0,0,0,0,0,0,0,0,0,0,0,0,0,0,0,0,0,0,0,0,0,0,0,0,,,46061
bert_20260228023827,203611,20260209,1,2953024,espreso,704422,PPLA2,Pokrovsk,Donets'k,655,Krasnoarmiis'kyi,18918,37.1756,48.28035,ADM3,1,1,1,1,0,0,0,0,0,0,0,0,0,0,0,1,0,0,0,0,0,0,1,0,0,,,46061
bert_20260228023827,359367,20260209,1,2953289,liga,8281918,PPL,Posich,Transcarpathia,2491,Khusts'kyi,18005,23.41312,48.22076,ADM1,0,1,1,0,0,1,0,0,0,0,0,0,1,0,0,0,0,0,0,0,0,0,0,0,0,,,46061
bert_20260228023827,49230,20260209,1,2953290,liga,692194,PPLA,Sumy,Sumy,2356,Sums'ka,35425,34.80276,50.91198,ADM3,1,1,0,0,1,0,0,0,0,0,1,0,0,0,0,0,0,0,0,0,0,0,0,0,0,,,46061
bert_20260228023827,112452,20260209,1,2959337,unian,698740,PPLA,Odessa,Odessa,1800,Odes'ka,26260,30.73169,46.48421,ADM3,0,0,0,0,0,0,1,0,0,0,0,0,0,0,0,0,0,0,0,0,0,0,0,0,0,,,46061
bert_20260228023827,154174,20260209,1,2959338,unian,702550,PPLA,Lviv,L'viv,1289,L'vivs'ka,19402,24.0299,49.83932,ADM3,0,0,0,0,0,0,0,0,0,0,0,0,0,0,0,0,0,0,0,0,0,0,0,0,0,,,46061
bert_20260228023827,290121,20260209,1,2959339,unian,710514,PPL,Oskil,Kharkiv,1191,Iziums'kyi,15939,37.42799,49.17401,STREET,1,1,1,0,1,0,0,0,0,0,0,0,0,0,1,0,0,0,0,0,0,0,0,0,0,,,46061
bert_20260228023827,192457,20260209,1,2959340,unian,703656,PPLA2,Kupiansk,Kharkiv,1191,Kupians'ka,19188,37.61478,49.7108,ADM3,1,1,1,0,1,0,0,0,0,0,0,0,0,0,1,0,0,0,0,0,0,0,0,0,0,,,46061
bert_20260228023827,289810,20260209,1,2959341,unian,710403,PPLQ,Chornobyl,Kiev,1209,Ivankivs'kyi,15844,30.211,51.27784,ADM3,0,0,0,0,0,0,1,0,0,0,0,0,0,0,0,0,0,0,0,0,0,0,0,0,0,,,46061
bert_20260228023827,136817,20260209,1,2959342,unian,701769,PPL,Mars,Chernihiv,498,Semenivs'kyi,33289,32.7396,52.15862,ADM3,0,0,0,0,0,0,1,0,0,0,0,0,0,0,0,0,0,0,0,0,0,0,0,0,0,,,46061
bert_20260228023827,19415,20260209,1,2959343,unian,687700,PPLA,Zaporizhzhya,Zaporizhzhya,2730,Zaporiz'ka,41153,35.13885,47.83831,ADM3,0,1,1,1,0,0,0,0,0,0,0,0,0,0,0,0,0,0,0,0,0,0,0,0,0,,,46061
bert_20260228023827,203612,20260209,1,2959344,unian,704422,PPLA2,Pokrovsk,Donets'k,655,Krasnoarmiis'kyi,18918,37.1756,48.28035,ADM3,1,1,1,1,0,0,0,0,0,0,0,0,0,0,1,1,0,0,1,0,0,0,0,0,0,,,46061
bert_20260228023827,287966,20260209,1,2959345,unian,710035,PPLA2,Myrnohrad,Donets'k,655,Krasnoarmiis'ka,18917,37.2591,48.30791,ADM3,1,1,1,1,0,0,0,0,0,0,0,0,0,0,1,1,0,0,1,0,0,0,0,0,0,,,46061
bert_20260228023827,217164,20260209,1,2959347,unian,705183,PPL,Slobozhans'ke,Kharkiv,1191,Zmiïvs'kyi,41407,36.50512,49.61494,ADM1,1,1,1,1,1,0,0,0,0,0,0,0,0,0,1,0,0,0,1,0,0,0,0,0,0,,,46061
bert_20260228023827,38234,20260209,1,2959348,unian,690773,PPL,Ukrainka,Kiev,1209,Obukhivs'kyi,26204,30.74207,50.15372,ADM3,0,0,1,0,0,0,0,0,0,0,0,0,0,0,0,0,0,0,0,0,0,0,0,0,0,,,46061
bert_20260228023827,188541,20260209,1,2959349,unian,703448,PPLC,Kyiv,Kiev City,1210,Shevchenkivs'kyi,33738,30.52355,50.45044,ADM3,1,1,1,1,0,0,0,0,0,0,1,0,0,1,0,0,0,0,0,0,0,0,0,0,0,,,46061
bert_20260228023827,38235,20260209,1,2959351,unian,690773,PPL,Ukrainka,Kiev,1209,Obukhivs'kyi,26204,30.74207,50.15372,ADM3,0,0,1,0,0,1,0,0,0,0,0,0,0,0,0,0,0,0,0,0,0,0,0,0,0,,,46061
bert_20260228023827,67832,20260209,1,2959352,unian,693805,PPLA2,Simferopol,Crimea,579,Simferopol's'ka,34229,34.09941,44.95363,ADM3,1,1,1,1,1,0,0,0,0,0,0,0,1,0,0,0,0,0,0,0,0,0,0,0,0,,,46061
bert_20260228023827,19892,20260209,1,2959353,unian,688032,PPL,Troieshchyna,Khmel'nyts'kyy,1196,Polons'kyi,28889,27.37045,50.00972,ADM3,0,0,0,0,0,0,1,0,0,0,0,0,0,0,0,0,0,0,0,0,0,0,0,0,0,,,46061
bert_20260228023827,112455,20260209,2,"2946675, 2946941","espreso, liga",698740,PPLA,Odessa,Odessa,1800,Odes'ka,26260,30.73169,46.48421,ADM3,1,1,1,1,0,0,0,0,0,0,1,0,0,0,0,0,0,0,0,1,0,0,0,1,0,,,46061
bert_20260228023827,250374,20260209,1,2946940,liga,706483,PPLA,Kharkiv,Kharkiv,1191,Kharkivs'ka,17850,36.2312,49.99217,ADM3,1,1,1,1,0,0,0,0,0,0,0,0,0,0,0,0,0,0,0,1,0,0,0,1,0,,,46061
bert_20260228023827,250376,20260209,1,2946942,liga,706483,PPLA,Kharkiv,Kharkiv,1191,Kharkivs'ka,17850,36.2312,49.99217,ADM3,1,1,1,1,0,0,0,0,0,0,1,0,0,0,0,0,0,0,0,1,0,0,0,1,0,,,46061
bert_20260228023827,112453,20260209,1,2946943,liga,698740,PPLA,Odessa,Odessa,1800,Odes'ka,26260,30.73169,46.48421,ADM3,1,1,0,1,0,0,0,0,0,0,0,0,0,0,0,0,0,0,0,1,0,0,0,1,0,,,46061
bert_20260228023827,188539,20260209,1,2946944,liga,703448,PPLC,Kyiv,Kiev City,1210,Shevchenkivs'kyi,33738,30.52355,50.45044,ADM3,1,1,1,1,0,0,0,0,0,0,0,0,0,0,0,0,0,0,0,1,0,0,0,0,0,,,46061
bert_20260228023827,97819,20260209,1,2946945,liveuamap,697616,PPL,Pershotravensk,Dnipropetrovs'k,650,Petropavlivs'kyi,28252,36.4023,48.35059,ADM3,1,1,0,1,0,0,0,0,0,0,1,0,0,0,0,0,0,0,0,1,0,0,0,1,0,,,46061
bert_20260228023827,287213,20260209,1,2946946,liveuamap,709930,PPLA,Dnipro,Dnipropetrovs'k,650,Dnipropetrovs'ka,9966,35.04618,48.46472,ADM3,1,1,0,1,0,0,0,0,0,0,1,0,0,0,0,0,0,0,0,1,0,0,0,1,0,,,46061
bert_20260228023827,217163,20260209,1,2946947,liveuamap,705183,PPL,Slobozhans'ke,Kharkiv,1191,Zmiïvs'kyi,41407,36.50512,49.61494,ADM1,1,1,1,1,0,0,0,0,0,0,0,0,0,0,1,0,0,0,1,0,0,0,0,0,0,,,46061
bert_20260228023827,44355,20260209,1,2946948,liveuamap,691639,PPL,Ternuvate,Dnipropetrovs'k,650,Pokrovs'kyi,28862,36.13247,47.82975,ADM3,1,1,1,1,0,0,0,0,0,0,0,0,0,0,1,0,0,0,1,0,0,0,0,0,0,,,46061
bert_20260228023827,19416,20260209,1,2946949,liveuamap,687700,PPLA,Zaporizhzhya,Zaporizhzhya,2730,Zaporiz'ka,41153,35.13885,47.83831,ADM3,1,1,1,1,0,0,0,0,0,0,0,0,0,0,1,0,0,0,1,0,0,0,0,0,0,,,46061
bert_20260228023827,36421,20260209,1,2946950,liveuamap,690412,PPL,Vasylkiv,Kiev,1209,Vasyl'kivs'kyi,39199,30.31315,50.1795,ADM3,1,1,1,1,0,0,0,0,0,0,0,0,0,1,0,0,0,0,0,1,0,0,0,1,0,,,46061
bert_20260228023827,188540,20260209,2,"2946951, 2946952",liveuamap,703448,PPLC,Kyiv,Kiev City,1210,Shevchenkivs'kyi,33738,30.52355,50.45044,ADM3,1,1,1,1,0,0,0,0,0,0,0,0,0,1,0,0,0,0,0,1,0,0,0,1,0,,,46061
bert_20260228023827,250375,20260209,1,2946953,liveuamap,706483,PPLA,Kharkiv,Kharkiv,1191,Kharkivs'ka,17850,36.2312,49.99217,ADM3,1,1,1,1,0,0,0,0,0,0,0,0,0,0,1,0,0,0,1,0,0,0,0,0,0,,,46061
bert_20260228023827,345595,20260209,1,2946954,liveuamap,805500,PPL,Voronyne,Sumy,2356,Bilopils'kyi,4621,34.12376,51.10624,ADM1,1,1,1,1,0,0,0,0,0,0,0,0,0,0,1,0,0,0,1,0,0,0,0,0,0,,,46061
bert_20260228023827,203613,20260209,1,2946955,liveuamap,704422,PPLA2,Pokrovsk,Donets'k,655,Krasnoarmiis'kyi,18918,37.1756,48.28035,ADM3,1,1,1,1,0,0,0,0,1,0,0,0,0,0,0,0,0,0,0,1,0,0,0,0,0,,,46061
bert_20260228023827,287214,20260209,1,2946956,liveuamap,709930,PPLA,Dnipro,Dnipropetrovs'k,650,Dnipropetrovs'ka,9966,35.04618,48.46472,ADM3,1,1,1,1,0,0,0,0,1,0,0,0,0,0,0,0,0,0,0,1,0,0,0,0,0,,,46061
bert_20260228023827,40936,20260209,1,2946957,liveuamap,691200,PPL,Trudove,Donets'k,655,Mar‹ns'kyi,21886,37.21558,47.89764,ADM3,1,1,1,1,0,0,0,0,1,0,0,0,0,0,0,0,0,0,0,1,0,0,0,0,0,,,46061
bert_20260228023827,304926,20260209,1,2946958,liveuamap,710925,PPL,Charivne,Zaporizhzhya,2730,Orikhivs'kyi,26748,36.03595,47.58161,ADM3,1,1,1,1,0,0,0,0,1,0,0,0,0,0,0,0,0,0,0,1,0,0,0,0,0,,,46061
bert_20260228023827,19898,20260209,1,2946959,liveuamap,688051,PPL,Yurkivka,Kiev,1209,Stavyshchens'kyi,35110,30.09323,49.32365,ADM3,1,1,1,1,0,0,0,0,1,0,0,0,0,0,0,0,0,0,0,1,0,0,0,0,0,,,46061
bert_20260228023827,26178,20260209,1,2946960,liveuamap,688871,PPL,Vozdvyzhivka,Zaporizhzhya,2730,Novomykola‹vs'kyi,25913,36.07979,47.74727,ADM3,1,1,1,1,0,0,0,0,1,0,0,0,0,0,0,0,0,0,0,1,0,0,0,0,0,,,46061
bert_20260228023827,19417,20260209,1,2946961,liveuamap,687700,PPLA,Zaporizhzhya,Zaporizhzhya,2730,Zaporiz'ka,41153,35.13885,47.83831,ADM3,1,1,1,1,0,0,0,0,1,0,0,0,0,0,0,0,0,0,0,1,0,0,0,0,0,,,46061
bert_20260228023827,250373,20260209,1,2946962,liveuamap,706483,PPLA,Kharkiv,Kharkiv,1191,Kharkivs'ka,17850,36.2312,49.99217,ADM3,1,0,1,0,0,0,0,0,0,0,0,0,0,0,0,1,0,0,0,0,0,0,0,0,0,,,46061
bert_20260228023827,197375,20260209,1,2946963,liveuamap,704204,PPL,Lyman,Donets'k,655,Krasnolymans'kyi,18941,37.82245,48.96409,ADM3,1,0,1,0,0,0,0,0,0,0,0,0,0,0,0,1,0,0,0,0,0,0,0,0,0,,,46061
bert_20260228023827,32689,20260209,1,2946964,liveuamap,689304,PPLA2,Vovchansk,Kharkiv,1191,Vovchans'kyi,39837,36.9368,50.29401,ADM3,1,0,1,0,0,0,0,0,0,0,0,0,0,0,0,1,0,0,0,0,0,0,0,0,0,,,46061
bert_20260228023827,192456,20260209,1,2946965,liveuamap,703656,PPLA2,Kupiansk,Kharkiv,1191,Kupians'ka,19188,37.61478,49.7108,ADM3,1,0,1,0,0,0,0,0,0,0,0,0,0,0,0,1,0,0,0,0,0,0,0,0,0,,,46061
bert_20260228023827,208624,20260209,1,2946966,liveuamap,705104,PPL,Kostiantynivka,Donets'k,655,Kostiantynivs'ka,18738,37.69368,48.53467,ADM3,1,0,1,0,0,0,0,0,0,0,0,0,0,0,0,1,0,0,0,0,0,0,0,0,0,,,46061
bert_20260228023827,257484,20260209,1,2946967,liveuamap,707464,PPL,Ivanopillia,Donets'k,655,Kostiantynivs'kyi,18739,37.76439,48.47357,ADM3,1,0,1,0,0,0,0,0,0,0,0,0,0,0,0,1,0,0,0,0,0,0,0,0,0,,,46061
bert_20260228023827,57736,20260209,1,2946968,liveuamap,693468,PPL,Sloviansk,Donets'k,655,Slovians'ka,34511,37.60582,48.85227,ADM3,1,0,1,0,0,0,0,0,0,0,0,0,0,0,0,1,0,0,0,0,0,0,0,0,0,,,46061
bert_20260228023827,55634,20260209,1,2946969,liveuamap,693065,PPLX,Sotsmisto,Donets'k,655,Kramators'ka,18898,37.5844,48.73898,ADM3,1,0,1,0,0,0,0,0,0,0,0,0,0,0,0,1,0,0,0,0,0,0,0,0,0,,,46061
bert_20260228023827,90748,20260209,1,2946970,liveuamap,696357,PPL,Predtechyne,Donets'k,655,Kostiantynivs'kyi,18739,37.80136,48.51891,STREET,1,0,1,0,0,0,0,0,0,0,0,0,0,0,0,1,0,0,0,0,0,0,0,0,0,,,46061
bert_20260228023827,89975,20260209,2,"2946971, 2946974",liveuamap,696218,PPL,Pryvillia,Luhans'k,1405,Popasnians'kyi,28982,38.30109,48.99971,ADM3,1,0,1,0,0,0,0,0,0,0,0,0,0,0,0,1,0,0,0,0,0,0,0,0,0,,,46061
bert_20260228023827,69481,20260209,1,2946975,liveuamap,694301,PPL,Shcherbaky,Kiev,1209,Volodars'kyi,39784,29.95282,49.63661,ADM3,1,1,1,1,0,0,0,0,0,0,0,0,0,0,0,1,0,0,0,0,0,0,0,0,0,,,46061
bert_20260228023827,50099,20260209,1,2946976,liveuamap,692248,PPL,Stepnohirsk,Zaporizhzhya,2730,Vasylivs'kyi,39200,35.36408,47.58871,ADM3,1,1,1,1,0,0,0,0,0,0,0,0,0,0,0,1,0,0,0,0,0,0,0,0,0,,,46061
bert_20260228023827,98641,20260209,1,2946977,liveuamap,697866,PPL,Pavlivka,Donets'k,655,Mar‹ns'kyi,21886,37.21804,47.75441,STREET,1,1,1,1,0,0,0,0,0,0,0,0,0,0,0,1,0,0,0,0,0,0,0,0,0,,,46061
bert_20260228023827,381247,20260209,1,2946978,liveuamap,10323759,PPLX,Cheremushky,Donets'k,655,Mariupol's'ka,22073,37.50564,47.07557,ADM3,1,1,1,1,0,0,0,0,0,0,0,0,0,0,0,1,0,0,0,0,0,0,0,0,0,,,46061
bert_20260228023827,235344,20260209,1,2946979,liveuamap,706448,PPLA,Kherson,Kherson,1195,Khersons'ka,17890,32.61496,46.64032,ADM3,1,1,1,1,0,0,0,0,0,0,0,0,0,0,0,1,0,0,0,0,0,0,1,0,0,,,46061
bert_20260228023827,360541,20260209,1,2946980,liveuamap,8419787,PPL,Zakumske,Sumy,2356,Sums'kyi,35426,34.64912,50.95537,ADM2,1,1,1,1,0,0,0,0,0,0,0,0,0,0,1,0,0,0,0,0,0,0,0,0,0,,,46061
bert_20260228023827,261561,20260209,1,2946981,liveuamap,707898,PPLA2,Hulyaypole,Zaporizhzhya,2730,Huliaipil's'kyi,14713,36.25322,47.66644,ADM3,1,0,1,0,0,0,0,0,0,0,0,0,0,0,0,1,0,0,0,0,0,0,0,0,0,,,46061
bert_20260228023827,55635,20260209,1,2946983,liveuamap,693065,PPLX,Sotsmisto,Donets'k,655,Kramators'ka,18898,37.5844,48.73898,ADM3,1,1,0,1,0,0,0,0,0,0,0,0,0,1,0,0,0,0,0,1,0,0,0,1,0,,,46061
bert_20260228023827,397103,20260209,1,2953013,unian,,,,,,,,36.58734,50.59556,ADM3,0,0,0,0,0,1,1,0,0,0,0,0,0,0,0,0,0,0,0,0,0,0,0,0,0,,,46061
bert_20260228023827,397104,20260209,1,2953014,unian,,,,,,,,36.58734,50.59556,ADM3,1,1,0,1,0,0,0,0,0,0,0,0,0,0,0,0,0,0,0,0,0,0,0,0,0,,,46061
bert_20260228023827,143776,20260210,1,3041365,liga,701822,PPL,Mariupol,Donets'k,655,Mariupol's'ka,22073,37.54144,47.0967,ADM3,1,1,1,0,0,1,0,0,0,0,0,0,0,0,0,0,0,0,0,0,0,0,0,0,0,,,46062
bert_20260228023827,258284,20260210,1,3022581,liga,707471,PPLA,Ivano-Frankivsk,Ivano-Frankivs'k,1023,Ivano-Frankivs'ka,15846,24.71116,48.92268,ADM3,0,0,0,0,0,0,1,0,0,0,0,0,0,0,0,0,0,0,0,0,0,0,0,0,0,,,46062
bert_20260228023827,188543,20260210,1,3010075,liga,703448,PPLC,Kyiv,Kiev City,1210,Shevchenkivs'kyi,33738,30.52355,50.45044,ADM3,0,0,0,0,0,1,0,0,0,0,0,0,0,0,0,0,0,0,0,0,0,0,0,0,0,,,46062
bert_20260228023827,250377,20260210,1,2984972,liga,706483,PPLA,Kharkiv,Kharkiv,1191,Kharkivs'ka,17850,36.2312,49.99217,ADM3,0,0,0,0,0,0,0,0,0,0,0,0,0,0,0,0,0,0,0,0,0,0,0,0,0,,,46062
bert_20260228023827,250378,20260210,1,2984973,liga,706483,PPLA,Kharkiv,Kharkiv,1191,Kharkivs'ka,17850,36.2312,49.99217,ADM3,0,0,0,0,0,0,0,0,0,0,1,0,0,0,0,0,0,0,0,0,0,0,0,0,0,,,46062
bert_20260228023827,188545,20260210,1,2972297,liga,703448,PPLC,Kyiv,Kiev City,1210,Shevchenkivs'kyi,33738,30.52355,50.45044,ADM3,0,0,1,0,0,0,1,0,0,0,0,0,0,0,0,0,0,0,0,0,0,0,0,0,0,,,46062
bert_20260228023827,323932,20260210,1,2972298,liga,712956,PPL,Bakhmutivka,Luhans'k,1405,Novoaidars'kyi,25882,39.04452,48.86708,ADM3,0,0,1,0,0,0,1,0,0,0,0,0,0,0,0,0,0,0,0,0,0,0,0,0,0,,,46062
bert_20260228023827,357672,20260210,1,2972299,liga,8250815,PPL,Karpaty,Transcarpathia,2491,Mukachivs'kyi,24017,22.8742,48.52159,ADM3,0,0,0,0,0,1,1,0,0,0,0,0,0,0,0,0,0,0,0,1,0,0,0,0,0,,,46062
bert_20260228023827,188547,20260210,1,2965889,liga,703448,PPLC,Kyiv,Kiev City,1210,Shevchenkivs'kyi,33738,30.52355,50.45044,ADM3,1,1,0,1,0,0,0,0,0,0,0,0,0,0,0,0,0,0,0,1,0,0,0,0,0,,,46062
bert_20260228023827,203614,20260210,1,2959359,espreso,704422,PPLA2,Pokrovsk,Donets'k,655,Krasnoarmiis'kyi,18918,37.1756,48.28035,ADM3,1,0,1,0,0,0,0,0,0,0,0,0,0,0,0,1,0,0,0,0,0,0,0,0,0,,,46062
bert_20260228023827,319045,20260210,1,2959360,espreso,712609,PPL,Bilka,Odessa,1800,Ivanivs'kyi,15842,30.40579,46.90822,ADM1,1,1,0,1,0,0,0,0,0,0,1,0,0,0,0,0,0,0,0,1,0,0,0,1,0,,,46062
bert_20260228023827,19419,20260210,1,2959361,espreso,687700,PPLA,Zaporizhzhya,Zaporizhzhya,2730,Zaporiz'ka,41153,35.13885,47.83831,ADM3,1,1,0,1,0,0,0,0,0,0,1,0,0,0,0,0,0,0,0,1,0,0,0,1,0,,,46062
bert_20260228023827,287968,20260210,1,2959362,espreso,710035,PPLA2,Myrnohrad,Donets'k,655,Krasnoarmiis'ka,18917,37.2591,48.30791,ADM3,1,1,1,0,1,0,0,0,0,0,0,0,0,0,1,0,0,0,0,0,0,0,0,0,0,,,46062
bert_20260228023827,345596,20260210,1,2959363,espreso,805500,PPL,Voronyne,Sumy,2356,Bilopils'kyi,4621,34.12376,51.10624,ADM1,0,1,0,1,0,1,0,0,0,0,0,0,0,0,0,0,0,0,1,0,0,0,0,0,0,,,46062
bert_20260228023827,89738,20260210,1,2959364,espreso,696032,PPLA2,Pustomyty,L'viv,1289,Pustomytivs'kyi,29580,23.91674,49.71749,ADM1,0,0,1,0,0,1,0,0,0,0,0,0,0,0,0,0,0,0,0,0,0,0,0,0,0,,,46062
bert_20260228023827,188546,20260210,1,2959365,espreso,703448,PPLC,Kyiv,Kiev City,1210,Shevchenkivs'kyi,33738,30.52355,50.45044,ADM3,0,1,0,1,0,0,0,0,0,0,0,0,0,0,0,0,0,0,0,1,0,0,0,1,0,,,46062
bert_20260228023827,203616,20260210,1,2959366,espreso,704422,PPLA2,Pokrovsk,Donets'k,655,Krasnoarmiis'kyi,18918,37.1756,48.28035,ADM3,1,1,1,1,0,0,0,0,0,0,0,0,0,0,0,1,0,0,0,0,0,0,0,0,0,,,46062
bert_20260228023827,289811,20260210,1,2965607,unian,710403,PPLQ,Chornobyl,Kiev,1209,Ivankivs'kyi,15844,30.211,51.27784,ADM3,0,0,0,0,0,1,1,0,0,0,0,0,0,0,0,0,0,0,0,0,0,0,0,0,0,,,46062
bert_20260228023827,188542,20260210,3,"2965608, 2965614, 2959357",unian,703448,PPLC,Kyiv,Kiev City,1210,Shevchenkivs'kyi,33738,30.52355,50.45044,ADM3,0,0,0,0,0,0,1,0,0,0,0,0,0,0,0,0,0,0,0,0,0,0,0,0,0,,,46062
bert_20260228023827,345597,20260210,1,2965609,unian,805500,PPL,Voronyne,Sumy,2356,Bilopils'kyi,4621,34.12376,51.10624,ADM1,1,1,1,1,0,0,0,0,0,0,1,0,0,0,1,0,0,0,1,0,0,0,0,0,0,,,46062
bert_20260228023827,132586,20260210,1,2965610,unian,701372,PPL,Mena,Chernihiv,498,Mens'kyi,22740,32.21638,51.52279,ADM3,0,0,0,0,0,0,1,0,0,0,0,0,0,0,0,0,0,0,0,0,0,0,0,0,0,,,46062
bert_20260228023827,55638,20260210,1,2965611,unian,693065,PPLX,Sotsmisto,Donets'k,655,Kramators'ka,18898,37.5844,48.73898,ADM3,1,1,1,1,0,0,0,0,0,0,0,0,0,0,1,0,0,0,1,0,0,0,0,0,0,,,46062
bert_20260228023827,373697,20260210,1,2965612,unian,9114542,PPL,Novyi,Luhans'k,1405,Krasnoluts'ka,18939,38.59081,48.49995,ADM3,1,1,1,0,1,0,0,0,0,0,0,0,0,1,0,0,0,0,0,1,0,0,1,0,0,,,46062
bert_20260228023827,394493,20260210,1,2965613,unian,12156787,PPL,Kapustyne,Mykolayiv,1628,Zhovtnevyi,41330,32.0361,47.06535,ADM3,1,1,1,0,1,0,0,0,0,0,0,0,0,1,0,0,0,0,0,1,0,0,1,0,0,,,46062
bert_20260228023827,57738,20260210,1,2965615,unian,693468,PPL,Sloviansk,Donets'k,655,Slovians'ka,34511,37.60582,48.85227,ADM3,1,1,0,1,0,0,0,0,1,0,0,0,0,0,0,0,0,0,0,1,0,0,0,1,0,,,46062
bert_20260228023827,304250,20260210,1,2965616,unian,710791,PPLA,Cherkasy,Cherkasy,497,Cherkas'ka,7654,32.05977,49.44443,ADM3,0,0,1,0,0,1,0,0,0,0,0,0,0,0,0,0,0,0,0,0,0,0,0,0,0,,,46062
bert_20260228023827,82450,20260210,1,2965617,unian,695094,PPLX,Ruttschenkowo,Donets'k,655,Donets'ka,10139,37.67529,47.95508,ADM1,1,1,1,1,0,0,0,0,0,0,0,0,0,0,1,0,0,0,0,0,0,0,0,0,0,,,46062
bert_20260228023827,203619,20260210,1,2965618,unian,704422,PPLA2,Pokrovsk,Donets'k,655,Krasnoarmiis'kyi,18918,37.1756,48.28035,ADM3,1,1,1,1,0,0,0,0,0,0,1,1,0,0,1,1,0,0,1,0,0,0,0,1,0,,,46062
bert_20260228023827,287969,20260210,1,2965619,unian,710035,PPLA2,Myrnohrad,Donets'k,655,Krasnoarmiis'ka,18917,37.2591,48.30791,ADM3,1,1,1,1,0,0,0,0,0,0,0,0,0,0,0,0,0,0,0,0,0,0,0,0,0,,,46062
bert_20260228023827,188548,20260210,1,2965620,unian,703448,PPLC,Kyiv,Kiev City,1210,Shevchenkivs'kyi,33738,30.52355,50.45044,ADM3,0,1,1,1,0,0,0,0,0,0,0,0,0,0,0,0,0,0,0,1,0,0,0,0,0,,,46062
bert_20260228023827,188544,20260210,1,2965621,unian,703448,PPLC,Kyiv,Kiev City,1210,Shevchenkivs'kyi,33738,30.52355,50.45044,ADM3,0,0,0,0,0,1,0,0,0,0,0,0,0,0,0,0,0,0,0,0,0,0,0,1,0,,,46062
bert_20260228023827,203617,20260210,1,2965622,unian,704422,PPLA2,Pokrovsk,Donets'k,655,Krasnoarmiis'kyi,18918,37.1756,48.28035,ADM3,1,1,1,1,0,0,0,0,0,0,0,0,0,0,1,0,0,0,1,0,0,0,0,0,0,,,46062
bert_20260228023827,287970,20260210,1,2965623,unian,710035,PPLA2,Myrnohrad,Donets'k,655,Krasnoarmiis'ka,18917,37.2591,48.30791,ADM3,1,1,1,1,0,0,0,0,0,0,0,0,0,0,1,0,0,0,1,0,0,0,0,0,0,,,46062
bert_20260228023827,261563,20260210,1,2965624,unian,707898,PPLA2,Hulyaypole,Zaporizhzhya,2730,Huliaipil's'kyi,14713,36.25322,47.66644,ADM3,1,1,1,1,0,0,0,0,0,0,0,0,0,0,1,0,0,0,1,0,0,0,0,0,0,,,46062
bert_20260228023827,131543,20260210,1,2965625,unian,700646,PPLA2,Mukachevo,Transcarpathia,2491,Mukachivs'ka,24016,22.7183,48.4421,ADM3,0,0,0,0,0,0,1,0,0,0,0,0,0,0,0,0,0,0,0,0,0,0,0,0,0,,,46062
bert_20260228023827,250380,20260210,1,2953291,liveuamap,706483,PPLA,Kharkiv,Kharkiv,1191,Kharkivs'ka,17850,36.2312,49.99217,ADM3,1,1,0,0,0,0,0,0,0,0,0,0,0,0,0,0,0,0,0,0,0,0,0,0,0,,,46062
bert_20260228023827,19420,20260210,1,2953292,liveuamap,687700,PPLA,Zaporizhzhya,Zaporizhzhya,2730,Zaporiz'ka,41153,35.13885,47.83831,ADM3,1,1,1,0,1,0,0,1,0,0,1,0,0,0,0,0,0,1,0,1,0,0,0,0,0,,,46062
bert_20260228023827,97820,20260210,1,2953293,liveuamap,697616,PPL,Pershotravensk,Dnipropetrovs'k,650,Petropavlivs'kyi,28252,36.4023,48.35059,ADM3,1,0,0,0,0,0,0,0,0,0,0,0,0,0,0,0,0,0,0,0,0,0,0,1,0,,,46062
bert_20260228023827,287215,20260210,1,2953294,liveuamap,709930,PPLA,Dnipro,Dnipropetrovs'k,650,Dnipropetrovs'ka,9966,35.04618,48.46472,ADM3,1,0,0,0,0,0,0,0,0,0,0,0,0,0,0,0,0,0,0,0,0,0,0,1,0,,,46062
bert_20260228023827,55637,20260210,1,2953295,liveuamap,693065,PPLX,Sotsmisto,Donets'k,655,Kramators'ka,18898,37.5844,48.73898,ADM3,1,1,1,0,1,0,0,0,0,0,0,0,0,1,0,0,0,0,0,1,0,0,0,1,0,,,46062
bert_20260228023827,287216,20260210,1,2953296,liveuamap,709930,PPLA,Dnipro,Dnipropetrovs'k,650,Dnipropetrovs'ka,9966,35.04618,48.46472,ADM3,1,1,1,1,0,0,0,0,0,0,0,0,0,1,0,0,0,0,0,1,0,0,0,1,0,,,46062
bert_20260228023827,1301,20260210,1,2953297,liveuamap,686896,PPLA2,Zolochiv,L'viv,1289,Zolochivs'kyi,41422,24.9032,49.80753,ADM3,1,1,0,1,0,0,0,0,0,0,1,0,0,0,0,0,0,0,0,0,0,0,0,1,0,,,46062
bert_20260228023827,250381,20260210,1,2953298,liveuamap,706483,PPLA,Kharkiv,Kharkiv,1191,Kharkivs'ka,17850,36.2312,49.99217,ADM3,1,1,0,1,0,0,0,0,0,0,1,0,0,0,0,0,0,0,0,0,0,0,0,1,0,,,46062
bert_20260228023827,49231,20260210,1,2953299,liveuamap,692194,PPLA,Sumy,Sumy,2356,Sums'ka,35425,34.80276,50.91198,ADM3,1,1,1,0,1,0,0,0,0,0,1,0,0,0,0,0,0,0,0,0,0,0,0,0,0,,,46062
bert_20260228023827,57737,20260210,1,2953300,liveuamap,693468,PPL,Sloviansk,Donets'k,655,Slovians'ka,34511,37.60582,48.85227,ADM3,1,0,1,0,0,0,0,0,0,0,0,0,0,0,0,1,0,0,0,0,0,0,0,0,0,,,46062
bert_20260228023827,55636,20260210,1,2953301,liveuamap,693065,PPLX,Sotsmisto,Donets'k,655,Kramators'ka,18898,37.5844,48.73898,ADM3,1,0,1,0,0,0,0,0,0,0,0,0,0,0,0,1,0,0,0,0,0,0,0,0,0,,,46062
bert_20260228023827,250379,20260210,1,2953302,liveuamap,706483,PPLA,Kharkiv,Kharkiv,1191,Kharkivs'ka,17850,36.2312,49.99217,ADM3,1,0,1,0,0,0,0,0,0,0,0,0,0,0,0,1,0,0,0,0,0,0,0,0,0,,,46062
bert_20260228023827,32690,20260210,1,2953303,liveuamap,689304,PPLA2,Vovchansk,Kharkiv,1191,Vovchans'kyi,39837,36.9368,50.29401,ADM3,1,0,1,0,0,0,0,0,0,0,0,0,0,0,0,1,0,0,0,0,0,0,0,0,0,,,46062
bert_20260228023827,203615,20260210,1,2953304,liveuamap,704422,PPLA2,Pokrovsk,Donets'k,655,Krasnoarmiis'kyi,18918,37.1756,48.28035,ADM3,1,1,1,0,0,0,0,0,0,0,0,0,0,0,0,1,0,0,0,0,0,0,0,0,0,,,46062
bert_20260228023827,287967,20260210,1,2953306,liveuamap,710035,PPLA2,Myrnohrad,Donets'k,655,Krasnoarmiis'ka,18917,37.26806,48.29097,ADM3,1,1,1,0,0,0,0,0,0,0,0,0,0,0,0,1,0,0,0,0,0,0,0,0,0,,,46062
bert_20260228023827,287217,20260210,1,2953307,liveuamap,709930,PPLA,Dnipro,Dnipropetrovs'k,650,Dnipropetrovs'ka,9966,35.04618,48.46472,ADM3,1,1,1,1,0,0,0,0,1,0,0,0,0,0,0,0,0,0,0,0,0,0,0,0,0,,,46062
bert_20260228023827,20584,20260210,1,2953308,liveuamap,688228,PPL,Dibrovy,Kirovohrad,1222,Oleksandriis'kyi,26476,33.06403,48.78726,ADM3,1,1,1,1,0,0,0,0,1,0,0,0,0,0,0,0,0,0,0,0,0,0,0,0,0,,,46062
bert_20260228023827,26179,20260210,1,2953309,liveuamap,688871,PPL,Vozdvyzhivka,Zaporizhzhya,2730,Novomykola‹vs'kyi,25913,36.07979,47.74727,ADM3,1,1,1,1,0,0,0,0,1,0,0,0,0,0,0,0,0,0,0,0,0,0,0,0,0,,,46062
bert_20260228023827,338901,20260210,1,2953310,liveuamap,802277,PPL,Protsenko,Donets'k,655,Amvrosi‹vs'kyi,1671,38.206,47.738,ADM3,1,1,1,1,0,0,0,0,1,0,0,0,0,0,0,0,0,0,0,0,0,0,0,0,0,,,46062
bert_20260228023827,19421,20260210,1,2953311,liveuamap,687700,PPLA,Zaporizhzhya,Zaporizhzhya,2730,Zaporiz'ka,41153,35.13885,47.83831,ADM3,1,1,1,1,0,0,0,0,1,0,0,0,0,0,0,0,0,0,0,0,0,0,0,0,0,,,46062
bert_20260228023827,197376,20260210,1,2953312,liveuamap,704204,PPL,Lyman,Donets'k,655,Krasnolymans'kyi,18941,37.82245,48.96409,ADM3,1,0,1,0,0,0,0,0,0,0,0,0,0,0,0,1,0,0,0,0,0,0,0,0,0,,,46062
bert_20260228023827,192458,20260210,1,2953313,liveuamap,703656,PPLA2,Kupiansk,Kharkiv,1191,Kupians'ka,19188,37.61478,49.7108,ADM3,1,1,1,1,0,0,0,0,0,0,0,0,0,0,0,1,0,0,0,0,0,0,0,0,0,,,46062
bert_20260228023827,208625,20260210,1,2953315,liveuamap,705104,PPL,Kostiantynivka,Donets'k,655,Kostiantynivs'ka,18738,37.69368,48.53467,ADM3,1,0,1,0,0,0,0,0,0,0,0,0,0,0,0,1,0,0,0,0,0,0,0,0,0,,,46062
bert_20260228023827,257485,20260210,1,2953316,liveuamap,707464,PPL,Ivanopillia,Donets'k,655,Kostiantynivs'kyi,18739,37.76439,48.47357,ADM3,1,0,1,0,0,0,0,0,0,0,0,0,0,0,0,1,0,0,0,0,0,0,0,0,0,,,46062
bert_20260228023827,89976,20260210,1,2953317,liveuamap,696218,PPL,Pryvillia,Luhans'k,1405,Popasnians'kyi,28982,38.30109,48.99971,ADM3,1,0,1,0,0,0,0,0,0,0,0,0,0,0,0,1,0,0,0,0,0,0,0,0,0,,,46062
bert_20260228023827,257338,20260210,1,2953318,liveuamap,707414,PPL,Ivanivka,Luhans'k,1405,Antratsytivs'kyi,1932,38.9352,48.23788,ADM3,1,0,1,0,0,0,0,0,0,0,0,0,0,0,0,1,0,0,0,0,0,0,0,0,0,,,46062
bert_20260228023827,69482,20260210,1,2953319,liveuamap,694301,PPL,Shcherbaky,Kiev,1209,Volodars'kyi,39784,29.95282,49.63661,ADM3,1,0,1,0,0,0,0,0,0,0,0,0,0,0,0,1,0,0,0,0,0,0,0,0,0,,,46062
bert_20260228023827,376820,20260210,1,2953320,liveuamap,9532052,PPL,Huliaipilske,Zaporizhzhya,2730,Huliaipil's'kyi,14713,36.06122,47.61272,ADM3,1,0,1,0,0,0,0,0,0,0,0,0,0,0,0,1,0,0,0,0,0,0,0,0,0,,,46062
bert_20260228023827,261562,20260210,1,2953321,liveuamap,707898,PPLA2,Hulyaypole,Zaporizhzhya,2730,Huliaipil's'kyi,14713,36.25322,47.66644,ADM3,1,0,1,0,0,0,0,0,0,0,0,0,0,0,0,1,0,0,0,0,0,0,0,0,0,,,46062
bert_20260228023827,268929,20260210,1,2953322,liveuamap,709671,PPL,Dorozhnianka,Zaporizhzhya,2730,Huliaipil's'kyi,14713,36.26004,47.58678,ADM3,1,0,1,0,0,0,0,0,0,0,0,0,0,0,0,1,0,0,0,0,0,0,0,0,0,,,46062
bert_20260228023827,360542,20260210,1,2953323,liveuamap,8419787,PPL,Zakumske,Sumy,2356,Sums'kyi,35426,34.64912,50.95537,ADM2,1,1,1,1,0,0,0,0,0,0,0,0,0,0,1,1,0,0,0,0,0,0,1,0,0,,,46062
bert_20260228023827,203618,20260210,1,2959354,unian,704422,PPLA2,Pokrovsk,Donets'k,655,Krasnoarmiis'kyi,18918,37.1756,48.28035,ADM3,1,1,1,1,0,0,0,0,0,0,0,0,0,0,1,1,0,0,1,0,0,0,0,0,0,,,46062
bert_20260228023827,205893,20260210,1,2959355,unian,704568,PPL,Kozerohy,Chernihiv,498,Chernihivs'kyi,7661,31.0412,51.30626,ADM3,0,0,0,0,0,0,0,0,0,0,0,0,0,0,0,0,0,0,0,0,0,0,0,0,0,,,46062
bert_20260228023827,135,20260210,1,2959356,unian,613273,PPL,Lebedyn,Sumy,2356,Lebedyns'kyi,20119,34.48274,50.58297,ADM3,0,1,0,0,0,0,1,0,0,0,0,0,1,0,0,0,0,0,0,0,0,0,0,0,0,,,46062
bert_20260228023827,143777,20260211,1,3041368,liga,701822,PPL,Mariupol,Donets'k,655,Mariupol's'ka,22073,37.54144,47.0967,ADM3,1,1,1,0,0,1,0,0,0,0,0,0,0,0,0,0,0,0,0,0,0,0,0,0,0,,,46063
bert_20260228023827,258285,20260211,1,3022584,liga,707471,PPLA,Ivano-Frankivsk,Ivano-Frankivs'k,1023,Ivano-Frankivs'ka,15846,24.71116,48.92268,ADM3,0,0,0,0,0,0,1,0,0,0,0,0,0,0,0,0,0,0,0,0,0,0,0,0,0,,,46063
bert_20260228023827,188551,20260211,1,3010078,liga,703448,PPLC,Kyiv,Kiev City,1210,Shevchenkivs'kyi,33738,30.52355,50.45044,ADM3,0,0,0,0,0,1,0,0,0,0,0,0,0,0,0,0,0,0,0,0,0,0,0,0,0,,,46063
bert_20260228023827,250382,20260211,2,"2984976, 2971936","liga, unian",706483,PPLA,Kharkiv,Kharkiv,1191,Kharkivs'ka,17850,36.2312,49.99217,ADM3,0,0,0,0,0,0,0,0,0,0,0,0,0,0,0,0,0,0,0,0,0,0,0,0,0,,,46063
bert_20260228023827,250383,20260211,1,2984977,liga,706483,PPLA,Kharkiv,Kharkiv,1191,Kharkivs'ka,17850,36.2312,49.99217,ADM3,0,0,0,0,0,0,0,0,0,0,1,0,0,0,0,0,0,0,0,0,0,0,0,0,0,,,46063
bert_20260228023827,203622,20260211,1,2971965,espreso,704422,PPLA2,Pokrovsk,Donets'k,655,Krasnoarmiis'kyi,18918,37.1756,48.28035,ADM3,1,1,1,1,0,0,0,0,0,0,0,0,0,0,0,1,0,0,0,0,0,0,0,0,0,,,46063
bert_20260228023827,203621,20260211,1,2971966,espreso,704422,PPLA2,Pokrovsk,Donets'k,655,Krasnoarmiis'kyi,18918,37.1756,48.28035,ADM3,1,1,1,0,0,0,0,0,0,0,1,0,0,0,1,0,0,0,0,0,0,0,0,0,0,,,46063
bert_20260228023827,188552,20260211,1,2972303,liga,703448,PPLC,Kyiv,Kiev City,1210,Shevchenkivs'kyi,33738,30.52355,50.45044,ADM3,0,0,1,0,0,0,1,0,0,0,0,0,0,0,0,0,0,0,0,0,0,0,0,0,0,,,46063
bert_20260228023827,323933,20260211,1,2972304,liga,712956,PPL,Bakhmutivka,Luhans'k,1405,Novoaidars'kyi,25882,39.04452,48.86708,ADM3,0,0,1,0,0,0,1,0,0,0,0,0,0,0,0,0,0,0,0,0,0,0,0,0,0,,,46063
bert_20260228023827,357673,20260211,1,2972305,liga,8250815,PPL,Karpaty,Transcarpathia,2491,Mukachivs'kyi,24017,22.8742,48.52159,ADM3,0,0,0,0,0,1,1,0,0,0,0,0,0,0,0,0,0,0,0,1,0,0,0,0,0,,,46063
bert_20260228023827,135471,20260211,1,2965629,espreso,701404,PPLA2,Melitopol,Zaporizhzhya,2730,Melitopol's'kyi,22691,35.37288,46.84219,ADM3,1,1,1,1,0,0,0,0,0,0,0,0,0,0,0,0,0,1,1,0,0,0,0,0,0,,,46063
bert_20260228023827,308611,20260211,1,2965630,espreso,711894,PPLA2,Bohodukhiv,Kharkiv,1191,Bohodukhivs'kyi,4966,35.52205,50.16017,ADM3,1,1,1,1,0,0,0,0,0,0,1,0,0,0,0,0,0,0,0,1,0,0,0,1,0,,,46063
bert_20260228023827,217167,20260211,1,2965631,espreso,705183,PPL,Slobozhans'ke,Kharkiv,1191,Zmiïvs'kyi,41407,36.50512,49.61494,ADM1,1,1,1,1,0,0,0,0,0,0,1,0,0,0,0,0,0,0,0,1,0,0,0,1,0,,,46063
bert_20260228023827,67833,20260211,1,2965632,espreso,693805,PPLA2,Simferopol,Crimea,579,Simferopol's'ka,34229,34.09941,44.95363,ADM3,0,1,0,1,0,0,0,0,0,0,0,0,0,0,0,0,0,0,1,0,0,0,0,0,0,,,46063
bert_20260228023827,154176,20260211,1,2965633,espreso,702550,PPLA,Lviv,L'viv,1289,L'vivs'ka,19402,24.0299,49.83932,ADM3,1,1,1,1,0,0,0,1,0,0,1,0,0,1,0,0,0,0,0,1,0,0,0,0,0,,,46063
bert_20260228023827,19423,20260211,1,2965634,espreso,687700,PPLA,Zaporizhzhya,Zaporizhzhya,2730,Zaporiz'ka,41153,35.13885,47.83831,ADM3,1,1,0,1,0,0,0,0,0,0,0,0,0,0,0,0,0,0,0,1,0,0,0,0,0,,,46063
bert_20260228023827,132587,20260211,1,2965635,espreso,701372,PPL,Mena,Chernihiv,498,Mens'kyi,22740,32.21638,51.52279,ADM3,0,0,0,0,0,0,0,0,0,0,0,0,0,0,0,0,0,0,0,0,0,0,0,0,0,,,46063
bert_20260228023827,203623,20260211,1,2965636,espreso,704422,PPLA2,Pokrovsk,Donets'k,655,Krasnoarmiis'kyi,18918,37.1756,48.28035,ADM3,1,1,1,1,0,0,0,0,0,0,0,0,0,0,0,1,0,0,0,0,0,0,1,0,0,,,46063
bert_20260228023827,323218,20260211,1,2965637,espreso,712794,PPL,Barvinkove,Kharkiv,1191,Barvinkivs'kyi,3770,37.02319,48.90994,STREET,1,1,0,1,0,0,0,0,0,0,0,0,0,0,0,0,0,0,0,1,0,0,0,1,0,,,46063
bert_20260228023827,217166,20260211,2,"2965638, 2965626","espreso, unian",705183,PPL,Slobozhans'ke,Kharkiv,1191,Zmiïvs'kyi,41407,36.50512,49.61494,ADM1,1,1,0,1,0,0,0,0,0,0,0,0,0,0,0,0,0,0,0,1,0,0,0,1,0,,,46063
bert_20260228023827,82451,20260211,1,2965890,liga,695094,PPLX,Ruttschenkowo,Donets'k,655,Donets'ka,10139,37.67529,47.95508,ADM1,1,1,1,0,0,0,0,0,0,0,0,0,0,0,1,0,0,0,1,0,0,0,0,0,0,,,46063
bert_20260228023827,19424,20260211,1,2965891,liga,687700,PPLA,Zaporizhzhya,Zaporizhzhya,2730,Zaporiz'ka,41153,35.13885,47.83831,ADM3,1,1,1,0,0,0,0,0,0,0,0,0,0,0,1,0,0,0,1,0,0,0,0,0,0,,,46063
bert_20260228023827,188553,20260211,1,2965892,liga,703448,PPLC,Kyiv,Kiev City,1210,Shevchenkivs'kyi,33738,30.52355,50.45044,ADM3,1,1,0,1,0,0,0,0,0,0,0,0,0,0,0,0,0,0,0,1,0,0,0,0,0,,,46063
bert_20260228023827,308610,20260211,2,"2971935, 2965627",unian,711894,PPLA2,Bohodukhiv,Kharkiv,1191,Bohodukhivs'kyi,4966,35.52205,50.16017,ADM3,1,0,0,0,0,0,0,0,0,0,0,0,0,0,0,0,0,0,0,1,0,0,0,1,0,,,46063
bert_20260228023827,19427,20260211,1,2971937,unian,687700,PPLA,Zaporizhzhya,Zaporizhzhya,2730,Zaporiz'ka,41153,35.13885,47.83831,ADM3,1,1,1,1,0,0,0,0,0,0,1,0,0,0,0,0,0,0,0,1,0,0,0,0,0,,,46063
bert_20260228023827,19425,20260211,1,2971938,unian,687700,PPLA,Zaporizhzhya,Zaporizhzhya,2730,Zaporiz'ka,41153,35.13885,47.83831,ADM3,1,1,1,0,1,0,0,0,0,0,0,0,0,0,1,0,0,0,0,0,0,0,0,0,0,,,46063
bert_20260228023827,67834,20260211,1,2971939,unian,693805,PPLA2,Simferopol,Crimea,579,Simferopol's'ka,34229,34.09941,44.95363,ADM3,1,1,1,1,0,0,0,1,1,0,1,0,0,1,0,0,0,0,0,1,0,0,0,0,0,,,46063
bert_20260228023827,82452,20260211,1,2971940,unian,695094,PPLX,Ruttschenkowo,Donets'k,655,Donets'ka,10139,37.67529,47.95508,ADM1,0,1,1,0,0,0,1,0,0,0,0,0,0,0,1,0,0,0,0,0,0,0,0,0,0,,,46063
bert_20260228023827,188549,20260211,1,2971941,unian,703448,PPLC,Kyiv,Kiev City,1210,Shevchenkivs'kyi,33738,30.52355,50.45044,ADM3,0,0,0,0,0,0,0,0,0,0,0,0,0,0,0,0,0,0,0,0,0,0,0,0,0,,,46063
bert_20260228023827,263057,20260211,1,2971942,unian,708362,PPL,Horodyshche,Ternopil',2432,Kozivs'kyi,18874,25.33846,49.48736,ADM3,0,0,0,0,0,0,0,0,0,0,0,0,0,0,0,0,0,0,0,0,0,0,0,0,0,,,46063
bert_20260228023827,38236,20260211,1,2971943,unian,690773,PPL,Ukrainka,Kiev,1209,Obukhivs'kyi,26204,30.74207,50.15372,ADM3,0,0,0,0,0,1,0,0,0,0,0,0,0,0,0,0,0,0,0,0,0,0,0,0,0,,,46063
bert_20260228023827,123880,20260211,1,2971944,unian,700203,PPL,Nykyforivka,Donets'k,655,Artemivs'kyi,2372,37.89733,48.77141,ADM3,1,1,1,1,0,0,0,0,0,0,0,0,0,0,1,0,0,0,1,0,0,0,0,0,0,,,46063
bert_20260228023827,307886,20260211,1,2971945,unian,711693,PPL,Bondarne,Donets'k,655,Artemivs'kyi,2372,37.92765,48.7441,ADM3,1,1,1,1,0,0,0,0,0,0,0,0,0,0,1,0,0,0,1,0,0,0,0,0,0,,,46063
bert_20260228023827,19426,20260211,1,2971946,unian,687700,PPLA,Zaporizhzhya,Zaporizhzhya,2730,Zaporiz'ka,41153,35.13885,47.83831,ADM3,1,1,1,0,1,0,0,0,0,0,0,0,0,0,1,0,0,0,0,1,0,0,0,0,0,,,46063
bert_20260228023827,289812,20260211,1,2971947,unian,710403,PPLQ,Chornobyl,Kiev,1209,Ivankivs'kyi,15844,30.211,51.27784,ADM3,0,0,0,0,0,1,1,0,0,0,0,0,0,0,0,0,0,0,0,0,0,0,0,0,0,,,46063
bert_20260228023827,393705,20260211,1,2971948,unian,11777953,PPL,Deremezna,Kiev,1209,Obukhivs'kyi,26204,30.47662,50.02393,ADM1,0,0,1,0,0,0,0,0,0,0,0,0,0,0,0,0,0,0,0,0,0,0,0,0,0,,,46063
bert_20260228023827,319046,20260211,1,2971949,unian,712609,PPL,Bilka,Odessa,1800,Ivanivs'kyi,15842,30.40579,46.90822,ADM1,1,1,1,1,0,0,0,0,0,0,0,0,0,0,0,0,0,0,0,1,0,0,1,1,0,,,46063
bert_20260228023827,112456,20260211,1,2971950,unian,698740,PPLA,Odessa,Odessa,1800,Odes'ka,26260,30.73169,46.48421,ADM3,0,0,0,0,0,1,1,0,0,0,0,0,0,0,0,0,0,0,0,0,0,0,0,0,0,,,46063
bert_20260228023827,19428,20260211,1,2971951,unian,687700,PPLA,Zaporizhzhya,Zaporizhzhya,2730,Zaporiz'ka,41153,35.13885,47.83831,ADM3,1,1,1,1,1,0,0,0,0,0,0,0,0,0,1,1,0,0,0,0,0,0,0,0,0,,,46063
bert_20260228023827,250384,20260211,1,2971952,unian,706483,PPLA,Kharkiv,Kharkiv,1191,Kharkivs'ka,17850,36.2312,49.99217,ADM3,0,1,1,1,0,0,0,0,0,0,0,0,0,0,0,0,0,0,0,0,0,0,0,0,0,,,46063
bert_20260228023827,304251,20260211,1,2971953,unian,710791,PPLA,Cherkasy,Cherkasy,497,Cherkas'ka,7654,32.05977,49.44443,ADM3,0,0,0,0,0,0,1,0,0,0,0,0,0,0,0,0,0,0,0,0,0,0,0,0,0,,,46063
bert_20260228023827,188550,20260211,2,"2971954, 2965628",unian,703448,PPLC,Kyiv,Kiev City,1210,Shevchenkivs'kyi,33738,30.52355,50.45044,ADM3,0,0,0,0,0,0,1,0,0,0,0,0,0,0,0,0,0,0,0,0,0,0,0,0,0,,,46063
bert_20260228023827,373698,20260211,1,2971955,unian,9114542,PPL,Novyi,Luhans'k,1405,Krasnoluts'ka,18939,38.59081,48.49995,ADM3,0,0,0,0,0,1,1,0,0,0,0,0,0,0,0,0,0,0,0,0,0,0,0,0,0,,,46063
bert_20260228023827,154175,20260211,1,2971956,unian,702550,PPLA,Lviv,L'viv,1289,L'vivs'ka,19402,24.0299,49.83932,ADM3,0,0,0,0,0,0,1,0,0,0,0,0,0,0,0,0,0,0,0,0,0,0,0,0,0,,,46063
bert_20260228023827,6494,20260211,1,2971957,unian,687557,PPL,Zatoka,Odessa,1800,Bilhorod-Dnistrovs'kyi,4609,30.45033,46.06396,ADM3,0,0,1,0,0,0,1,0,0,0,0,0,0,0,0,0,0,0,0,0,0,0,0,0,0,,,46063
bert_20260228023827,217165,20260211,1,2959367,espreso,705183,PPL,Slobozhans'ke,Kharkiv,1191,Zmiïvs'kyi,41407,36.50512,49.61494,ADM1,0,0,0,0,0,0,0,0,0,0,0,0,0,0,0,0,0,0,0,0,0,0,0,0,0,,,46063
bert_20260228023827,19422,20260211,1,2959598,liveuamap,687700,PPLA,Zaporizhzhya,Zaporizhzhya,2730,Zaporiz'ka,41153,35.13885,47.83831,ADM3,1,0,0,1,0,0,0,0,0,0,1,0,0,0,0,0,0,0,0,1,0,0,0,0,0,,,46063
bert_20260228023827,55639,20260211,1,2959599,liveuamap,693065,PPLX,Sotsmisto,Donets'k,655,Kramators'ka,18898,37.5844,48.73898,ADM3,1,0,1,0,0,0,0,0,0,0,0,0,0,0,0,1,0,0,0,0,0,0,0,0,0,,,46063
bert_20260228023827,370607,20260211,1,2959600,liveuamap,9113948,PPL,Stupochky,Donets'k,655,Kostiantynivs'kyi,18739,37.82831,48.53838,STREET,1,0,1,0,0,0,0,0,0,0,0,0,0,0,0,1,0,0,0,0,0,0,0,0,0,,,46063
bert_20260228023827,376821,20260211,1,2959601,liveuamap,9532052,PPL,Huliaipilske,Zaporizhzhya,2730,Huliaipil's'kyi,14713,36.06122,47.61272,ADM3,1,0,1,0,0,0,0,0,0,0,0,0,0,0,0,1,0,0,0,0,0,0,0,0,0,,,46063
bert_20260228023827,261564,20260211,1,2959602,liveuamap,707898,PPLA2,Hulyaypole,Zaporizhzhya,2730,Huliaipil's'kyi,14713,36.25322,47.66644,ADM3,1,0,1,0,0,0,0,0,0,0,0,0,0,0,0,1,0,0,0,0,0,0,0,0,0,,,46063
bert_20260228023827,115290,20260211,1,2959603,liveuamap,699185,PPLA3,Novoselivka,Donets'k,655,Krasnolymans'kyi,18941,37.69735,49.07541,ADM3,1,1,1,1,0,0,0,0,1,0,0,0,0,0,0,0,0,0,0,0,0,0,0,0,0,,,46063
bert_20260228023827,20585,20260211,1,2959604,liveuamap,688228,PPL,Dibrovy,Kirovohrad,1222,Oleksandriis'kyi,26476,33.06403,48.78726,ADM3,1,1,1,1,0,0,0,0,1,0,0,0,0,0,0,0,0,0,0,0,0,0,0,0,0,,,46063
bert_20260228023827,304927,20260211,1,2959605,liveuamap,710925,PPL,Charivne,Zaporizhzhya,2730,Orikhivs'kyi,26748,36.03595,47.58161,ADM3,1,1,1,1,0,0,0,0,1,0,0,0,0,0,0,0,0,0,0,0,0,0,0,0,0,,,46063
bert_20260228023827,26180,20260211,1,2959606,liveuamap,688871,PPL,Vozdvyzhivka,Zaporizhzhya,2730,Novomykola‹vs'kyi,25913,36.07979,47.74727,ADM3,1,1,1,1,0,0,0,0,1,0,0,0,0,0,0,0,0,0,0,0,0,0,0,0,0,,,46063
bert_20260228023827,376822,20260211,1,2959607,liveuamap,9532052,PPL,Huliaipilske,Zaporizhzhya,2730,Huliaipil's'kyi,14713,36.06122,47.61272,ADM3,1,1,1,1,0,0,0,0,1,0,0,0,0,0,0,0,0,0,0,0,0,0,0,0,0,,,46063
bert_20260228023827,197377,20260211,1,2959608,liveuamap,704204,PPL,Lyman,Donets'k,655,Krasnolymans'kyi,18941,37.82245,48.96409,ADM3,1,0,1,0,0,0,0,0,0,0,0,0,0,0,0,1,0,0,0,0,0,0,0,0,0,,,46063
bert_20260228023827,192459,20260211,1,2959609,liveuamap,703656,PPLA2,Kupiansk,Kharkiv,1191,Kupians'ka,19188,37.61478,49.7108,ADM3,1,0,1,0,0,0,0,0,0,0,0,0,0,0,0,1,0,0,0,0,0,0,0,0,0,,,46063
bert_20260228023827,203620,20260211,1,2959610,liveuamap,704422,PPLA2,Pokrovsk,Donets'k,655,Krasnoarmiis'kyi,18918,37.1756,48.28035,ADM3,1,0,1,0,0,0,0,0,0,0,0,0,0,0,0,1,0,0,0,0,0,0,0,0,0,,,46063
bert_20260228023827,287971,20260211,1,2959611,liveuamap,710035,PPLA2,Myrnohrad,Donets'k,655,Krasnoarmiis'ka,18917,37.26806,48.29097,ADM3,1,0,1,0,0,0,0,0,0,0,0,0,0,0,0,1,0,0,0,0,0,0,0,0,0,,,46063
bert_20260228023827,235345,20260211,1,2959613,liveuamap,706448,PPLA,Kherson,Kherson,1195,Khersons'ka,17890,32.61496,46.64032,ADM3,1,1,1,1,0,0,0,0,0,0,0,0,0,0,1,0,0,0,0,0,0,0,1,0,0,,,46063
bert_20260228023827,32691,20260211,1,2959614,liveuamap,689304,PPLA2,Vovchansk,Kharkiv,1191,Vovchans'kyi,39837,36.9368,50.29401,ADM3,1,0,1,0,0,0,0,0,0,0,0,0,0,0,0,1,0,0,0,0,0,0,0,0,0,,,46063
bert_20260228023827,57739,20260211,1,2959615,liveuamap,693468,PPL,Sloviansk,Donets'k,655,Slovians'ka,34511,37.60582,48.85227,ADM3,1,0,1,0,0,0,0,0,0,0,0,0,0,0,0,1,0,0,0,0,0,0,0,0,0,,,46063
bert_20260228023827,208626,20260211,1,2959616,liveuamap,705104,PPL,Kostiantynivka,Donets'k,655,Kostiantynivs'ka,18738,37.69368,48.53467,ADM3,1,0,1,0,0,0,0,0,0,0,0,0,0,0,0,1,0,0,0,0,0,0,0,0,0,,,46063
bert_20260228023827,50100,20260211,1,2959617,liveuamap,692248,PPL,Stepnohirsk,Zaporizhzhya,2730,Vasylivs'kyi,39200,35.36408,47.58871,ADM3,1,0,1,0,0,0,0,0,0,0,0,0,0,0,0,1,0,0,0,0,0,0,0,0,0,,,46063
bert_20260228023827,360543,20260211,1,2959618,liveuamap,8419787,PPL,Zakumske,Sumy,2356,Sums'kyi,35426,34.64912,50.95537,ADM2,1,1,1,1,0,0,0,0,0,0,0,0,0,0,1,0,0,0,0,0,0,0,0,0,0,,,46063
bert_20260228023827,143778,20260212,1,3041372,liga,701822,PPL,Mariupol,Donets'k,655,Mariupol's'ka,22073,37.54144,47.0967,ADM3,1,1,1,0,0,1,0,0,0,0,0,0,0,0,0,0,0,0,0,0,0,0,0,0,0,,,46064
bert_20260228023827,258286,20260212,1,3022588,liga,707471,PPLA,Ivano-Frankivsk,Ivano-Frankivs'k,1023,Ivano-Frankivs'ka,15846,24.71116,48.92268,ADM3,0,0,0,0,0,0,1,0,0,0,0,0,0,0,0,0,0,0,0,0,0,0,0,0,0,,,46064
bert_20260228023827,188557,20260212,1,3010082,liga,703448,PPLC,Kyiv,Kiev City,1210,Shevchenkivs'kyi,33738,30.52355,50.45044,ADM3,0,0,0,0,0,1,0,0,0,0,0,0,0,0,0,0,0,0,0,0,0,0,0,0,0,,,46064
bert_20260228023827,250385,20260212,1,2984981,liga,706483,PPLA,Kharkiv,Kharkiv,1191,Kharkivs'ka,17850,36.2312,49.99217,ADM3,0,0,0,0,0,0,0,0,0,0,0,0,0,0,0,0,0,0,0,0,0,0,0,0,0,,,46064
bert_20260228023827,250386,20260212,1,2984982,liga,706483,PPLA,Kharkiv,Kharkiv,1191,Kharkivs'ka,17850,36.2312,49.99217,ADM3,0,0,0,0,0,0,0,0,0,0,1,0,0,0,0,0,0,0,0,0,0,0,0,0,0,,,46064
bert_20260228023827,89739,20260212,3,"2984713, 2971973, 2978356","unian, espreso",696032,PPLA2,Pustomyty,L'viv,1289,Pustomytivs'kyi,29580,23.91674,49.71749,ADM1,1,1,1,0,0,0,0,0,0,0,0,0,0,0,0,0,0,0,0,0,0,0,1,0,0,,,46064
bert_20260228023827,203627,20260212,1,2971967,espreso,704422,PPLA2,Pokrovsk,Donets'k,655,Krasnoarmiis'kyi,18918,37.1756,48.28035,ADM3,1,1,1,1,0,0,0,0,0,0,0,0,0,0,0,1,0,0,0,0,0,0,1,0,0,,,46064
bert_20260228023827,287220,20260212,3,"2971968, 2972315, 2965898","espreso, liga",709930,PPLA,Dnipro,Dnipropetrovs'k,650,Dnipropetrovs'ka,9966,35.04618,48.46472,ADM3,1,1,1,1,0,0,0,0,0,0,1,0,0,0,0,0,0,0,0,1,0,0,0,1,0,,,46064
bert_20260228023827,188566,20260212,1,2971969,espreso,703448,PPLC,Kyiv,Kiev City,1210,Shevchenkivs'kyi,33738,30.52355,50.45044,ADM3,1,1,1,1,0,0,0,0,1,0,1,0,0,1,0,0,0,0,0,1,0,0,0,1,0,,,46064
bert_20260228023827,19431,20260212,1,2971970,espreso,687700,PPLA,Zaporizhzhya,Zaporizhzhya,2730,Zaporiz'ka,41153,35.13885,47.83831,ADM3,1,1,1,1,0,0,0,0,0,0,0,0,0,0,1,0,0,0,0,0,0,0,0,0,0,,,46064
bert_20260228023827,322983,20260212,1,2971971,espreso,712734,PPL,Baydivka,Luhans'k,1405,Starobil's'kyi,35084,38.90252,49.15874,ADM1,1,1,0,0,0,0,0,0,0,0,0,0,0,0,0,0,0,0,0,0,0,0,0,0,0,,,46064
bert_20260228023827,203628,20260212,2,"2971972, 2978349","espreso, unian",704422,PPLA2,Pokrovsk,Donets'k,655,Krasnoarmiis'kyi,18918,37.1756,48.28035,ADM3,1,1,1,1,0,0,0,0,0,0,0,0,0,0,1,0,0,0,0,0,0,0,0,0,0,,,46064
bert_20260228023827,188564,20260212,1,2971974,espreso,703448,PPLC,Kyiv,Kiev City,1210,Shevchenkivs'kyi,33738,30.52355,50.45044,ADM3,1,1,1,1,0,0,0,0,0,0,0,0,0,0,0,0,0,0,0,1,0,0,0,1,0,,,46064
bert_20260228023827,203624,20260212,1,2971975,espreso,704422,PPLA2,Pokrovsk,Donets'k,655,Krasnoarmiis'kyi,18918,37.1756,48.28035,ADM3,1,0,1,0,0,0,0,0,0,0,0,0,0,0,0,1,0,0,0,0,0,0,0,0,0,,,46064
bert_20260228023827,112461,20260212,2,"2972313, 2965896",liga,698740,PPLA,Odessa,Odessa,1800,Odes'ka,26260,30.73169,46.48421,ADM3,1,1,1,1,0,0,0,0,0,0,1,0,0,0,0,0,0,0,0,1,0,0,0,1,0,,,46064
bert_20260228023827,188565,20260212,2,"2972314, 2965897",liga,703448,PPLC,Kyiv,Kiev City,1210,Shevchenkivs'kyi,33738,30.52355,50.45044,ADM3,1,1,1,1,0,0,0,0,0,0,1,0,0,0,0,0,0,0,0,1,0,0,0,1,0,,,46064
bert_20260228023827,188558,20260212,1,2972316,liga,703448,PPLC,Kyiv,Kiev City,1210,Shevchenkivs'kyi,33738,30.52355,50.45044,ADM3,0,0,1,0,0,0,1,0,0,0,0,0,0,0,0,0,0,0,0,0,0,0,0,0,0,,,46064
bert_20260228023827,323934,20260212,1,2972317,liga,712956,PPL,Bakhmutivka,Luhans'k,1405,Novoaidars'kyi,25882,39.04452,48.86708,ADM3,0,0,1,0,0,0,1,0,0,0,0,0,0,0,0,0,0,0,0,0,0,0,0,0,0,,,46064
bert_20260228023827,357674,20260212,1,2972318,liga,8250815,PPL,Karpaty,Transcarpathia,2491,Mukachivs'kyi,24017,22.8742,48.52159,ADM3,0,0,0,0,0,1,1,0,0,0,0,0,0,0,0,0,0,0,0,1,0,0,0,0,0,,,46064
bert_20260228023827,112458,20260212,1,2978342,unian,698740,PPLA,Odessa,Odessa,1800,Odes'ka,26260,30.73169,46.48421,ADM3,1,1,0,1,0,0,0,0,0,0,0,0,0,0,0,0,0,0,0,1,0,0,0,0,0,,,46064
bert_20260228023827,188556,20260212,3,"2978344, 2978355, 2971963",unian,703448,PPLC,Kyiv,Kiev City,1210,Shevchenkivs'kyi,33738,30.52355,50.45044,ADM3,0,0,0,0,0,0,1,0,0,0,0,0,0,0,0,0,0,0,0,0,0,0,0,0,0,,,46064
bert_20260228023827,188561,20260212,2,"2978345, 2971964",unian,703448,PPLC,Kyiv,Kiev City,1210,Shevchenkivs'kyi,33738,30.52355,50.45044,ADM3,1,1,0,1,0,0,0,0,0,0,1,0,0,0,0,0,0,0,0,1,0,0,0,1,0,,,46064
bert_20260228023827,188554,20260212,1,2978346,unian,703448,PPLC,Kyiv,Kiev City,1210,Shevchenkivs'kyi,33738,30.52355,50.45044,ADM3,0,0,0,0,0,0,0,0,0,0,0,0,0,0,0,0,0,0,0,1,0,0,0,0,0,,,46064
bert_20260228023827,203626,20260212,1,2978347,unian,704422,PPLA2,Pokrovsk,Donets'k,655,Krasnoarmiis'kyi,18918,37.1756,48.28035,ADM3,1,1,1,0,1,0,0,0,0,0,0,0,0,1,1,0,0,0,0,0,0,0,0,0,0,,,46064
bert_20260228023827,36850,20260212,1,2978348,unian,690548,PPLA,Uzhgorod,Transcarpathia,2491,Uzhhorods'ka,38884,22.2887,48.62526,ADM3,0,0,0,0,0,0,1,0,0,0,0,0,0,0,0,0,0,0,0,0,0,0,0,0,0,,,46064
bert_20260228023827,371305,20260212,1,2978350,unian,9114074,PPL,Druzhba,Donets'k,655,Kostiantynivs'kyi,18739,37.91028,48.41,ADM3,1,1,1,0,0,0,1,0,0,0,0,0,0,0,0,0,0,0,0,0,0,0,0,0,0,,,46064
bert_20260228023827,383233,20260212,1,2978351,unian,10323823,PPLX,Miskyi Ostriv,Donets'k,655,Mariupol's'ka,22073,37.57421,47.09605,ADM3,0,0,0,0,0,0,0,0,0,0,0,0,0,0,0,0,0,0,0,0,0,0,0,1,0,,,46064
bert_20260228023827,188559,20260212,1,2978352,unian,703448,PPLC,Kyiv,Kiev City,1210,Shevchenkivs'kyi,33738,30.52355,50.45044,ADM3,0,0,1,0,0,1,1,0,0,0,0,0,0,0,0,0,0,0,0,0,0,0,0,0,0,,,46064
bert_20260228023827,304252,20260212,1,2978353,unian,710791,PPLA,Cherkasy,Cherkasy,497,Cherkas'ka,7654,32.05977,49.44443,ADM3,0,0,1,0,0,0,0,0,0,0,0,0,0,0,0,0,0,0,0,0,0,0,0,0,0,,,46064
bert_20260228023827,45755,20260212,1,2978354,unian,691650,PPLA,Ternopil,Ternopil',2432,Ternopil's'ka,36855,25.6322,49.56994,ADM3,0,0,0,0,0,0,0,0,0,0,0,0,0,0,0,0,0,0,0,0,0,0,0,0,0,,,46064
bert_20260228023827,188562,20260212,1,2978357,unian,703448,PPLC,Kyiv,Kiev City,1210,Shevchenkivs'kyi,33738,30.52355,50.45044,ADM3,1,1,1,0,0,0,1,0,0,0,1,0,0,0,0,0,0,0,0,0,0,0,0,0,0,,,46064
bert_20260228023827,188563,20260212,1,2965893,liga,703448,PPLC,Kyiv,Kiev City,1210,Shevchenkivs'kyi,33738,30.52355,50.45044,ADM3,1,1,1,1,0,0,0,0,0,0,0,0,0,0,0,0,0,0,0,0,0,0,0,1,0,,,46064
bert_20260228023827,287219,20260212,1,2965894,liga,709930,PPLA,Dnipro,Dnipropetrovs'k,650,Dnipropetrovs'ka,9966,35.04618,48.46472,ADM3,1,1,1,1,0,0,0,0,0,0,0,0,0,0,0,0,0,0,0,0,0,0,0,1,0,,,46064
bert_20260228023827,112460,20260212,1,2965895,liga,698740,PPLA,Odessa,Odessa,1800,Odes'ka,26260,30.73169,46.48421,ADM3,1,1,1,1,0,0,0,0,0,0,0,0,0,0,0,0,0,0,0,0,0,0,0,1,0,,,46064
bert_20260228023827,188560,20260212,1,2965899,liga,703448,PPLC,Kyiv,Kiev City,1210,Shevchenkivs'kyi,33738,30.52355,50.45044,ADM3,1,1,0,1,0,0,0,0,0,0,0,0,0,0,0,0,0,0,0,1,0,0,0,0,0,,,46064
bert_20260228023827,287218,20260212,1,2965900,liveuamap,709930,PPLA,Dnipro,Dnipropetrovs'k,650,Dnipropetrovs'ka,9966,35.04618,48.46472,ADM3,1,1,0,0,1,0,0,0,0,0,0,0,0,0,0,0,0,0,0,0,0,0,0,0,0,,,46064
bert_20260228023827,389529,20260212,1,2965901,liveuamap,11776362,PPLH,Demiyevka,Kiev City,1210,Holosiïvs'kyi,14450,30.49585,50.38876,ADM3,1,0,0,0,0,0,0,0,0,0,0,0,0,0,0,0,1,0,0,1,0,0,0,0,0,,,46064
bert_20260228023827,188555,20260212,2,"2965902, 2965904",liveuamap,703448,PPLC,Kyiv,Kiev City,1210,Shevchenkivs'kyi,33738,30.52355,50.45044,ADM3,1,0,0,0,0,0,0,0,0,0,0,0,0,0,0,0,1,0,0,1,0,0,0,0,0,,,46064
bert_20260228023827,93762,20260212,1,2965903,liveuamap,696643,PPLA,Poltava,Poltava,1956,Poltavs'ka,28898,34.55125,49.58953,ADM3,1,1,1,0,1,0,0,0,0,0,1,0,0,0,0,0,0,1,1,1,0,0,0,0,0,,,46064
bert_20260228023827,397105,20260212,1,2965905,liveuamap,,,,,,,,35.38391,45.02665,ADM3,1,1,1,0,1,0,0,0,0,0,1,0,0,0,0,0,0,1,1,0,0,0,0,0,0,,,46064
bert_20260228023827,67835,20260212,1,2965906,liveuamap,693805,PPLA2,Simferopol,Crimea,579,Simferopol's'ka,34229,34.09941,44.95363,ADM3,1,1,1,0,1,0,0,0,0,0,1,0,0,0,0,0,0,1,1,0,0,0,0,0,0,,,46064
bert_20260228023827,323219,20260212,1,2965907,liveuamap,712794,PPL,Barvinkove,Kharkiv,1191,Barvinkivs'kyi,3770,37.02319,48.90994,STREET,1,1,0,1,0,0,0,0,0,0,1,0,0,1,0,0,0,0,0,1,0,0,0,1,0,,,46064
bert_20260228023827,250391,20260212,1,2965908,liveuamap,706483,PPLA,Kharkiv,Kharkiv,1191,Kharkivs'ka,17850,36.2312,49.99217,ADM3,1,1,0,1,0,0,0,0,0,0,1,0,0,1,0,0,0,0,0,1,0,0,0,1,0,,,46064
bert_20260228023827,250390,20260212,1,2965909,liveuamap,706483,PPLA,Kharkiv,Kharkiv,1191,Kharkivs'ka,17850,36.2312,49.99217,ADM3,1,1,0,1,0,0,0,0,0,0,1,0,0,0,0,0,0,0,0,1,0,0,0,1,0,,,46064
bert_20260228023827,112457,20260212,1,2965910,liveuamap,698740,PPLA,Odessa,Odessa,1800,Odes'ka,26260,30.73169,46.48421,ADM3,1,1,0,0,1,0,0,0,0,0,1,0,0,0,0,0,0,1,1,0,0,0,0,0,0,,,46064
bert_20260228023827,289393,20260212,1,2965911,liveuamap,710374,PPLA2,Chuhuiv,Kharkiv,1191,Chuhu‹vs'kyi,8040,36.67945,49.83527,ADM3,1,1,0,0,0,0,0,0,0,0,0,0,0,1,0,0,1,0,0,1,0,0,0,1,0,,,46064
bert_20260228023827,250388,20260212,1,2965912,liveuamap,706483,PPLA,Kharkiv,Kharkiv,1191,Kharkivs'ka,17850,36.2312,49.99217,ADM3,1,1,0,0,0,0,0,0,0,0,0,0,0,1,0,0,1,0,0,1,0,0,0,1,0,,,46064
bert_20260228023827,154177,20260212,1,2965913,liveuamap,702550,PPLA,Lviv,L'viv,1289,L'vivs'ka,19402,24.0299,49.83932,ADM3,1,1,1,1,1,0,0,1,0,0,1,0,0,0,0,0,0,1,0,1,0,0,0,1,0,,,46064
bert_20260228023827,209467,20260212,1,2965914,liveuamap,705135,PPLA2,Konotop,Sumy,2356,Konotops'kyi,18617,33.21017,51.23879,ADM3,1,1,1,0,1,0,0,0,0,0,1,0,0,0,0,0,0,1,0,1,0,0,0,0,0,,,46064
bert_20260228023827,345598,20260212,1,2965915,liveuamap,805500,PPL,Voronyne,Sumy,2356,Bilopils'kyi,4621,34.12376,51.10624,ADM1,1,1,1,0,1,0,0,0,0,0,1,0,0,0,0,0,0,1,0,1,0,0,0,0,0,,,46064
bert_20260228023827,19433,20260212,1,2965916,liveuamap,687700,PPLA,Zaporizhzhya,Zaporizhzhya,2730,Zaporiz'ka,41153,35.13885,47.83831,ADM3,1,1,1,1,0,0,0,0,1,0,0,0,0,0,0,0,0,0,0,1,0,0,0,0,0,,,46064
bert_20260228023827,208627,20260212,1,2965917,liveuamap,705104,PPL,Kostiantynivka,Donets'k,655,Kostiantynivs'ka,18738,37.69368,48.53467,ADM3,1,0,1,0,0,0,0,0,0,0,0,0,0,0,0,1,0,0,0,0,0,0,0,0,0,,,46064
bert_20260228023827,287221,20260212,1,2965918,liveuamap,709930,PPLA,Dnipro,Dnipropetrovs'k,650,Dnipropetrovs'ka,9966,35.04618,48.46472,ADM3,1,1,1,1,0,0,0,0,1,0,0,0,0,0,0,0,0,0,0,0,0,0,0,0,0,,,46064
bert_20260228023827,373699,20260212,1,2965919,liveuamap,9114542,PPL,Novyi,Luhans'k,1405,Krasnoluts'ka,18939,38.59081,48.49995,ADM3,1,1,1,1,0,0,0,0,1,0,0,0,0,0,0,0,0,0,0,0,0,0,0,0,0,,,46064
bert_20260228023827,252913,20260212,1,2965920,liveuamap,706941,PPL,Komyshuvakha,Zaporizhzhya,2730,Orikhivs'kyi,26748,35.52466,47.71952,ADM3,1,1,1,1,0,0,0,0,1,0,0,0,0,0,0,0,0,0,0,0,0,0,0,0,0,,,46064
bert_20260228023827,19432,20260212,1,2965921,liveuamap,687700,PPLA,Zaporizhzhya,Zaporizhzhya,2730,Zaporiz'ka,41153,35.13885,47.83831,ADM3,1,1,1,1,0,0,0,0,1,0,0,0,0,0,0,0,0,0,0,0,0,0,0,0,0,,,46064
bert_20260228023827,250645,20260212,1,2965922,liveuamap,706566,PPL,Kozatske,Kherson,1195,Beryslavs'kyi,4444,33.35034,46.78546,ADM3,1,1,1,1,0,0,0,0,1,0,0,0,0,0,0,0,0,0,0,0,0,0,0,0,0,,,46064
bert_20260228023827,235346,20260212,1,2965923,liveuamap,706448,PPLA,Kherson,Kherson,1195,Khersons'ka,17890,32.61496,46.64032,ADM3,1,1,1,1,0,0,0,0,1,0,0,0,0,0,0,0,0,0,0,0,0,0,0,0,0,,,46064
bert_20260228023827,376823,20260212,1,2965924,liveuamap,9532052,PPL,Huliaipilske,Zaporizhzhya,2730,Huliaipil's'kyi,14713,36.06122,47.61272,ADM3,1,0,1,0,0,0,0,0,0,0,0,0,0,0,0,1,0,0,0,0,0,0,0,0,0,,,46064
bert_20260228023827,261565,20260212,1,2965925,liveuamap,707898,PPLA2,Hulyaypole,Zaporizhzhya,2730,Huliaipil's'kyi,14713,36.25322,47.66644,ADM3,1,0,1,0,0,0,0,0,0,0,0,0,0,0,0,1,0,0,0,0,0,0,0,0,0,,,46064
bert_20260228023827,250387,20260212,1,2965926,liveuamap,706483,PPLA,Kharkiv,Kharkiv,1191,Kharkivs'ka,17850,36.2312,49.99217,ADM3,1,0,1,0,0,0,0,0,0,0,0,0,0,0,0,1,0,0,0,0,0,0,0,0,0,,,46064
bert_20260228023827,32692,20260212,1,2965927,liveuamap,689304,PPLA2,Vovchansk,Kharkiv,1191,Vovchans'kyi,39837,36.9368,50.29401,ADM3,1,0,1,0,0,0,0,0,0,0,0,0,0,0,0,1,0,0,0,0,0,0,0,0,0,,,46064
bert_20260228023827,20586,20260212,1,2965928,liveuamap,688228,PPL,Dibrovy,Kirovohrad,1222,Oleksandriis'kyi,26476,33.06403,48.78726,ADM3,1,0,1,0,0,0,0,0,0,0,0,0,0,0,0,1,0,0,0,0,0,0,0,0,0,,,46064
bert_20260228023827,57740,20260212,1,2965929,liveuamap,693468,PPL,Sloviansk,Donets'k,655,Slovians'ka,34511,37.60582,48.85227,ADM3,1,0,1,0,0,0,0,0,0,0,0,0,0,0,0,1,0,0,0,0,0,0,0,0,0,,,46064
bert_20260228023827,203625,20260212,1,2965930,liveuamap,704422,PPLA2,Pokrovsk,Donets'k,655,Krasnoarmiis'kyi,18918,37.1756,48.28035,ADM3,1,1,1,0,0,0,0,0,0,0,0,0,0,0,0,1,0,0,0,0,0,0,0,0,0,,,46064
bert_20260228023827,117583,20260212,1,2965932,liveuamap,699458,PPL,Novomykhailivka,Donets'k,655,Mar‹ns'kyi,21886,37.48298,47.85341,ADM3,1,1,1,0,0,0,0,0,0,0,0,0,0,0,0,1,0,0,0,0,0,0,0,0,0,,,46064
bert_20260228023827,19429,20260212,1,2965933,liveuamap,687700,PPLA,Zaporizhzhya,Zaporizhzhya,2730,Zaporiz'ka,41153,35.13885,47.83831,ADM3,1,1,0,1,0,0,0,0,0,0,1,0,0,0,0,0,0,0,0,0,0,0,0,1,0,,,46064
bert_20260228023827,19430,20260212,1,2965934,liveuamap,687700,PPLA,Zaporizhzhya,Zaporizhzhya,2730,Zaporiz'ka,41153,35.13885,47.83831,ADM3,1,1,1,0,0,0,0,0,0,0,0,0,0,0,1,0,0,0,1,0,0,0,0,0,0,,,46064
bert_20260228023827,308612,20260212,1,2965935,liveuamap,711894,PPLA2,Bohodukhiv,Kharkiv,1191,Bohodukhivs'kyi,4966,35.52205,50.16017,ADM3,1,1,0,1,0,0,0,0,0,0,1,0,0,0,0,0,0,0,0,0,0,0,0,1,0,,,46064
bert_20260228023827,250389,20260212,1,2965936,liveuamap,706483,PPLA,Kharkiv,Kharkiv,1191,Kharkivs'ka,17850,36.2312,49.99217,ADM3,1,1,0,1,0,0,0,0,0,0,1,0,0,0,0,0,0,0,0,0,0,0,0,1,0,,,46064
bert_20260228023827,19434,20260212,1,2971958,unian,687700,PPLA,Zaporizhzhya,Zaporizhzhya,2730,Zaporiz'ka,41153,35.13885,47.83831,ADM3,1,1,1,1,1,0,0,0,0,0,0,0,0,0,1,0,0,0,0,0,0,0,0,0,0,,,46064
bert_20260228023827,217168,20260212,1,2971959,unian,705183,PPL,Slobozhans'ke,Kharkiv,1191,Zmiïvs'kyi,41407,36.50512,49.61494,ADM1,1,1,0,1,0,0,0,0,0,0,0,0,0,0,0,0,0,0,0,1,0,0,0,1,0,,,46064
bert_20260228023827,203629,20260212,1,2971960,unian,704422,PPLA2,Pokrovsk,Donets'k,655,Krasnoarmiis'kyi,18918,37.1756,48.28035,ADM3,1,1,1,1,0,0,0,0,0,0,1,0,0,0,1,0,0,0,1,1,0,0,0,0,0,,,46064
bert_20260228023827,287972,20260212,1,2971961,unian,710035,PPLA2,Myrnohrad,Donets'k,655,Krasnoarmiis'ka,18917,37.26806,48.29097,ADM3,1,1,1,1,0,0,0,0,0,0,1,0,0,0,1,0,0,0,1,1,0,0,0,0,0,,,46064
bert_20260228023827,112459,20260212,1,2971962,unian,698740,PPLA,Odessa,Odessa,1800,Odes'ka,26260,30.73169,46.48421,ADM3,1,1,0,1,0,0,0,0,0,0,1,0,0,0,0,0,0,0,0,1,0,0,0,1,0,,,46064
bert_20260228023827,143779,20260213,1,3041374,liga,701822,PPL,Mariupol,Donets'k,655,Mariupol's'ka,22073,37.54144,47.0967,ADM3,1,1,1,0,0,1,0,0,0,0,0,0,0,0,0,0,0,0,0,0,0,0,0,0,0,,,46065
bert_20260228023827,258287,20260213,1,3022590,liga,707471,PPLA,Ivano-Frankivsk,Ivano-Frankivs'k,1023,Ivano-Frankivs'ka,15846,24.71116,48.92268,ADM3,0,0,0,0,0,0,1,0,0,0,0,0,0,0,0,0,0,0,0,0,0,0,0,0,0,,,46065
bert_20260228023827,188569,20260213,1,3010084,liga,703448,PPLC,Kyiv,Kiev City,1210,Shevchenkivs'kyi,33738,30.52355,50.45044,ADM3,0,0,0,0,0,1,0,0,0,0,0,0,0,0,0,0,0,0,0,0,0,0,0,0,0,,,46065
bert_20260228023827,203631,20260213,2,"2984723, 2978366",espreso,704422,PPLA2,Pokrovsk,Donets'k,655,Krasnoarmiis'kyi,18918,37.1756,48.28035,ADM3,1,1,1,1,0,0,0,0,0,0,0,0,0,0,0,1,0,0,0,0,0,0,0,0,0,,,46065
bert_20260228023827,112463,20260213,1,2984983,liga,698740,PPLA,Odessa,Odessa,1800,Odes'ka,26260,30.73169,46.48421,ADM3,1,1,0,1,0,0,0,0,0,0,0,0,0,0,0,0,0,0,0,1,0,0,0,1,0,,,46065
bert_20260228023827,250392,20260213,1,2984984,liga,706483,PPLA,Kharkiv,Kharkiv,1191,Kharkivs'ka,17850,36.2312,49.99217,ADM3,0,0,0,0,0,0,0,0,0,0,0,0,0,0,0,0,0,0,0,0,0,0,0,0,0,,,46065
bert_20260228023827,250393,20260213,1,2984985,liga,706483,PPLA,Kharkiv,Kharkiv,1191,Kharkivs'ka,17850,36.2312,49.99217,ADM3,0,0,0,0,0,0,0,0,0,0,1,0,0,0,0,0,0,0,0,0,0,0,0,0,0,,,46065
bert_20260228023827,319048,20260213,1,2978361,espreso,712609,PPL,Bilka,Odessa,1800,Ivanivs'kyi,15842,30.40579,46.90822,ADM1,1,1,0,1,0,0,0,0,0,0,1,0,0,0,0,0,0,0,0,1,0,0,0,1,0,,,46065
bert_20260228023827,19435,20260213,1,2978362,espreso,687700,PPLA,Zaporizhzhya,Zaporizhzhya,2730,Zaporiz'ka,41153,35.13885,47.83831,ADM3,1,1,0,1,0,0,0,0,0,0,1,0,0,0,0,0,0,0,0,1,0,0,0,1,0,,,46065
bert_20260228023827,5827,20260213,1,2978363,espreso,687184,PPL,Kryvorizhzhya,Mykolayiv,1628,Novoodes'kyi,25916,31.76725,47.39462,ADM1,1,1,0,1,0,0,0,0,0,0,1,0,0,0,0,0,0,0,0,1,0,0,0,1,0,,,46065
bert_20260228023827,67836,20260213,1,2978364,espreso,693805,PPLA2,Simferopol,Crimea,579,Simferopol's'ka,34229,34.09941,44.95363,ADM3,1,1,1,0,1,0,0,0,0,0,0,0,0,0,0,0,0,1,0,1,0,0,0,0,0,,,46065
bert_20260228023827,154179,20260213,1,2978365,espreso,702550,PPLA,Lviv,L'viv,1289,L'vivs'ka,19402,24.0299,49.83932,ADM3,0,1,1,0,0,0,1,0,0,0,0,0,0,0,0,0,0,0,0,0,0,0,0,0,0,,,46065
bert_20260228023827,154178,20260213,1,2984714,unian,702550,PPLA,Lviv,L'viv,1289,L'vivs'ka,19402,24.0299,49.83932,ADM3,0,0,0,0,0,0,0,0,0,0,0,0,0,0,0,0,0,0,0,0,0,0,0,0,0,,,46065
bert_20260228023827,55640,20260213,1,2984715,unian,693065,PPLX,Sotsmisto,Donets'k,655,Kramators'ka,18898,37.5844,48.73898,ADM3,1,1,0,1,0,0,0,0,0,0,0,0,0,0,0,0,0,0,0,0,0,0,0,1,0,,,46065
bert_20260228023827,319047,20260213,1,2984716,unian,712609,PPL,Bilka,Odessa,1800,Ivanivs'kyi,15842,30.40579,46.90822,ADM1,0,0,0,0,0,1,0,0,0,0,0,0,0,0,0,0,0,0,0,0,0,0,0,0,0,,,46065
bert_20260228023827,373700,20260213,1,2984717,unian,9114542,PPL,Novyi,Luhans'k,1405,Krasnoluts'ka,18939,38.59081,48.49995,ADM3,1,1,1,0,1,0,0,0,0,0,1,0,0,0,0,0,0,0,0,0,0,0,0,0,0,,,46065
bert_20260228023827,188567,20260213,3,"2984718, 2984720, 2984722",unian,703448,PPLC,Kyiv,Kiev City,1210,Shevchenkivs'kyi,33738,30.52355,50.45044,ADM3,0,0,0,0,0,0,0,0,0,0,0,0,0,0,0,0,0,0,0,0,0,0,0,0,0,,,46065
bert_20260228023827,188570,20260213,1,2984719,unian,703448,PPLC,Kyiv,Kiev City,1210,Shevchenkivs'kyi,33738,30.52355,50.45044,ADM3,0,0,0,0,0,1,1,0,0,0,0,0,0,0,0,0,0,0,0,0,0,0,0,0,0,,,46065
bert_20260228023827,205894,20260213,1,2984721,unian,704568,PPL,Kozerohy,Chernihiv,498,Chernihivs'kyi,7661,31.0412,51.30626,ADM3,0,0,0,0,0,0,1,0,0,0,0,0,0,0,0,0,0,0,0,0,0,0,0,0,0,,,46065
bert_20260228023827,275158,20260213,1,2971976,espreso,709717,PPLA,Donetsk,Donets'k,655,Donets'ka,10139,37.80285,48.01588,ADM3,0,1,0,1,0,0,0,0,0,0,0,0,0,0,1,0,0,0,0,0,0,0,0,0,0,,,46065
bert_20260228023827,82453,20260213,1,2971977,espreso,695094,PPLX,Ruttschenkowo,Donets'k,655,Donets'ka,10139,37.67529,47.95508,ADM1,1,1,1,1,0,0,0,0,0,0,0,0,0,0,1,0,0,0,0,0,0,0,0,0,0,,,46065
bert_20260228023827,188571,20260213,1,2972319,liga,703448,PPLC,Kyiv,Kiev City,1210,Shevchenkivs'kyi,33738,30.52355,50.45044,ADM3,0,0,1,0,0,0,1,0,0,0,0,0,0,0,0,0,0,0,0,0,0,0,0,0,0,,,46065
bert_20260228023827,323935,20260213,1,2972320,liga,712956,PPL,Bakhmutivka,Luhans'k,1405,Novoaidars'kyi,25882,39.04452,48.86708,ADM3,0,0,1,0,0,0,1,0,0,0,0,0,0,0,0,0,0,0,0,0,0,0,0,0,0,,,46065
bert_20260228023827,357675,20260213,1,2972321,liga,8250815,PPL,Karpaty,Transcarpathia,2491,Mukachivs'kyi,24017,22.8742,48.52159,ADM3,0,0,0,0,0,1,1,0,0,0,0,0,0,0,0,0,0,0,0,1,0,0,0,0,0,,,46065
bert_20260228023827,112462,20260213,1,2972322,liveuamap,698740,PPLA,Odessa,Odessa,1800,Odes'ka,26260,30.73169,46.48421,ADM3,1,0,0,0,1,0,0,0,0,0,1,0,0,0,0,0,0,0,0,0,0,0,0,0,0,,,46065
bert_20260228023827,188572,20260213,1,2972323,liveuamap,703448,PPLC,Kyiv,Kiev City,1210,Shevchenkivs'kyi,33738,30.52355,50.45044,ADM3,0,1,1,0,0,0,1,0,0,0,0,0,0,0,0,0,0,0,0,0,0,0,0,0,0,,,46065
bert_20260228023827,250394,20260213,1,2972324,liveuamap,706483,PPLA,Kharkiv,Kharkiv,1191,Kharkivs'ka,17850,36.2312,49.99217,ADM3,1,0,1,0,0,0,0,0,0,0,0,0,0,0,0,1,0,0,0,0,0,0,0,0,0,,,46065
bert_20260228023827,32693,20260213,1,2972325,liveuamap,689304,PPLA2,Vovchansk,Kharkiv,1191,Vovchans'kyi,39837,36.9368,50.29401,ADM3,1,0,1,0,0,0,0,0,0,0,0,0,0,0,0,1,0,0,0,0,0,0,0,0,0,,,46065
bert_20260228023827,20837,20260213,1,2972326,liveuamap,688264,PPL,Okhrimivka,Zaporizhzhya,2730,Iakymivs'kyi,14819,35.28858,46.50728,ADM3,1,0,1,0,0,0,0,0,0,0,0,0,0,0,0,1,0,0,0,0,0,0,0,0,0,,,46065
bert_20260228023827,208628,20260213,1,2972327,liveuamap,705104,PPL,Kostiantynivka,Donets'k,655,Kostiantynivs'ka,18738,37.69368,48.53467,ADM3,1,1,1,1,0,0,0,0,0,0,0,0,0,0,0,1,0,0,0,0,0,0,0,0,0,,,46065
bert_20260228023827,387951,20260213,1,2972328,liveuamap,11151973,PPL,Stepove,Dnipropetrovs'k,650,Krynychans'kyi,19030,34.53593,48.44595,ADM3,1,0,1,0,0,0,0,0,0,0,0,0,0,0,0,1,0,0,0,0,0,0,0,0,0,,,46065
bert_20260228023827,261566,20260213,1,2972329,liveuamap,707898,PPLA2,Hulyaypole,Zaporizhzhya,2730,Huliaipil's'kyi,14713,36.25322,47.66644,ADM3,1,0,1,0,0,0,0,0,0,0,0,0,0,0,0,0,0,0,0,0,0,0,0,0,0,,,46065
bert_20260228023827,268930,20260213,1,2972331,liveuamap,709671,PPL,Dorozhnianka,Zaporizhzhya,2730,Huliaipil's'kyi,14713,36.26004,47.58678,ADM3,1,0,1,0,0,0,0,0,0,0,0,0,0,0,0,0,0,0,0,0,0,0,0,0,0,,,46065
bert_20260228023827,192460,20260213,1,2972332,liveuamap,703656,PPLA2,Kupiansk,Kharkiv,1191,Kupians'ka,19188,37.61478,49.7108,ADM3,1,1,1,1,0,0,0,0,0,0,0,0,0,0,0,1,0,0,0,0,0,0,0,0,0,,,46065
bert_20260228023827,264652,20260213,1,2972333,liveuamap,708937,PPL,Havrylivka,Dnipropetrovs'k,650,Pokrovs'kyi,28862,36.51993,48.07377,ADM3,1,1,1,1,0,0,0,0,1,0,0,0,0,0,0,0,0,0,0,1,0,0,0,0,0,,,46065
bert_20260228023827,115291,20260213,1,2972334,liveuamap,699185,PPLA3,Novoselivka,Donets'k,655,Krasnolymans'kyi,18941,37.69735,49.07541,ADM3,1,1,1,1,0,0,0,0,1,0,0,0,0,0,0,0,0,0,0,1,0,0,0,0,0,,,46065
bert_20260228023827,287224,20260213,1,2972335,liveuamap,709930,PPLA,Dnipro,Dnipropetrovs'k,650,Dnipropetrovs'ka,9966,35.04618,48.46472,ADM3,1,1,1,1,0,0,0,0,1,0,0,0,0,0,0,0,0,0,0,1,0,0,0,0,0,,,46065
bert_20260228023827,26181,20260213,1,2972336,liveuamap,688871,PPL,Vozdvyzhivka,Zaporizhzhya,2730,Novomykola‹vs'kyi,25913,36.07979,47.74727,ADM3,1,1,1,1,0,0,0,0,1,0,0,0,0,0,0,0,0,0,0,1,0,0,0,0,0,,,46065
bert_20260228023827,304928,20260213,1,2972337,liveuamap,710925,PPL,Charivne,Zaporizhzhya,2730,Orikhivs'kyi,26748,36.03595,47.58161,ADM3,1,1,1,1,0,0,0,0,1,0,0,0,0,0,0,0,0,0,0,1,0,0,0,0,0,,,46065
bert_20260228023827,119012,20260213,1,2972338,liveuamap,699722,PPL,Novooleksandrivka,Luhans'k,1405,Krasnodons'kyi,18925,39.627,48.26706,ADM3,1,1,1,1,0,0,0,0,1,0,0,0,0,0,0,0,0,0,0,1,0,0,0,0,0,,,46065
bert_20260228023827,355004,20260213,1,2972339,liveuamap,829795,PPL,Kirove,Zaporizhzhya,2730,Orikhivs'kyi,26748,35.69274,47.65945,ADM3,1,1,1,1,0,0,0,0,1,0,0,0,0,0,0,0,0,0,0,1,0,0,0,0,0,,,46065
bert_20260228023827,19436,20260213,1,2972340,liveuamap,687700,PPLA,Zaporizhzhya,Zaporizhzhya,2730,Zaporiz'ka,41153,35.13885,47.83831,ADM3,1,1,1,1,0,0,0,0,1,0,0,0,0,0,0,0,0,0,0,1,0,0,0,0,0,,,46065
bert_20260228023827,197378,20260213,1,2972341,liveuamap,704204,PPL,Lyman,Donets'k,655,Krasnolymans'kyi,18941,37.82245,48.96409,ADM3,1,0,1,0,0,0,0,0,0,0,0,0,0,0,0,1,0,0,0,0,0,0,0,0,0,,,46065
bert_20260228023827,51034,20260213,1,2972343,liveuamap,692661,PPL,Stavky,Rivne,2066,Rivnens'kyi,30583,26.14025,50.65555,ADM3,1,0,1,0,0,0,0,0,0,0,0,0,0,0,0,1,0,0,0,0,0,0,0,0,0,,,46065
bert_20260228023827,203630,20260213,1,2972344,liveuamap,704422,PPLA2,Pokrovsk,Donets'k,655,Krasnoarmiis'kyi,18918,37.1756,48.28035,ADM3,1,1,1,1,0,0,0,0,0,0,0,0,0,0,0,0,0,0,0,0,0,0,0,0,0,,,46065
bert_20260228023827,365122,20260213,1,2972346,liveuamap,9112183,PPL,Novopavlivka,Donets'k,655,Krasnoarmiis'kyi,18918,37.22614,48.24869,ADM3,1,1,1,1,0,0,0,0,0,0,0,0,0,0,0,0,0,0,0,0,0,0,0,0,0,,,46065
bert_20260228023827,52706,20260213,1,2972347,liveuamap,692909,PPLX,Stara Darnytsya,Kiev City,1210,Dniprovs'kyi,9968,30.63588,50.4576,ADM3,1,1,1,1,0,0,0,0,0,0,0,0,0,1,0,0,0,0,0,1,0,0,0,0,0,,,46065
bert_20260228023827,188573,20260213,1,2972348,liveuamap,703448,PPLC,Kyiv,Kiev City,1210,Shevchenkivs'kyi,33738,30.52355,50.45044,ADM3,1,1,1,1,0,0,0,0,0,0,0,0,0,1,0,0,0,0,0,1,0,0,0,0,0,,,46065
bert_20260228023827,287223,20260213,1,2972349,liveuamap,709930,PPLA,Dnipro,Dnipropetrovs'k,650,Dnipropetrovs'ka,9966,35.04618,48.46472,ADM3,1,1,0,1,0,0,0,0,0,0,0,0,0,1,0,0,0,0,0,1,0,0,0,1,0,,,46065
bert_20260228023827,287222,20260213,1,2972350,liveuamap,709930,PPLA,Dnipro,Dnipropetrovs'k,650,Dnipropetrovs'ka,9966,35.04618,48.46472,ADM3,1,0,1,0,0,0,0,1,0,0,0,0,0,0,0,0,0,0,0,1,0,0,0,1,0,,,46065
bert_20260228023827,112464,20260213,1,2978358,unian,698740,PPLA,Odessa,Odessa,1800,Odes'ka,26260,30.73169,46.48421,ADM3,1,1,0,1,0,0,0,0,0,0,1,0,0,0,0,0,0,0,0,1,0,0,0,1,0,,,46065
bert_20260228023827,82454,20260213,1,2978359,unian,695094,PPLX,Ruttschenkowo,Donets'k,655,Donets'ka,10139,37.67529,47.95508,ADM1,1,1,1,1,0,0,0,0,0,0,0,0,0,0,1,1,0,0,0,0,0,0,1,0,0,,,46065
bert_20260228023827,188568,20260213,1,2978360,unian,703448,PPLC,Kyiv,Kiev City,1210,Shevchenkivs'kyi,33738,30.52355,50.45044,ADM3,0,0,0,0,0,0,1,0,0,0,0,0,0,0,0,0,0,0,0,0,0,0,0,0,0,,,46065
bert_20260228023827,143780,20260214,1,3041376,liga,701822,PPL,Mariupol,Donets'k,655,Mariupol's'ka,22073,37.54144,47.0967,ADM3,1,1,1,0,0,1,0,0,0,0,0,0,0,0,0,0,0,0,0,0,0,0,0,0,0,,,46066
bert_20260228023827,258288,20260214,1,3022592,liga,707471,PPLA,Ivano-Frankivsk,Ivano-Frankivs'k,1023,Ivano-Frankivs'ka,15846,24.71116,48.92268,ADM3,0,0,0,0,0,0,1,0,0,0,0,0,0,0,0,0,0,0,0,0,0,0,0,0,0,,,46066
bert_20260228023827,188576,20260214,1,3010086,liga,703448,PPLC,Kyiv,Kiev City,1210,Shevchenkivs'kyi,33738,30.52355,50.45044,ADM3,0,0,0,0,0,1,0,0,0,0,0,0,0,0,0,0,0,0,0,0,0,0,0,0,0,,,46066
bert_20260228023827,203634,20260214,1,2984724,espreso,704422,PPLA2,Pokrovsk,Donets'k,655,Krasnoarmiis'kyi,18918,37.1756,48.28035,ADM3,1,1,1,1,0,0,0,0,0,0,0,0,0,0,0,1,0,0,0,0,0,0,1,0,0,,,46066
bert_20260228023827,112467,20260214,1,2984725,espreso,698740,PPLA,Odessa,Odessa,1800,Odes'ka,26260,30.73169,46.48421,ADM3,1,1,0,1,0,0,0,0,0,0,1,0,0,0,0,0,0,0,0,1,0,0,0,1,0,,,46066
bert_20260228023827,393706,20260214,1,2984726,espreso,11777953,PPL,Deremezna,Kiev,1209,Obukhivs'kyi,26204,30.47662,50.02393,ADM1,1,1,0,1,0,0,0,0,0,0,1,0,0,0,0,0,0,0,0,1,0,0,0,1,0,,,46066
bert_20260228023827,19438,20260214,1,2984727,espreso,687700,PPLA,Zaporizhzhya,Zaporizhzhya,2730,Zaporiz'ka,41153,35.13885,47.83831,ADM3,1,1,1,1,0,0,0,0,0,0,0,0,0,0,1,1,0,0,0,0,0,0,0,0,0,,,46066
bert_20260228023827,287225,20260214,1,2984728,espreso,709930,PPLA,Dnipro,Dnipropetrovs'k,650,Dnipropetrovs'ka,9966,35.04618,48.46472,ADM3,1,1,1,1,0,0,0,0,0,0,0,0,0,0,1,1,0,0,0,0,0,0,0,0,0,,,46066
bert_20260228023827,57742,20260214,1,2984729,espreso,693468,PPL,Sloviansk,Donets'k,655,Slovians'ka,34511,37.60582,48.85227,ADM3,1,1,1,1,0,0,0,0,0,0,0,0,0,0,1,1,0,0,0,0,0,0,0,0,0,,,46066
bert_20260228023827,188579,20260214,1,2984730,espreso,703448,PPLC,Kyiv,Kiev City,1210,Shevchenkivs'kyi,33738,30.52355,50.45044,ADM3,1,1,1,1,0,0,0,0,1,0,0,0,0,0,0,0,0,0,0,1,0,0,0,1,0,,,46066
bert_20260228023827,203632,20260214,1,2984731,espreso,704422,PPLA2,Pokrovsk,Donets'k,655,Krasnoarmiis'kyi,18918,37.1756,48.28035,ADM3,1,0,1,0,0,0,0,0,0,0,0,0,0,0,0,0,0,0,0,0,0,0,1,0,0,,,46066
bert_20260228023827,261567,20260214,1,2984732,espreso,707898,PPLA2,Hulyaypole,Zaporizhzhya,2730,Huliaipil's'kyi,14713,36.25322,47.66644,ADM3,1,0,1,0,0,0,0,0,0,0,0,0,0,0,0,0,0,0,0,0,0,0,1,0,0,,,46066
bert_20260228023827,208629,20260214,1,2984733,espreso,705104,PPL,Kostiantynivka,Donets'k,655,Kostiantynivs'ka,18738,37.69368,48.53467,ADM3,1,0,1,0,0,0,0,0,0,0,0,0,0,0,0,0,0,0,0,0,0,0,1,0,0,,,46066
bert_20260228023827,188577,20260214,1,2984986,liga,703448,PPLC,Kyiv,Kiev City,1210,Shevchenkivs'kyi,33738,30.52355,50.45044,ADM3,1,1,0,1,0,0,0,0,0,0,0,0,0,0,0,0,0,0,0,1,0,0,0,1,0,,,46066
bert_20260228023827,250395,20260214,1,2984987,liga,706483,PPLA,Kharkiv,Kharkiv,1191,Kharkivs'ka,17850,36.2312,49.99217,ADM3,0,0,0,0,0,0,0,0,0,0,0,0,0,0,0,0,0,0,0,0,0,0,0,0,0,,,46066
bert_20260228023827,250396,20260214,1,2984988,liga,706483,PPLA,Kharkiv,Kharkiv,1191,Kharkivs'ka,17850,36.2312,49.99217,ADM3,0,0,0,0,0,0,0,0,0,0,1,0,0,0,0,0,0,0,0,0,0,0,0,0,0,,,46066
bert_20260228023827,205895,20260214,1,2991017,unian,704568,PPL,Kozerohy,Chernihiv,498,Chernihivs'kyi,7661,31.0412,51.30626,ADM3,0,0,0,0,0,0,1,0,0,0,0,0,0,0,0,0,0,0,0,0,0,0,0,0,0,,,46066
bert_20260228023827,112465,20260214,1,2991018,unian,698740,PPLA,Odessa,Odessa,1800,Odes'ka,26260,30.73169,46.48421,ADM3,1,1,0,1,0,0,0,0,0,0,0,0,0,0,0,0,0,0,0,1,0,0,0,1,0,,,46066
bert_20260228023827,188574,20260214,2,"2991019, 2991023",unian,703448,PPLC,Kyiv,Kiev City,1210,Shevchenkivs'kyi,33738,30.52355,50.45044,ADM3,0,0,0,0,0,0,0,0,0,0,0,0,0,0,0,0,0,0,0,0,0,0,0,0,0,,,46066
bert_20260228023827,67837,20260214,1,2991020,unian,693805,PPLA2,Simferopol,Crimea,579,Simferopol's'ka,34229,34.09941,44.95363,ADM3,1,1,1,0,1,0,0,0,0,0,1,0,0,0,0,0,0,0,0,0,0,0,0,0,0,,,46066
bert_20260228023827,287226,20260214,1,2991021,unian,709930,PPLA,Dnipro,Dnipropetrovs'k,650,Dnipropetrovs'ka,9966,35.04618,48.46472,ADM3,1,1,1,1,1,0,0,0,0,0,0,0,0,0,1,1,0,0,0,0,0,0,0,0,0,,,46066
bert_20260228023827,203635,20260214,1,2991022,unian,704422,PPLA2,Pokrovsk,Donets'k,655,Krasnoarmiis'kyi,18918,37.1756,48.28035,ADM3,1,1,1,1,1,0,0,0,0,0,1,0,0,0,1,0,0,0,0,0,0,0,1,0,0,,,46066
bert_20260228023827,373701,20260214,1,2991024,unian,9114542,PPL,Novyi,Luhans'k,1405,Krasnoluts'ka,18939,38.59081,48.49995,ADM3,0,0,0,0,0,0,1,0,0,0,0,0,0,0,0,0,0,0,0,0,0,0,0,0,0,,,46066
bert_20260228023827,275159,20260214,1,2991025,unian,709717,PPLA,Donetsk,Donets'k,655,Donets'ka,10139,37.80285,48.01588,ADM3,1,1,1,1,0,0,0,0,0,0,0,0,0,0,1,0,0,0,1,0,0,0,0,0,0,,,46066
bert_20260228023827,188578,20260214,1,2991026,unian,703448,PPLC,Kyiv,Kiev City,1210,Shevchenkivs'kyi,33738,30.52355,50.45044,ADM3,1,1,0,1,0,0,0,0,1,0,0,0,0,0,0,0,0,0,0,1,0,0,0,1,0,,,46066
bert_20260228023827,73065,20260214,1,2978669,liveuamap,694792,PPLA2,Sarny,Rivne,2066,Sarnens'kyi,32845,26.61732,51.33505,ADM3,1,1,1,0,1,0,0,0,0,0,1,0,0,0,0,0,0,1,0,0,0,0,0,0,0,,,46066
bert_20260228023827,136726,20260214,1,2978670,liveuamap,701673,PPL,Marianivka,Rivne,2066,Kostopil's'kyi,18743,26.39117,51.03972,ADM1,1,1,1,0,1,0,0,0,0,0,1,0,0,0,0,0,0,1,0,0,0,0,0,0,0,,,46066
bert_20260228023827,264653,20260214,1,2978671,liveuamap,708937,PPL,Havrylivka,Dnipropetrovs'k,650,Pokrovs'kyi,28862,36.51993,48.07377,ADM3,1,1,1,1,0,0,0,0,1,0,0,0,0,0,0,0,0,0,0,1,0,0,0,0,0,,,46066
bert_20260228023827,114671,20260214,1,2978672,liveuamap,699078,PPLA2,Novoukrayinka,Kirovohrad,1222,Novoukra‹ns'kyi,25938,31.52205,48.32506,ADM3,1,1,1,1,0,0,0,0,1,0,0,0,0,0,0,0,0,0,0,1,0,0,0,0,0,,,46066
bert_20260228023827,379196,20260214,1,2978673,liveuamap,9983711,PPL,Khlibodarske,Odessa,1800,Bilia‹vs'kyi,4610,30.61331,46.4912,ADM3,1,1,1,1,0,0,0,0,1,0,0,0,0,0,0,0,0,0,0,1,0,0,0,0,0,,,46066
bert_20260228023827,51325,20260214,1,2978674,liveuamap,692808,PPL,Staromlynivka,Donets'k,655,Velykonovosilkivs'kyi,39275,36.82568,47.69741,ADM3,1,1,1,1,0,0,0,0,1,0,0,0,0,0,0,0,0,0,0,1,0,0,0,0,0,,,46066
bert_20260228023827,376824,20260214,1,2978675,liveuamap,9532052,PPL,Huliaipilske,Zaporizhzhya,2730,Huliaipil's'kyi,14713,36.06122,47.61272,ADM3,1,1,1,1,0,0,0,0,1,0,0,0,0,0,0,0,0,0,0,1,0,0,0,0,0,,,46066
bert_20260228023827,304929,20260214,1,2978676,liveuamap,710925,PPL,Charivne,Zaporizhzhya,2730,Orikhivs'kyi,26748,36.03595,47.58161,ADM3,1,1,1,1,0,0,0,0,1,0,0,0,0,0,0,0,0,0,0,1,0,0,0,0,0,,,46066
bert_20260228023827,338902,20260214,1,2978677,liveuamap,802277,PPL,Protsenko,Donets'k,655,Amvrosi‹vs'kyi,1671,38.206,47.738,ADM3,1,1,1,1,0,0,0,0,1,0,0,0,0,0,0,0,0,0,0,1,0,0,0,0,0,,,46066
bert_20260228023827,275187,20260214,1,2978678,liveuamap,709755,PPLA2,Dolyna,Ivano-Frankivs'k,1023,Dolyns'kyi,10083,23.97896,48.97823,ADM3,1,1,1,1,0,0,0,0,1,0,0,0,0,0,0,0,0,0,0,1,0,0,0,0,0,,,46066
bert_20260228023827,51039,20260214,1,2978679,liveuamap,692673,PPL,Stavyshche,Zhytomyr,2739,Popil'nians'kyi,28987,29.70932,49.95812,ADM3,1,1,1,1,0,0,0,0,1,0,0,0,0,0,0,0,0,0,0,1,0,0,0,0,0,,,46066
bert_20260228023827,26182,20260214,1,2978680,liveuamap,688871,PPL,Vozdvyzhivka,Zaporizhzhya,2730,Novomykola‹vs'kyi,25913,36.07979,47.74727,ADM3,1,1,1,1,0,0,0,0,1,0,0,0,0,0,0,0,0,0,0,1,0,0,0,0,0,,,46066
bert_20260228023827,115531,20260214,1,2978681,liveuamap,699238,PPL,Novosilky,Kiev,1209,Makarivs'kyi,21482,30.06991,50.3064,ADM3,1,1,1,1,0,0,0,0,1,0,0,0,0,0,0,0,0,0,0,1,0,0,0,0,0,,,46066
bert_20260228023827,123703,20260214,1,2978682,liveuamap,700119,PPL,Mykolaivka,Donets'k,655,Krasnolymans'ka,18940,37.77658,48.85179,ADM3,1,1,1,1,0,0,0,0,1,0,0,0,0,0,0,0,0,0,0,1,0,0,0,0,0,,,46066
bert_20260228023827,188575,20260214,1,2978683,liveuamap,703448,PPLC,Kyiv,Kiev City,1210,Shevchenkivs'kyi,33738,30.52355,50.45044,ADM3,1,0,0,0,0,0,0,0,0,0,0,0,0,0,0,0,0,0,0,1,0,0,0,1,0,,,46066
bert_20260228023827,250397,20260214,1,2978684,liveuamap,706483,PPLA,Kharkiv,Kharkiv,1191,Kharkivs'ka,17850,36.2312,49.99217,ADM3,1,0,1,0,0,0,0,0,0,0,0,0,0,0,0,1,0,0,0,0,0,0,0,0,0,,,46066
bert_20260228023827,32694,20260214,1,2978685,liveuamap,689304,PPLA2,Vovchansk,Kharkiv,1191,Vovchans'kyi,39837,36.9368,50.29401,ADM3,1,0,1,0,0,0,0,0,0,0,0,0,0,0,0,1,0,0,0,0,0,0,0,0,0,,,46066
bert_20260228023827,57741,20260214,1,2978686,liveuamap,693468,PPL,Sloviansk,Donets'k,655,Slovians'ka,34511,37.60582,48.85227,ADM3,1,0,1,0,0,0,0,0,0,0,0,0,0,0,0,1,0,0,0,0,0,0,0,0,0,,,46066
bert_20260228023827,203633,20260214,1,2978687,liveuamap,704422,PPLA2,Pokrovsk,Donets'k,655,Krasnoarmiis'kyi,18918,37.1756,48.28035,ADM3,1,0,1,0,0,0,0,0,0,0,0,0,0,0,0,1,0,0,0,0,0,0,0,0,0,,,46066
bert_20260228023827,192461,20260214,1,2978689,liveuamap,703656,PPLA2,Kupiansk,Kharkiv,1191,Kupians'ka,19188,37.61478,49.7108,ADM3,1,0,1,0,0,0,0,0,0,0,0,0,0,0,0,1,0,0,0,0,0,0,0,0,0,,,46066
bert_20260228023827,197379,20260214,1,2978690,liveuamap,704204,PPL,Lyman,Donets'k,655,Krasnolymans'kyi,18941,37.82245,48.96409,ADM3,1,0,1,0,0,0,0,0,0,0,0,0,0,0,0,1,0,0,0,0,0,0,0,0,0,,,46066
bert_20260228023827,261568,20260214,1,2978692,liveuamap,707898,PPLA2,Hulyaypole,Zaporizhzhya,2730,Huliaipil's'kyi,14713,36.25322,47.66644,ADM3,1,0,1,0,0,0,0,0,0,0,0,0,0,0,0,1,0,0,0,0,0,0,0,0,0,,,46066
bert_20260228023827,208630,20260214,1,2978693,liveuamap,705104,PPL,Kostiantynivka,Donets'k,655,Kostiantynivs'ka,18738,37.69368,48.53467,ADM3,1,0,1,0,0,0,0,0,0,0,0,0,0,0,0,1,0,0,0,0,0,0,0,0,0,,,46066
bert_20260228023827,360544,20260214,1,2978694,liveuamap,8419787,PPL,Zakumske,Sumy,2356,Sums'kyi,35426,34.64912,50.95537,ADM2,1,1,1,1,0,0,0,0,0,0,0,0,0,0,1,1,0,0,0,0,0,0,0,0,0,,,46066
bert_20260228023827,103025,20260214,1,2978695,liveuamap,698428,PPLA2,Orikhiv,Zaporizhzhya,2730,Orikhivs'kyi,26748,35.77773,47.56947,ADM3,1,1,0,1,0,0,0,0,0,0,1,0,0,0,0,0,0,0,0,0,0,0,0,1,0,,,46066
bert_20260228023827,19437,20260214,1,2978696,liveuamap,687700,PPLA,Zaporizhzhya,Zaporizhzhya,2730,Zaporiz'ka,41153,35.13885,47.83831,ADM3,1,1,0,1,0,0,0,0,0,0,1,0,0,0,0,0,0,0,0,0,0,0,0,1,0,,,46066
bert_20260228023827,55641,20260214,1,2978697,liveuamap,693065,PPLX,Sotsmisto,Donets'k,655,Kramators'ka,18898,37.5844,48.73898,ADM3,1,1,0,1,0,0,0,0,0,0,0,0,0,1,0,0,0,0,0,1,0,0,0,1,0,,,46066
bert_20260228023827,82455,20260214,1,2978698,liveuamap,695094,PPLX,Ruttschenkowo,Donets'k,655,Donets'ka,10139,37.67529,47.95508,ADM1,1,1,0,1,0,0,0,0,0,0,0,0,0,1,0,0,0,0,0,1,0,0,0,1,0,,,46066
bert_20260228023827,73066,20260214,1,2978699,liveuamap,694792,PPLA2,Sarny,Rivne,2066,Sarnens'kyi,32845,26.61732,51.33505,ADM3,1,1,1,0,1,0,0,1,0,0,1,0,0,0,0,0,0,0,0,1,0,0,0,1,0,,,46066
bert_20260228023827,136727,20260214,1,2978700,liveuamap,701673,PPL,Marianivka,Rivne,2066,Kostopil's'kyi,18743,26.39117,51.03972,ADM1,1,1,1,0,1,0,0,1,0,0,1,0,0,0,0,0,0,0,0,1,0,0,0,1,0,,,46066
bert_20260228023827,112466,20260214,1,2978701,liveuamap,698740,PPLA,Odessa,Odessa,1800,Odes'ka,26260,30.73169,46.48421,ADM3,1,1,0,1,0,0,0,0,0,0,1,0,0,0,0,0,0,0,0,0,0,0,0,1,0,,,46066
bert_20260228023827,143781,20260215,1,3041378,liga,701822,PPL,Mariupol,Donets'k,655,Mariupol's'ka,22073,37.54144,47.0967,ADM3,1,1,1,0,0,1,0,0,0,0,0,0,0,0,0,0,0,0,0,0,0,0,0,0,0,,,46067
bert_20260228023827,258289,20260215,1,3022594,liga,707471,PPLA,Ivano-Frankivsk,Ivano-Frankivs'k,1023,Ivano-Frankivs'ka,15846,24.71116,48.92268,ADM3,0,0,0,0,0,0,1,0,0,0,0,0,0,0,0,0,0,0,0,0,0,0,0,0,0,,,46067
bert_20260228023827,188582,20260215,1,3010088,liga,703448,PPLC,Kyiv,Kiev City,1210,Shevchenkivs'kyi,33738,30.52355,50.45044,ADM3,0,0,0,0,0,1,0,0,0,0,0,0,0,0,0,0,0,0,0,0,0,0,0,0,0,,,46067
bert_20260228023827,112468,20260215,1,2997543,liga,698740,PPLA,Odessa,Odessa,1800,Odes'ka,26260,30.73169,46.48421,ADM3,1,0,0,0,0,1,1,0,0,0,0,0,0,0,0,0,0,1,0,1,0,0,0,1,0,,,46067
bert_20260228023827,360545,20260215,1,2991027,espreso,8419787,PPL,Zakumske,Sumy,2356,Sums'kyi,35426,34.64912,50.95537,ADM2,1,1,1,0,1,0,0,0,0,0,0,0,0,0,0,0,0,1,0,1,0,0,0,0,0,,,46067
bert_20260228023827,397106,20260215,1,2991028,espreso,,,,,,,,30.20331,45.25481,ADM3,1,0,1,0,1,1,0,0,0,0,0,0,0,0,0,0,0,0,0,0,0,0,1,0,0,,,46067
bert_20260228023827,203640,20260215,1,2991029,espreso,704422,PPLA2,Pokrovsk,Donets'k,655,Krasnoarmiis'kyi,18918,37.1756,48.28035,ADM3,1,1,1,1,0,0,0,0,0,0,0,0,0,0,0,1,0,0,0,0,0,0,1,0,0,,,46067
bert_20260228023827,319050,20260215,1,2991030,espreso,712609,PPL,Bilka,Odessa,1800,Ivanivs'kyi,15842,30.40579,46.90822,ADM1,1,1,0,1,0,0,0,0,0,0,0,0,0,0,0,0,0,0,0,1,0,0,0,1,0,,,46067
bert_20260228023827,203637,20260215,1,2991031,espreso,704422,PPLA2,Pokrovsk,Donets'k,655,Krasnoarmiis'kyi,18918,37.1756,48.28035,ADM3,0,1,1,0,0,1,0,0,0,0,0,0,0,0,0,0,0,0,0,0,0,0,0,0,0,,,46067
bert_20260228023827,46285,20260215,1,2991032,espreso,692031,PPL,Svobodnoye,Dnipropetrovs'k,650,Novomoskovs'kyi,25910,35.32482,48.73638,ADM3,1,1,0,1,0,0,0,0,1,0,0,0,0,0,0,0,0,0,0,1,0,0,0,1,0,,,46067
bert_20260228023827,19440,20260215,1,2991033,espreso,687700,PPLA,Zaporizhzhya,Zaporizhzhya,2730,Zaporiz'ka,41153,35.13885,47.83831,ADM3,1,1,0,1,0,0,0,0,1,0,0,0,0,0,0,0,0,0,0,1,0,0,0,1,0,,,46067
bert_20260228023827,209468,20260215,1,2991034,espreso,705135,PPLA2,Konotop,Sumy,2356,Konotops'kyi,18617,33.21017,51.23879,ADM3,1,1,1,1,0,0,0,0,0,0,1,0,0,0,0,0,0,0,0,1,0,0,0,0,0,,,46067
bert_20260228023827,188589,20260215,1,2997334,meduza,703448,PPLC,Kyiv,Kiev City,1210,Shevchenkivs'kyi,33738,30.52355,50.45044,ADM3,1,1,1,1,0,0,0,0,0,0,0,0,0,1,0,0,0,0,0,1,0,0,0,0,0,,,46067
bert_20260228023827,188587,20260215,1,2997335,meduza,703448,PPLC,Kyiv,Kiev City,1210,Shevchenkivs'kyi,33738,30.52355,50.45044,ADM3,1,1,0,1,0,0,0,0,0,0,0,0,0,1,0,0,0,0,0,1,0,0,0,0,0,,,46067
bert_20260228023827,275161,20260215,1,2997337,meduza,709717,PPLA,Donetsk,Donets'k,655,Donets'ka,10139,37.80285,48.01588,ADM3,1,1,1,1,0,0,0,0,0,0,0,0,0,0,0,0,0,0,0,0,0,0,0,0,0,,,46067
bert_20260228023827,157840,20260215,1,2997338,meduza,702658,PPLA,Luhansk,Luhans'k,1405,Luhans'ka,20910,39.29732,48.57171,ADM3,1,1,1,1,0,0,0,0,0,0,0,0,0,0,0,0,0,0,0,0,0,0,0,0,0,,,46067
bert_20260228023827,67838,20260215,1,2997339,meduza,693805,PPLA2,Simferopol,Crimea,579,Simferopol's'ka,34229,34.09941,44.95363,ADM3,1,1,1,1,0,0,0,0,0,0,0,0,0,0,0,0,0,0,0,0,0,0,0,0,0,,,46067
bert_20260228023827,188588,20260215,1,2997340,meduza,703448,PPLC,Kyiv,Kiev City,1210,Shevchenkivs'kyi,33738,30.52355,50.45044,ADM3,1,1,1,1,0,0,0,0,0,0,0,0,0,0,0,0,0,0,0,0,0,0,0,0,0,,,46067
bert_20260228023827,188583,20260215,1,2997341,meduza,703448,PPLC,Kyiv,Kiev City,1210,Shevchenkivs'kyi,33738,30.52355,50.45044,ADM3,1,0,0,1,0,0,0,0,0,0,0,0,0,1,0,0,0,0,0,1,0,0,0,0,0,,,46067
bert_20260228023827,188581,20260215,1,2997343,meduza,703448,PPLC,Kyiv,Kiev City,1210,Shevchenkivs'kyi,33738,30.52355,50.45044,ADM3,0,0,0,0,0,0,0,0,0,0,0,0,0,0,0,0,0,0,0,1,0,0,0,0,0,,,46067
bert_20260228023827,188584,20260215,1,2997344,meduza,703448,PPLC,Kyiv,Kiev City,1210,Shevchenkivs'kyi,33738,30.52355,50.45044,ADM3,0,0,1,0,0,0,0,0,0,0,0,0,0,0,0,0,0,0,0,0,0,0,0,0,0,,,46067
bert_20260228023827,188580,20260215,2,"2997345, 2997346",meduza,703448,PPLC,Kyiv,Kiev City,1210,Shevchenkivs'kyi,33738,30.52355,50.45044,ADM3,0,0,0,0,0,0,0,0,0,0,0,0,0,0,0,0,0,0,0,0,0,0,0,0,0,,,46067
bert_20260228023827,188586,20260215,1,2997347,meduza,703448,PPLC,Kyiv,Kiev City,1210,Shevchenkivs'kyi,33738,30.52355,50.45044,ADM3,0,1,0,0,0,0,0,0,0,0,0,0,0,0,0,0,0,0,0,0,0,0,0,0,0,,,46067
bert_20260228023827,19439,20260215,1,2997348,unian,687700,PPLA,Zaporizhzhya,Zaporizhzhya,2730,Zaporiz'ka,41153,35.13885,47.83831,ADM3,1,1,0,1,0,0,0,0,0,0,0,0,0,0,0,0,0,0,0,1,0,0,0,1,0,,,46067
bert_20260228023827,112469,20260215,1,2997349,unian,698740,PPLA,Odessa,Odessa,1800,Odes'ka,26260,30.73169,46.48421,ADM3,1,1,0,1,0,0,0,0,0,0,0,0,0,0,0,0,0,0,0,1,0,0,0,1,0,,,46067
bert_20260228023827,287973,20260215,1,2997350,unian,710035,PPLA2,Myrnohrad,Donets'k,655,Krasnoarmiis'ka,18917,37.2591,48.30791,ADM3,1,1,1,1,0,0,0,0,0,0,0,0,0,0,1,0,0,0,1,0,0,0,0,0,0,,,46067
bert_20260228023827,319049,20260215,1,2997351,unian,712609,PPL,Bilka,Odessa,1800,Ivanivs'kyi,15842,30.40579,46.90822,ADM1,1,1,0,1,0,0,0,0,0,0,0,0,0,0,0,0,0,0,0,0,0,0,0,0,0,,,46067
bert_20260228023827,203639,20260215,1,2997352,unian,704422,PPLA2,Pokrovsk,Donets'k,655,Krasnoarmiis'kyi,18918,37.1756,48.28035,ADM3,1,1,1,0,1,0,0,0,0,0,0,1,0,0,1,0,0,0,0,0,0,0,0,0,0,,,46067
bert_20260228023827,188585,20260215,1,2997353,unian,703448,PPLC,Kyiv,Kiev City,1210,Shevchenkivs'kyi,33738,30.52355,50.45044,ADM3,0,0,1,0,0,0,1,0,0,0,0,0,1,0,0,0,0,0,0,0,0,0,0,0,0,,,46067
bert_20260228023827,217169,20260215,1,2997354,unian,705183,PPL,Slobozhans'ke,Kharkiv,1191,Zmiïvs'kyi,41407,36.50512,49.61494,ADM1,1,1,1,1,1,0,0,0,0,0,1,0,0,0,1,1,0,0,1,0,0,0,0,0,0,,,46067
bert_20260228023827,203638,20260215,1,2997355,unian,704422,PPLA2,Pokrovsk,Donets'k,655,Krasnoarmiis'kyi,18918,37.1756,48.28035,ADM3,1,1,1,0,0,1,0,0,0,0,0,0,0,0,0,0,0,0,0,0,0,0,0,0,0,,,46067
bert_20260228023827,19441,20260215,1,2997356,unian,687700,PPLA,Zaporizhzhya,Zaporizhzhya,2730,Zaporiz'ka,41153,35.13885,47.83831,ADM3,1,1,1,0,1,0,0,0,0,0,0,0,0,0,1,0,0,0,0,0,0,0,0,0,0,,,46067
bert_20260228023827,250398,20260215,1,2984989,liga,706483,PPLA,Kharkiv,Kharkiv,1191,Kharkivs'ka,17850,36.2312,49.99217,ADM3,0,0,0,0,0,0,0,0,0,0,0,0,0,0,0,0,0,0,0,0,0,0,0,0,0,,,46067
bert_20260228023827,250399,20260215,1,2984990,liga,706483,PPLA,Kharkiv,Kharkiv,1191,Kharkivs'ka,17850,36.2312,49.99217,ADM3,0,0,0,0,0,0,0,0,0,0,1,0,0,0,0,0,0,0,0,0,0,0,0,0,0,,,46067
bert_20260228023827,275160,20260215,1,2984991,liveuamap,709717,PPLA,Donetsk,Donets'k,655,Donets'ka,10139,37.80285,48.01588,ADM3,0,1,0,1,0,0,0,0,0,0,0,0,0,0,0,0,0,0,0,0,0,0,0,0,0,,,46067
bert_20260228023827,208631,20260215,1,2984992,liveuamap,705104,PPL,Kostiantynivka,Donets'k,655,Kostiantynivs'ka,18738,37.69368,48.53467,ADM3,1,1,1,0,0,0,0,0,0,0,0,0,0,0,0,1,0,0,0,0,0,0,0,0,0,,,46067
bert_20260228023827,203641,20260215,1,2984993,liveuamap,704422,PPLA2,Pokrovsk,Donets'k,655,Krasnoarmiis'kyi,18918,37.1756,48.28035,ADM3,1,1,1,1,0,0,0,0,1,0,0,0,0,0,0,0,0,0,0,1,0,0,0,0,0,,,46067
bert_20260228023827,287227,20260215,1,2984994,liveuamap,709930,PPLA,Dnipro,Dnipropetrovs'k,650,Dnipropetrovs'ka,9966,35.04618,48.46472,ADM3,1,1,1,1,0,0,0,0,1,0,0,0,0,0,0,0,0,0,0,1,0,0,0,0,0,,,46067
bert_20260228023827,376826,20260215,1,2984995,liveuamap,9532052,PPL,Huliaipilske,Zaporizhzhya,2730,Huliaipil's'kyi,14713,36.06122,47.61272,ADM3,1,1,1,1,0,0,0,0,1,0,0,0,0,0,0,0,0,0,0,1,0,0,0,0,0,,,46067
bert_20260228023827,338903,20260215,1,2984996,liveuamap,802277,PPL,Protsenko,Donets'k,655,Amvrosi‹vs'kyi,1671,38.206,47.738,ADM3,1,1,1,1,0,0,0,0,1,0,0,0,0,0,0,0,0,0,0,1,0,0,0,0,0,,,46067
bert_20260228023827,304930,20260215,1,2984997,liveuamap,710925,PPL,Charivne,Zaporizhzhya,2730,Orikhivs'kyi,26748,36.03595,47.58161,ADM3,1,1,1,1,0,0,0,0,1,0,0,0,0,0,0,0,0,0,0,1,0,0,0,0,0,,,46067
bert_20260228023827,19442,20260215,1,2984998,liveuamap,687700,PPLA,Zaporizhzhya,Zaporizhzhya,2730,Zaporiz'ka,41153,35.13885,47.83831,ADM3,1,1,1,1,0,0,0,0,1,0,0,0,0,0,0,0,0,0,0,1,0,0,0,0,0,,,46067
bert_20260228023827,55642,20260215,1,2984999,liveuamap,693065,PPLX,Sotsmisto,Donets'k,655,Kramators'ka,18898,37.5844,48.73898,ADM3,1,0,1,0,0,0,0,0,0,0,0,0,0,0,0,1,0,0,0,0,0,0,0,0,0,,,46067
bert_20260228023827,250400,20260215,1,2985000,liveuamap,706483,PPLA,Kharkiv,Kharkiv,1191,Kharkivs'ka,17850,36.2312,49.99217,ADM3,1,0,1,0,0,0,0,0,0,0,0,0,0,0,0,1,0,0,0,0,0,0,0,0,0,,,46067
bert_20260228023827,32695,20260215,1,2985001,liveuamap,689304,PPLA2,Vovchansk,Kharkiv,1191,Vovchans'kyi,39837,36.9368,50.29401,ADM3,1,0,1,0,0,0,0,0,0,0,0,0,0,0,0,1,0,0,0,0,0,0,0,0,0,,,46067
bert_20260228023827,197380,20260215,1,2985002,liveuamap,704204,PPL,Lyman,Donets'k,655,Krasnolymans'kyi,18941,37.82245,48.96409,ADM3,1,0,1,0,0,0,0,0,0,0,0,0,0,0,0,1,0,0,0,0,0,0,0,0,0,,,46067
bert_20260228023827,381248,20260215,1,2985003,liveuamap,10323759,PPLX,Cheremushky,Donets'k,655,Mariupol's'ka,22073,37.50564,47.07557,ADM3,1,0,1,0,0,0,0,0,0,0,0,0,0,0,0,1,0,0,0,0,0,0,0,0,0,,,46067
bert_20260228023827,57743,20260215,1,2985004,liveuamap,693468,PPL,Sloviansk,Donets'k,655,Slovians'ka,34511,37.60582,48.85227,ADM3,1,0,1,0,0,0,0,0,0,0,0,0,0,0,0,1,0,0,0,0,0,0,0,0,0,,,46067
bert_20260228023827,360546,20260215,1,2985005,liveuamap,8419787,PPL,Zakumske,Sumy,2356,Sums'kyi,35426,34.64912,50.95537,ADM2,1,1,1,1,0,0,0,0,0,0,0,0,0,0,1,1,0,0,0,0,0,0,1,0,0,,,46067
bert_20260228023827,192462,20260215,1,2985006,liveuamap,703656,PPLA2,Kupiansk,Kharkiv,1191,Kupians'ka,19188,37.61478,49.7108,ADM3,1,0,1,0,0,0,0,0,0,0,0,0,0,0,0,1,0,0,0,0,0,0,0,0,0,,,46067
bert_20260228023827,203636,20260215,1,2985007,liveuamap,704422,PPLA2,Pokrovsk,Donets'k,655,Krasnoarmiis'kyi,18918,37.1756,48.28035,ADM3,1,0,1,0,0,0,0,0,0,0,0,0,0,0,0,1,0,0,0,0,0,0,0,0,0,,,46067
bert_20260228023827,22759,20260215,1,2985008,liveuamap,688393,PPL,Yaseninichi,Rivne,2066,Rivnens'ka,30582,26.25164,50.61992,ADM3,1,0,1,0,0,0,0,0,0,0,0,0,0,0,0,1,0,0,0,0,0,0,0,0,0,,,46067
bert_20260228023827,373702,20260215,1,2985010,liveuamap,9114542,PPL,Novyi,Luhans'k,1405,Krasnoluts'ka,18939,38.59081,48.49995,ADM3,1,0,1,0,0,0,0,0,0,0,0,0,0,0,0,1,0,0,0,0,0,0,0,0,0,,,46067
bert_20260228023827,261944,20260215,1,2985011,liveuamap,708060,PPL,Hryshyne,Donets'k,655,Krasnoarmiis'kyi,18918,37.0798,48.32938,ADM3,1,0,1,0,0,0,0,0,0,0,0,0,0,0,0,1,0,0,0,0,0,0,0,0,0,,,46067
bert_20260228023827,365123,20260215,1,2985012,liveuamap,9112183,PPL,Novopavlivka,Donets'k,655,Krasnoarmiis'kyi,18918,37.22614,48.24869,ADM3,1,0,1,0,0,0,0,0,0,0,0,0,0,0,0,1,0,0,0,0,0,0,0,0,0,,,46067
bert_20260228023827,119013,20260215,1,2985013,liveuamap,699722,PPL,Novooleksandrivka,Luhans'k,1405,Krasnodons'kyi,18925,39.627,48.26706,ADM3,1,0,1,0,0,0,0,0,0,0,0,0,0,0,0,1,0,0,0,0,0,0,0,0,0,,,46067
bert_20260228023827,376825,20260215,1,2985014,liveuamap,9532052,PPL,Huliaipilske,Zaporizhzhya,2730,Huliaipil's'kyi,14713,36.06122,47.61272,ADM3,1,0,1,0,0,0,0,0,0,0,0,0,0,0,0,1,0,0,0,0,0,0,0,0,0,,,46067
bert_20260228023827,261569,20260215,1,2985015,liveuamap,707898,PPLA2,Hulyaypole,Zaporizhzhya,2730,Huliaipil's'kyi,14713,36.25322,47.66644,ADM3,1,0,1,0,0,0,0,0,0,0,0,0,0,0,0,1,0,0,0,0,0,0,0,0,0,,,46067
bert_20260228023827,268931,20260215,1,2985016,liveuamap,709671,PPL,Dorozhnianka,Zaporizhzhya,2730,Huliaipil's'kyi,14713,36.26004,47.58678,ADM3,1,0,1,0,0,0,0,0,0,0,0,0,0,0,0,1,0,0,0,0,0,0,0,0,0,,,46067
bert_20260228023827,143782,20260216,1,3041385,liga,701822,PPL,Mariupol,Donets'k,655,Mariupol's'ka,22073,37.54144,47.0967,ADM3,1,1,1,0,0,1,0,0,0,0,0,0,0,0,0,0,0,0,0,0,0,0,0,0,0,,,46068
bert_20260228023827,258290,20260216,1,3022601,liga,707471,PPLA,Ivano-Frankivsk,Ivano-Frankivs'k,1023,Ivano-Frankivs'ka,15846,24.71116,48.92268,ADM3,0,0,0,0,0,0,1,0,0,0,0,0,0,0,0,0,0,0,0,0,0,0,0,0,0,,,46068
bert_20260228023827,188591,20260216,1,3010095,liga,703448,PPLC,Kyiv,Kiev City,1210,Shevchenkivs'kyi,33738,30.52355,50.45044,ADM3,0,0,0,0,0,1,0,0,0,0,0,0,0,0,0,0,0,0,0,0,0,0,0,0,0,,,46068
bert_20260228023827,373703,20260216,2,"3009868, 3003586",unian,9114542,PPL,Novyi,Luhans'k,1405,Krasnoluts'ka,18939,38.59081,48.49995,ADM3,0,0,0,0,0,0,1,0,0,0,0,0,0,0,0,0,0,0,0,0,0,0,0,0,0,,,46068
bert_20260228023827,203643,20260216,1,2997357,espreso,704422,PPLA2,Pokrovsk,Donets'k,655,Krasnoarmiis'kyi,18918,37.1756,48.28035,ADM3,1,0,1,0,0,0,0,0,0,0,0,0,0,0,0,1,0,0,0,0,0,0,0,0,0,,,46068
bert_20260228023827,192466,20260216,1,2997358,espreso,703656,PPLA2,Kupiansk,Kharkiv,1191,Kupians'ka,19188,37.61478,49.7108,ADM3,1,1,1,1,1,0,0,0,0,0,0,0,0,0,1,1,0,0,0,0,0,0,1,0,0,,,46068
bert_20260228023827,29711,20260216,1,2997359,espreso,689103,PPL,Volovytsia,Chernihiv,498,Borznians'kyi,5262,32.00406,51.35543,ADM1,1,1,0,1,0,0,0,0,0,0,1,0,0,0,0,0,0,0,0,1,0,0,0,1,0,,,46068
bert_20260228023827,359368,20260216,1,2997360,espreso,8281918,PPL,Posich,Transcarpathia,2491,Khusts'kyi,18005,23.41312,48.22076,ADM1,0,0,1,0,0,1,0,0,0,0,0,0,1,0,0,0,0,0,0,0,0,0,0,0,0,,,46068
bert_20260228023827,347994,20260216,1,2997361,espreso,809452,PPL,Kuban,Luhans'k,1405,Novopskovs'kyi,25920,39.02962,49.65099,ADM3,0,1,0,1,0,0,0,0,0,0,0,0,0,0,0,0,0,0,0,0,0,0,0,0,0,,,46068
bert_20260228023827,154180,20260216,1,2997362,espreso,702550,PPLA,Lviv,L'viv,1289,L'vivs'ka,19402,24.0299,49.83932,ADM3,1,1,1,1,0,0,0,0,0,0,0,0,0,0,0,0,0,0,0,1,0,0,0,0,0,,,46068
bert_20260228023827,376827,20260216,1,2997363,espreso,9532052,PPL,Huliaipilske,Zaporizhzhya,2730,Huliaipil's'kyi,14713,36.06122,47.61272,ADM3,1,0,1,0,0,0,0,0,0,0,0,0,0,0,0,1,0,0,0,0,0,0,0,0,0,,,46068
bert_20260228023827,261571,20260216,1,2997364,espreso,707898,PPLA2,Hulyaypole,Zaporizhzhya,2730,Huliaipil's'kyi,14713,36.25322,47.66644,ADM3,1,1,1,1,0,0,0,0,0,0,0,0,0,1,0,1,0,0,0,0,0,0,0,0,0,,,46068
bert_20260228023827,112471,20260216,1,2997544,liga,698740,PPLA,Odessa,Odessa,1800,Odes'ka,26260,30.73169,46.48421,ADM3,0,0,0,0,0,1,1,0,0,0,0,0,0,0,0,0,0,0,0,0,0,0,0,0,0,,,46068
bert_20260228023827,203646,20260216,2,"2997545, 3003590","liga, unian",704422,PPLA2,Pokrovsk,Donets'k,655,Krasnoarmiis'kyi,18918,37.1756,48.28035,ADM3,1,1,1,1,0,0,0,0,0,0,0,0,0,0,1,0,0,0,1,0,0,0,0,0,0,,,46068
bert_20260228023827,112472,20260216,1,2997546,liga,698740,PPLA,Odessa,Odessa,1800,Odes'ka,26260,30.73169,46.48421,ADM3,1,1,1,0,0,1,0,0,0,0,0,0,0,0,0,0,1,0,0,1,0,0,1,1,0,,,46068
bert_20260228023827,188594,20260216,1,2997547,liga,703448,PPLC,Kyiv,Kiev City,1210,Shevchenkivs'kyi,33738,30.52355,50.45044,ADM3,1,0,1,0,0,1,0,0,0,0,0,0,0,0,0,0,1,0,0,1,0,0,0,0,0,,,46068
bert_20260228023827,192465,20260216,1,2997548,liga,703656,PPLA2,Kupiansk,Kharkiv,1191,Kupians'ka,19188,37.61478,49.7108,ADM3,1,1,1,0,1,0,0,0,0,0,0,0,0,0,1,0,0,0,1,0,0,0,0,0,0,,,46068
bert_20260228023827,154181,20260216,1,2997549,liga,702550,PPLA,Lviv,L'viv,1289,L'vivs'ka,19402,24.0299,49.83932,ADM3,1,1,1,1,0,0,0,0,0,0,0,0,0,1,0,0,0,0,0,1,0,0,0,0,0,,,46068
bert_20260228023827,188590,20260216,2,"3003583, 3003589",unian,703448,PPLC,Kyiv,Kiev City,1210,Shevchenkivs'kyi,33738,30.52355,50.45044,ADM3,0,0,0,0,0,0,0,0,0,0,0,0,0,0,0,0,0,0,0,0,0,0,0,0,0,,,46068
bert_20260228023827,250401,20260216,1,3003584,unian,706483,PPLA,Kharkiv,Kharkiv,1191,Kharkivs'ka,17850,36.2312,49.99217,ADM3,0,0,0,0,0,0,1,0,0,0,0,0,0,0,0,0,0,0,0,0,0,0,0,0,0,,,46068
bert_20260228023827,192464,20260216,1,3003585,unian,703656,PPLA2,Kupiansk,Kharkiv,1191,Kupians'ka,19188,37.61478,49.7108,ADM3,1,1,1,0,1,0,0,0,0,0,0,0,0,0,1,0,0,0,0,0,0,0,0,0,0,,,46068
bert_20260228023827,188592,20260216,1,3003587,unian,703448,PPLC,Kyiv,Kiev City,1210,Shevchenkivs'kyi,33738,30.52355,50.45044,ADM3,0,0,0,0,0,1,1,0,0,0,0,0,0,0,0,0,0,0,0,1,0,0,0,0,0,,,46068
bert_20260228023827,288621,20260216,1,3003588,unian,710243,PPL,Davydivka,Chernivtsi,499,Storozhynets'kyi,35189,25.53629,48.1277,ADM3,0,0,0,0,0,1,1,0,0,0,0,0,0,0,0,0,0,0,0,0,0,0,0,0,0,,,46068
bert_20260228023827,188593,20260216,1,3003591,unian,703448,PPLC,Kyiv,Kiev City,1210,Shevchenkivs'kyi,33738,30.52355,50.45044,ADM3,1,0,1,0,0,0,1,0,0,0,0,0,0,0,0,0,0,0,0,0,0,0,0,0,0,,,46068
bert_20260228023827,192467,20260216,1,3003592,unian,703656,PPLA2,Kupiansk,Kharkiv,1191,Kupians'ka,19188,37.61478,49.7108,ADM3,1,1,1,1,1,0,0,0,0,0,1,0,0,1,1,0,0,0,0,1,0,0,1,0,0,,,46068
bert_20260228023827,373704,20260216,1,3003593,unian,9114542,PPL,Novyi,Luhans'k,1405,Krasnoluts'ka,18939,38.59081,48.49995,ADM3,0,0,1,0,0,0,1,0,0,0,0,0,0,0,0,0,0,0,0,0,0,0,0,0,0,,,46068
bert_20260228023827,203645,20260216,1,3003594,unian,704422,PPLA2,Pokrovsk,Donets'k,655,Krasnoarmiis'kyi,18918,37.1756,48.28035,ADM3,1,1,1,1,0,0,0,0,0,0,0,0,0,0,1,0,0,0,0,0,0,0,0,0,0,,,46068
bert_20260228023827,112470,20260216,1,3003595,unian,698740,PPLA,Odessa,Odessa,1800,Odes'ka,26260,30.73169,46.48421,ADM3,1,0,0,0,0,0,0,0,0,0,0,0,0,0,0,0,0,0,0,1,0,0,0,0,0,,,46068
bert_20260228023827,38237,20260216,1,3003596,unian,690773,PPL,Ukrainka,Kiev,1209,Obukhivs'kyi,26204,30.74207,50.15372,ADM3,0,0,1,0,0,1,0,0,0,0,0,0,0,0,0,0,0,0,0,0,0,0,0,0,0,,,46068
bert_20260228023827,157841,20260216,1,3003597,unian,702658,PPLA,Luhansk,Luhans'k,1405,Luhans'ka,20910,39.29732,48.57171,ADM3,0,0,1,0,0,1,0,0,0,0,0,0,0,0,0,0,0,0,0,0,0,0,0,0,0,,,46068
bert_20260228023827,287974,20260216,1,3003598,unian,710035,PPLA2,Myrnohrad,Donets'k,655,Krasnoarmiis'ka,18917,37.26806,48.29097,ADM3,1,0,1,0,0,0,0,0,0,0,0,0,0,0,0,0,0,0,0,0,0,0,0,0,0,,,46068
bert_20260228023827,203642,20260216,1,2991035,espreso,704422,PPLA2,Pokrovsk,Donets'k,655,Krasnoarmiis'kyi,18918,37.1756,48.28035,ADM3,1,0,0,0,0,0,0,0,0,0,0,0,0,0,0,0,0,0,0,0,0,0,0,0,0,,,46068
bert_20260228023827,19445,20260216,1,2991293,liveuamap,687700,PPLA,Zaporizhzhya,Zaporizhzhya,2730,Zaporiz'ka,41153,35.13885,47.83831,ADM3,1,1,1,1,0,0,0,0,0,0,0,0,0,1,0,0,0,0,0,1,0,0,0,0,0,,,46068
bert_20260228023827,19443,20260216,1,2991294,liveuamap,687700,PPLA,Zaporizhzhya,Zaporizhzhya,2730,Zaporiz'ka,41153,35.13885,47.83831,ADM3,1,1,0,0,1,0,0,0,0,0,1,0,0,0,0,0,0,0,0,0,0,0,0,0,0,,,46068
bert_20260228023827,397107,20260216,1,2991295,liveuamap,,,,,,,,36.58734,50.59556,ADM3,1,1,1,0,0,0,0,1,0,0,0,0,0,0,0,0,0,0,0,1,0,0,0,1,0,,,46068
bert_20260228023827,287228,20260216,1,2991296,liveuamap,709930,PPLA,Dnipro,Dnipropetrovs'k,650,Dnipropetrovs'ka,9966,35.04618,48.46472,ADM3,1,1,0,0,1,0,0,0,0,0,0,0,0,0,0,0,0,0,0,0,0,0,0,0,0,,,46068
bert_20260228023827,19444,20260216,1,2991297,liveuamap,687700,PPLA,Zaporizhzhya,Zaporizhzhya,2730,Zaporiz'ka,41153,35.13885,47.83831,ADM3,1,1,1,1,0,0,0,0,0,0,0,0,0,0,1,0,0,0,1,0,0,0,0,0,0,,,46068
bert_20260228023827,257340,20260216,1,2991298,liveuamap,707414,PPL,Ivanivka,Luhans'k,1405,Antratsytivs'kyi,1932,38.9352,48.23788,ADM3,1,1,1,1,0,0,0,0,1,0,0,0,0,0,0,0,0,0,0,1,0,0,0,0,0,,,46068
bert_20260228023827,287229,20260216,1,2991299,liveuamap,709930,PPLA,Dnipro,Dnipropetrovs'k,650,Dnipropetrovs'ka,9966,35.04618,48.46472,ADM3,1,1,1,1,0,0,0,0,1,0,0,0,0,0,0,0,0,0,0,1,0,0,0,0,0,,,46068
bert_20260228023827,40937,20260216,1,2991300,liveuamap,691200,PPL,Trudove,Donets'k,655,Mar‹ns'kyi,21886,37.21558,47.89764,ADM3,1,1,1,1,0,0,0,0,1,0,0,0,0,0,0,0,0,0,0,1,0,0,0,0,0,,,46068
bert_20260228023827,26183,20260216,1,2991301,liveuamap,688871,PPL,Vozdvyzhivka,Zaporizhzhya,2730,Novomykola‹vs'kyi,25913,36.07979,47.74727,ADM3,1,1,1,1,0,0,0,0,1,0,0,0,0,0,0,0,0,0,0,1,0,0,0,0,0,,,46068
bert_20260228023827,103026,20260216,1,2991302,liveuamap,698428,PPLA2,Orikhiv,Zaporizhzhya,2730,Orikhivs'kyi,26748,35.77773,47.56947,ADM3,1,1,1,1,0,0,0,0,1,0,0,0,0,0,0,0,0,0,0,1,0,0,0,0,0,,,46068
bert_20260228023827,19446,20260216,1,2991303,liveuamap,687700,PPLA,Zaporizhzhya,Zaporizhzhya,2730,Zaporiz'ka,41153,35.13885,47.83831,ADM3,1,1,1,1,0,0,0,0,1,0,0,0,0,0,0,0,0,0,0,1,0,0,0,0,0,,,46068
bert_20260228023827,55643,20260216,1,2991304,liveuamap,693065,PPLX,Sotsmisto,Donets'k,655,Kramators'ka,18898,37.5844,48.73898,ADM3,1,0,1,0,0,0,0,0,0,0,0,0,0,0,0,1,0,0,0,0,0,0,0,0,0,,,46068
bert_20260228023827,250402,20260216,1,2991305,liveuamap,706483,PPLA,Kharkiv,Kharkiv,1191,Kharkivs'ka,17850,36.2312,49.99217,ADM3,1,1,1,0,0,0,0,0,0,0,0,0,0,0,0,1,0,0,0,0,0,0,0,0,0,,,46068
bert_20260228023827,32696,20260216,1,2991306,liveuamap,689304,PPLA2,Vovchansk,Kharkiv,1191,Vovchans'kyi,39837,36.9368,50.29401,ADM3,1,1,1,0,0,0,0,0,0,0,0,0,0,0,0,1,0,0,0,0,0,0,0,0,0,,,46068
bert_20260228023827,89977,20260216,1,2991307,liveuamap,696218,PPL,Pryvillia,Luhans'k,1405,Popasnians'kyi,28982,38.30109,48.99971,ADM3,1,0,1,0,0,0,0,0,0,0,0,0,0,0,0,1,0,0,0,0,0,0,0,0,0,,,46068
bert_20260228023827,203644,20260216,1,2991308,liveuamap,704422,PPLA2,Pokrovsk,Donets'k,655,Krasnoarmiis'kyi,18918,37.1756,48.28035,ADM3,1,1,1,1,0,0,0,0,0,0,0,0,0,0,0,1,0,0,0,0,0,0,0,0,0,,,46068
bert_20260228023827,287975,20260216,1,2991309,liveuamap,710035,PPLA2,Myrnohrad,Donets'k,655,Krasnoarmiis'ka,18917,37.2591,48.30791,ADM3,1,1,1,1,0,0,0,0,0,0,0,0,0,0,0,1,0,0,0,0,0,0,0,0,0,,,46068
bert_20260228023827,364868,20260216,1,2991311,liveuamap,9112127,PPL,Kotlyne,Donets'k,655,Krasnoarmiis'kyi,18918,37.04956,48.25514,ADM3,1,1,1,1,0,0,0,0,0,0,0,0,0,0,0,1,0,0,0,0,0,0,0,0,0,,,46068
bert_20260228023827,40254,20260216,1,2991312,liveuamap,690841,PPL,Udachne,Donets'k,655,Krasnoarmiis'kyi,18918,36.98273,48.23942,ADM3,1,1,1,1,0,0,0,0,0,0,0,0,0,0,0,1,0,0,0,0,0,0,0,0,0,,,46068
bert_20260228023827,365737,20260216,1,2991313,liveuamap,9112581,PPL,Novoserhiivka,Donets'k,655,Krasnoarmiis'kyi,18918,36.96347,48.19837,ADM3,1,1,1,1,0,0,0,0,0,0,0,0,0,0,0,1,0,0,0,0,0,0,0,0,0,,,46068
bert_20260228023827,366024,20260216,1,2991314,liveuamap,9112905,PPL,Molodets'ke,Donets'k,655,Krasnoarmiis'kyi,18918,36.93473,48.24095,ADM3,1,1,1,1,0,0,0,0,0,0,0,0,0,0,0,1,0,0,0,0,0,0,0,0,0,,,46068
bert_20260228023827,117584,20260216,1,2991315,liveuamap,699458,PPL,Novomykhailivka,Donets'k,655,Mar‹ns'kyi,21886,37.48298,47.85341,ADM3,1,1,1,1,0,0,0,0,0,0,0,0,0,0,0,1,0,0,0,0,0,0,0,0,0,,,46068
bert_20260228023827,260401,20260216,1,2991316,liveuamap,707756,PPL,Dachne,Odessa,1800,Bilia‹vs'kyi,4610,30.54817,46.57722,ADM3,1,1,1,1,0,0,0,0,0,0,0,0,0,0,0,1,0,0,0,0,0,0,0,0,0,,,46068
bert_20260228023827,95032,20260216,1,2991317,liveuamap,696877,PPLX,Podil,Kiev City,1210,Shevchenkivs'kyi,33738,30.50463,50.4736,STREET,1,1,1,1,0,0,0,0,0,0,0,0,0,0,0,1,0,0,0,0,0,0,0,0,0,,,46068
bert_20260228023827,119014,20260216,1,2991318,liveuamap,699722,PPL,Novooleksandrivka,Luhans'k,1405,Krasnodons'kyi,18925,39.627,48.26706,ADM3,1,1,1,1,0,0,0,0,0,0,0,0,0,0,0,1,0,0,0,0,0,0,0,0,0,,,46068
bert_20260228023827,257339,20260216,1,2991319,liveuamap,707414,PPL,Ivanivka,Luhans'k,1405,Antratsytivs'kyi,1932,38.9352,48.23788,ADM3,1,1,1,1,0,0,0,0,0,0,0,0,0,0,0,1,0,0,0,0,0,0,0,0,0,,,46068
bert_20260228023827,261570,20260216,1,2991320,liveuamap,707898,PPLA2,Hulyaypole,Zaporizhzhya,2730,Huliaipil's'kyi,14713,36.25322,47.66644,ADM3,1,0,1,0,0,0,0,0,0,0,0,0,0,0,0,1,0,0,0,0,0,0,0,0,0,,,46068
bert_20260228023827,192463,20260216,1,2991322,liveuamap,703656,PPLA2,Kupiansk,Kharkiv,1191,Kupians'ka,19188,37.61478,49.7108,ADM3,1,0,1,0,0,0,0,0,0,0,0,0,0,0,0,1,0,0,0,0,0,0,0,0,0,,,46068
bert_20260228023827,197381,20260216,1,2991323,liveuamap,704204,PPL,Lyman,Donets'k,655,Krasnolymans'kyi,18941,37.82245,48.96409,ADM3,1,0,1,0,0,0,0,0,0,0,0,0,0,0,0,1,0,0,0,0,0,0,0,0,0,,,46068
bert_20260228023827,208632,20260216,1,2991325,liveuamap,705104,PPL,Kostiantynivka,Donets'k,655,Kostiantynivs'ka,18738,37.69368,48.53467,ADM3,1,1,1,0,0,0,0,0,0,0,0,0,0,0,0,1,0,0,0,0,0,0,0,0,0,,,46068
bert_20260228023827,381249,20260216,1,2991326,liveuamap,10323759,PPLX,Cheremushky,Donets'k,655,Mariupol's'ka,22073,37.50564,47.07557,ADM3,1,0,1,0,0,0,0,0,0,0,0,0,0,0,0,1,0,0,0,0,0,0,0,0,0,,,46068
bert_20260228023827,360547,20260216,1,2991327,liveuamap,8419787,PPL,Zakumske,Sumy,2356,Sums'kyi,35426,34.64912,50.95537,ADM2,1,1,1,1,0,0,0,0,0,0,0,0,0,0,1,1,0,0,0,0,0,0,1,0,0,,,46068
bert_20260228023827,112473,20260216,1,2991328,liveuamap,698740,PPLA,Odessa,Odessa,1800,Odes'ka,26260,30.73169,46.48421,ADM3,1,1,1,1,0,0,0,0,0,0,1,0,0,0,0,0,0,0,0,1,0,0,0,1,0,,,46068
bert_20260228023827,383256,20260216,1,2991329,liveuamap,10347886,PPL,Volna,Mykolayiv,1628,Kazanetskyi,17599,32.9682,47.57704,ADM3,1,0,1,0,1,0,0,0,0,0,1,0,0,0,0,0,0,0,0,0,0,0,0,0,0,,,46068
bert_20260228023827,143783,20260217,1,3041392,liga,701822,PPL,Mariupol,Donets'k,655,Mariupol's'ka,22073,37.54144,47.0967,ADM3,1,1,1,0,0,1,0,0,0,0,0,0,0,0,0,0,0,0,0,0,0,0,0,0,0,,,46069
bert_20260228023827,258291,20260217,1,3022608,liga,707471,PPLA,Ivano-Frankivsk,Ivano-Frankivs'k,1023,Ivano-Frankivs'ka,15846,24.71116,48.92268,ADM3,0,0,0,0,0,0,1,0,0,0,0,0,0,0,0,0,0,0,0,0,0,0,0,0,0,,,46069
bert_20260228023827,188597,20260217,1,3010102,liga,703448,PPLC,Kyiv,Kiev City,1210,Shevchenkivs'kyi,33738,30.52355,50.45044,ADM3,0,0,0,0,0,1,0,0,0,0,0,0,0,0,0,0,0,0,0,0,0,0,0,0,0,,,46069
bert_20260228023827,376828,20260217,2,"3003603, 2997575","espreso, liveuamap",9532052,PPL,Huliaipilske,Zaporizhzhya,2730,Huliaipil's'kyi,14713,36.06122,47.61272,ADM3,1,0,1,0,0,0,0,0,0,0,0,0,0,0,0,1,0,0,0,0,0,0,0,0,0,,,46069
bert_20260228023827,203647,20260217,1,3003604,espreso,704422,PPLA2,Pokrovsk,Donets'k,655,Krasnoarmiis'kyi,18918,37.1756,48.28035,ADM3,1,0,1,0,0,0,0,0,0,0,0,0,0,0,0,1,0,0,0,0,0,0,0,0,0,,,46069
bert_20260228023827,303414,20260217,1,3003605,espreso,710771,PPL,Chorna Dolyna,Kherson,1195,Kakhovs'kyi,16943,33.48173,46.55783,ADM1,1,1,1,1,0,0,0,0,0,0,0,0,0,0,1,0,0,0,1,0,0,0,0,0,0,,,46069
bert_20260228023827,112478,20260217,1,3003606,espreso,698740,PPLA,Odessa,Odessa,1800,Odes'ka,26260,30.73169,46.48421,ADM3,1,1,1,1,0,0,0,0,0,0,1,0,0,1,0,0,0,0,0,1,0,0,0,1,0,,,46069
bert_20260228023827,67839,20260217,1,3003607,espreso,693805,PPLA2,Simferopol,Crimea,579,Simferopol's'ka,34229,34.09941,44.95363,ADM3,1,1,1,0,1,0,0,0,0,0,0,0,0,0,0,0,0,1,0,1,0,0,0,0,0,,,46069
bert_20260228023827,376829,20260217,1,3003608,espreso,9532052,PPL,Huliaipilske,Zaporizhzhya,2730,Huliaipil's'kyi,14713,36.06122,47.61272,ADM3,1,1,1,0,0,0,0,0,0,0,0,0,0,0,0,1,0,0,0,0,0,0,0,0,0,,,46069
bert_20260228023827,383810,20260217,2,"3003795, 3009879","liga, unian",10870971,PPL,Kolos,Zaporizhzhya,2730,Vil'nians'kyi,39487,35.6318,47.95938,ADM3,1,0,1,0,0,1,1,0,0,0,0,0,0,0,0,0,0,0,0,0,0,0,0,0,0,,,46069
bert_20260228023827,112477,20260217,1,3003796,liga,698740,PPLA,Odessa,Odessa,1800,Odes'ka,26260,30.73169,46.48421,ADM3,1,1,1,1,0,0,0,0,0,0,0,0,1,0,0,0,1,0,0,1,0,0,0,1,0,,,46069
bert_20260228023827,67842,20260217,1,3003797,liga,693805,PPLA2,Simferopol,Crimea,579,Simferopol's'ka,34229,34.09941,44.95363,ADM3,1,1,1,0,1,0,0,1,1,0,0,0,0,0,0,0,0,0,0,1,0,0,1,0,0,,,46069
bert_20260228023827,188598,20260217,1,3003798,liga,703448,PPLC,Kyiv,Kiev City,1210,Shevchenkivs'kyi,33738,30.52355,50.45044,ADM3,1,1,1,0,0,0,0,1,1,0,0,0,0,0,0,0,0,0,0,0,0,0,0,0,0,,,46069
bert_20260228023827,57744,20260217,1,3003799,liga,693468,PPL,Sloviansk,Donets'k,655,Slovians'ka,34511,37.60582,48.85227,ADM3,1,1,0,1,0,0,0,0,0,0,1,0,0,0,0,0,0,0,0,1,0,0,0,1,0,,,46069
bert_20260228023827,67841,20260217,1,3003800,liga,693805,PPLA2,Simferopol,Crimea,579,Simferopol's'ka,34229,34.09941,44.95363,ADM3,1,1,1,0,1,0,0,0,0,0,1,0,0,0,0,0,0,1,0,1,0,0,0,0,0,,,46069
bert_20260228023827,154182,20260217,1,3009869,unian,702550,PPLA,Lviv,L'viv,1289,L'vivs'ka,19402,24.0299,49.83932,ADM3,0,0,0,0,0,0,1,0,0,0,0,0,0,0,0,0,0,0,0,0,0,0,0,0,0,,,46069
bert_20260228023827,112475,20260217,1,3009870,unian,698740,PPLA,Odessa,Odessa,1800,Odes'ka,26260,30.73169,46.48421,ADM3,1,0,0,1,0,0,0,0,0,0,0,0,0,0,0,0,0,0,0,1,0,0,0,1,0,,,46069
bert_20260228023827,289813,20260217,1,3009871,unian,710403,PPLQ,Chornobyl,Kiev,1209,Ivankivs'kyi,15844,30.211,51.27784,ADM3,0,0,0,0,0,1,1,0,0,0,0,0,0,0,0,0,0,0,0,0,0,0,0,0,0,,,46069
bert_20260228023827,235348,20260217,1,3009872,unian,706448,PPLA,Kherson,Kherson,1195,Khersons'ka,17890,32.61496,46.64032,ADM3,1,1,1,1,0,0,0,0,0,0,0,0,0,0,1,0,0,0,0,0,0,0,0,0,0,,,46069
bert_20260228023827,124690,20260217,1,3009873,unian,700519,PPL,Nadiia,Odessa,1800,Rozdil'nias'kyi,30835,30.06301,46.96279,ADM3,1,1,1,1,0,0,0,0,0,0,0,0,0,0,1,0,0,0,0,0,0,0,1,0,0,,,46069
bert_20260228023827,188596,20260217,2,"3009874, 3003602",unian,703448,PPLC,Kyiv,Kiev City,1210,Shevchenkivs'kyi,33738,30.52355,50.45044,ADM3,0,0,0,0,0,0,1,0,0,0,0,0,0,0,0,0,0,0,0,0,0,0,0,0,0,,,46069
bert_20260228023827,258292,20260217,1,3009875,unian,707471,PPLA,Ivano-Frankivsk,Ivano-Frankivs'k,1023,Ivano-Frankivs'ka,15846,24.71116,48.92268,ADM3,0,0,1,1,0,1,0,0,0,0,0,0,0,0,0,0,0,0,0,0,0,0,0,0,0,,,46069
bert_20260228023827,67840,20260217,1,3009876,unian,693805,PPLA2,Simferopol,Crimea,579,Simferopol's'ka,34229,34.09941,44.95363,ADM3,1,1,1,0,1,0,0,0,0,0,0,0,0,0,1,0,0,0,0,0,0,0,0,0,0,,,46069
bert_20260228023827,373706,20260217,1,3009877,unian,9114542,PPL,Novyi,Luhans'k,1405,Krasnoluts'ka,18939,38.59081,48.49995,ADM3,0,1,1,1,0,0,1,0,0,0,0,0,0,0,0,0,0,0,0,0,0,0,0,0,0,,,46069
bert_20260228023827,357676,20260217,1,3009878,unian,8250815,PPL,Karpaty,Transcarpathia,2491,Mukachivs'kyi,24017,22.8742,48.52159,ADM3,0,0,0,0,0,1,1,0,0,0,0,0,0,0,0,0,0,0,0,0,0,0,0,0,0,,,46069
bert_20260228023827,363485,20260217,1,3009880,unian,8670099,PPL,Zvidky,Kharkiv,1191,Zmiïvs'kyi,41407,36.30004,49.7893,STREET,0,0,0,0,0,1,0,0,0,0,0,0,0,0,0,0,0,0,0,0,0,0,0,0,0,,,46069
bert_20260228023827,373705,20260217,1,3009881,unian,9114542,PPL,Novyi,Luhans'k,1405,Krasnoluts'ka,18939,38.59081,48.49995,ADM3,0,0,1,0,0,1,1,0,0,0,0,0,1,0,0,0,0,0,0,0,0,0,0,0,0,,,46069
bert_20260228023827,205896,20260217,1,3009882,unian,704568,PPL,Kozerohy,Chernihiv,498,Chernihivs'kyi,7661,31.0412,51.30626,ADM3,0,0,0,0,0,0,1,0,0,0,0,0,0,0,0,0,0,0,0,0,0,0,0,0,0,,,46069
bert_20260228023827,235347,20260217,1,2997550,liveuamap,706448,PPLA,Kherson,Kherson,1195,Khersons'ka,17890,32.61496,46.64032,ADM3,1,1,0,1,0,0,0,0,0,0,1,0,0,0,0,0,0,0,0,0,0,0,0,1,0,,,46069
bert_20260228023827,114672,20260217,1,2997551,liveuamap,699078,PPLA2,Novoukrayinka,Kirovohrad,1222,Novoukra‹ns'kyi,25938,31.52205,48.32506,ADM3,1,1,1,1,0,0,0,0,1,0,0,0,0,0,0,0,0,0,0,1,0,0,0,0,0,,,46069
bert_20260228023827,376830,20260217,1,2997552,liveuamap,9532052,PPL,Huliaipilske,Zaporizhzhya,2730,Huliaipil's'kyi,14713,36.06122,47.61272,ADM3,1,1,1,1,0,0,0,0,1,0,0,0,0,0,0,0,0,0,0,1,0,0,0,0,0,,,46069
bert_20260228023827,262290,20260217,1,2997553,liveuamap,708104,PPL,Hryhorivka,Odessa,1800,Shyria‹vs'kyi,33944,30.09258,47.46986,ADM3,1,1,1,1,0,0,0,0,1,0,0,0,0,0,0,0,0,0,0,1,0,0,0,0,0,,,46069
bert_20260228023827,46286,20260217,1,2997554,liveuamap,692031,PPL,Svobodnoye,Dnipropetrovs'k,650,Novomoskovs'kyi,25910,35.32482,48.73638,ADM3,1,1,1,1,0,0,0,0,1,0,0,0,0,0,0,0,0,0,0,1,0,0,0,0,0,,,46069
bert_20260228023827,379197,20260217,1,2997555,liveuamap,9983711,PPL,Khlibodarske,Odessa,1800,Bilia‹vs'kyi,4610,30.61331,46.4912,ADM3,1,1,1,1,0,0,0,0,1,0,0,0,0,0,0,0,0,0,0,1,0,0,0,0,0,,,46069
bert_20260228023827,203648,20260217,1,2997556,liveuamap,704422,PPLA2,Pokrovsk,Donets'k,655,Krasnoarmiis'kyi,18918,37.1756,48.28035,ADM3,1,1,1,1,0,0,0,0,0,0,0,0,0,0,0,1,0,0,0,0,0,0,0,0,0,,,46069
bert_20260228023827,95033,20260217,1,2997557,liveuamap,696877,PPLX,Podil,Kiev City,1210,Shevchenkivs'kyi,33738,30.50463,50.4736,STREET,1,1,1,1,0,0,0,0,0,0,0,0,0,0,0,1,0,0,0,0,0,0,0,0,0,,,46069
bert_20260228023827,119015,20260217,1,2997558,liveuamap,699722,PPL,Novooleksandrivka,Luhans'k,1405,Krasnodons'kyi,18925,39.627,48.26706,ADM3,1,1,1,1,0,0,0,0,0,0,0,0,0,0,0,1,0,0,0,0,0,0,0,0,0,,,46069
bert_20260228023827,40255,20260217,1,2997560,liveuamap,690841,PPL,Udachne,Donets'k,655,Krasnoarmiis'kyi,18918,36.98273,48.23942,ADM3,1,1,1,1,0,0,0,0,0,0,0,0,0,0,0,1,0,0,0,0,0,0,0,0,0,,,46069
bert_20260228023827,364869,20260217,1,2997561,liveuamap,9112127,PPL,Kotlyne,Donets'k,655,Krasnoarmiis'kyi,18918,37.04956,48.25514,ADM3,1,1,1,1,0,0,0,0,0,0,0,0,0,0,0,1,0,0,0,0,0,0,0,0,0,,,46069
bert_20260228023827,366025,20260217,1,2997562,liveuamap,9112905,PPL,Molodets'ke,Donets'k,655,Krasnoarmiis'kyi,18918,36.93473,48.24095,ADM3,1,1,1,1,0,0,0,0,0,0,0,0,0,0,0,1,0,0,0,0,0,0,0,0,0,,,46069
bert_20260228023827,365124,20260217,1,2997563,liveuamap,9112183,PPL,Novopavlivka,Donets'k,655,Krasnoarmiis'kyi,18918,37.22614,48.24869,ADM3,1,1,1,1,0,0,0,0,0,0,0,0,0,0,0,1,0,0,0,0,0,0,0,0,0,,,46069
bert_20260228023827,117585,20260217,1,2997564,liveuamap,699458,PPL,Novomykhailivka,Donets'k,655,Mar‹ns'kyi,21886,37.48298,47.85341,ADM3,1,1,1,1,0,0,0,0,0,0,0,0,0,0,0,1,0,0,0,0,0,0,0,0,0,,,46069
bert_20260228023827,260402,20260217,1,2997565,liveuamap,707756,PPL,Dachne,Odessa,1800,Bilia‹vs'kyi,4610,30.54817,46.57722,ADM3,1,1,1,1,0,0,0,0,0,0,0,0,0,0,0,1,0,0,0,0,0,0,0,0,0,,,46069
bert_20260228023827,50101,20260217,1,2997566,liveuamap,692248,PPL,Stepnohirsk,Zaporizhzhya,2730,Vasylivs'kyi,39200,35.36408,47.58871,ADM3,1,0,1,0,0,0,0,0,0,0,0,0,0,0,0,1,0,0,0,0,0,0,0,0,0,,,46069
bert_20260228023827,98642,20260217,1,2997567,liveuamap,697866,PPL,Pavlivka,Donets'k,655,Mar‹ns'kyi,21886,37.21804,47.75441,STREET,1,0,1,0,0,0,0,0,0,0,0,0,0,0,0,1,0,0,0,0,0,0,0,0,0,,,46069
bert_20260228023827,69483,20260217,1,2997568,liveuamap,694301,PPL,Shcherbaky,Kiev,1209,Volodars'kyi,39784,29.95282,49.63661,ADM3,1,0,1,0,0,0,0,0,0,0,0,0,0,0,0,1,0,0,0,0,0,0,0,0,0,,,46069
bert_20260228023827,197382,20260217,1,2997569,liveuamap,704204,PPL,Lyman,Donets'k,655,Krasnolymans'kyi,18941,37.82245,48.96409,ADM3,1,0,1,0,0,0,0,0,0,0,0,0,0,0,0,1,0,0,0,0,0,0,0,0,0,,,46069
bert_20260228023827,250403,20260217,1,2997571,liveuamap,706483,PPLA,Kharkiv,Kharkiv,1191,Kharkivs'ka,17850,36.2312,49.99217,ADM3,1,0,1,0,0,0,0,0,0,0,0,0,0,0,0,1,0,0,0,0,0,0,0,0,0,,,46069
bert_20260228023827,208633,20260217,1,2997572,liveuamap,705104,PPL,Kostiantynivka,Donets'k,655,Kostiantynivs'ka,18738,37.69368,48.53467,ADM3,1,0,1,0,0,0,0,0,0,0,0,0,0,0,0,1,0,0,0,0,0,0,0,0,0,,,46069
bert_20260228023827,257486,20260217,1,2997573,liveuamap,707464,PPL,Ivanopillia,Donets'k,655,Kostiantynivs'kyi,18739,37.76439,48.47357,ADM3,1,0,1,0,0,0,0,0,0,0,0,0,0,0,0,1,0,0,0,0,0,0,0,0,0,,,46069
bert_20260228023827,57745,20260217,1,2997574,liveuamap,693468,PPL,Sloviansk,Donets'k,655,Slovians'ka,34511,37.60582,48.85227,ADM3,1,1,1,1,0,0,0,0,0,0,0,0,0,0,0,1,0,0,0,0,0,0,0,0,0,,,46069
bert_20260228023827,261572,20260217,1,2997576,liveuamap,707898,PPLA2,Hulyaypole,Zaporizhzhya,2730,Huliaipil's'kyi,14713,36.25322,47.66644,ADM3,1,0,1,0,0,0,0,0,0,0,0,0,0,0,0,1,0,0,0,0,0,0,0,0,0,,,46069
bert_20260228023827,387952,20260217,1,2997577,liveuamap,11151973,PPL,Stepove,Dnipropetrovs'k,650,Krynychans'kyi,19030,34.53593,48.44595,ADM3,1,0,1,0,0,0,0,0,0,0,0,0,0,0,0,1,0,0,0,0,0,0,0,0,0,,,46069
bert_20260228023827,19447,20260217,1,2997578,liveuamap,687700,PPLA,Zaporizhzhya,Zaporizhzhya,2730,Zaporiz'ka,41153,35.13885,47.83831,ADM3,1,0,1,0,0,0,0,0,0,0,0,0,0,0,0,1,0,0,0,0,0,0,0,0,0,,,46069
bert_20260228023827,360548,20260217,1,2997579,liveuamap,8419787,PPL,Zakumske,Sumy,2356,Sums'kyi,35426,34.64912,50.95537,ADM2,1,1,1,1,0,0,0,0,0,0,0,0,0,0,1,1,0,0,0,0,0,0,1,0,0,,,46069
bert_20260228023827,112474,20260217,1,2997580,liveuamap,698740,PPLA,Odessa,Odessa,1800,Odes'ka,26260,30.73169,46.48421,ADM3,0,0,0,0,0,1,1,0,0,0,0,0,0,0,0,0,1,0,0,1,0,0,0,0,0,,,46069
bert_20260228023827,188595,20260217,1,2997581,liveuamap,703448,PPLC,Kyiv,Kiev City,1210,Shevchenkivs'kyi,33738,30.52716,50.44856,ADM3,1,0,0,0,0,0,0,0,0,0,0,0,0,0,0,0,1,0,0,1,0,0,0,1,0,,,46069
bert_20260228023827,221274,20260217,1,2997582,liveuamap,705812,PPLA,Kropyvnytskyy,Kirovohrad,1222,Kirovohrads'kyi,18226,32.26637,48.51036,ADM3,1,0,0,0,1,0,0,0,0,0,0,0,0,0,0,0,1,0,0,0,0,0,0,0,0,,,46069
bert_20260228023827,188599,20260217,2,"2997583, 2997584",liveuamap,703448,PPLC,Kyiv,Kiev City,1210,Shevchenkivs'kyi,33738,30.52355,50.45044,ADM3,1,1,1,1,0,0,0,0,0,0,0,0,0,1,0,0,0,0,0,0,0,0,0,0,0,,,46069
bert_20260228023827,154183,20260217,1,3003599,unian,702550,PPLA,Lviv,L'viv,1289,L'vivs'ka,19402,24.0299,49.83932,ADM3,0,0,0,0,0,1,1,0,0,0,0,0,0,0,0,0,0,0,0,0,0,0,0,0,0,,,46069
bert_20260228023827,112476,20260217,1,3003600,unian,698740,PPLA,Odessa,Odessa,1800,Odes'ka,26260,30.73169,46.48421,ADM3,1,1,0,1,0,0,0,0,0,0,0,0,0,1,0,0,0,0,0,1,0,0,0,1,0,,,46069
bert_20260228023827,287230,20260217,1,3003601,unian,709930,PPLA,Dnipro,Dnipropetrovs'k,650,Dnipropetrovs'ka,9966,35.04618,48.46472,ADM3,1,1,0,1,0,0,0,0,0,0,0,0,0,1,0,0,0,0,0,1,0,0,0,1,0,,,46069
bert_20260228023827,143785,20260218,1,3041399,liga,701822,PPL,Mariupol,Donets'k,655,Mariupol's'ka,22073,37.54144,47.0967,ADM3,1,1,1,0,0,1,0,0,0,0,0,0,0,0,0,0,0,0,0,0,0,0,0,0,0,,,46070
bert_20260228023827,258293,20260218,1,3022615,liga,707471,PPLA,Ivano-Frankivsk,Ivano-Frankivs'k,1023,Ivano-Frankivs'ka,15846,24.71116,48.92268,ADM3,0,0,0,0,0,0,1,0,0,0,0,0,0,0,0,0,0,0,0,0,0,0,0,0,0,,,46070
bert_20260228023827,203650,20260218,2,"3009885, 3016139","espreso, unian",704422,PPLA2,Pokrovsk,Donets'k,655,Krasnoarmiis'kyi,18918,37.1756,48.28035,ADM3,1,1,1,0,1,0,0,0,0,0,0,0,0,0,1,0,0,0,0,0,0,0,0,0,0,,,46070
bert_20260228023827,376833,20260218,1,3009886,espreso,9532052,PPL,Huliaipilske,Zaporizhzhya,2730,Huliaipil's'kyi,14713,36.06122,47.61272,ADM3,1,1,1,1,0,0,0,0,0,0,0,0,0,0,0,1,0,0,0,0,0,0,0,0,0,,,46070
bert_20260228023827,197385,20260218,1,3009887,espreso,704204,PPL,Lyman,Donets'k,655,Krasnolymans'kyi,18941,37.82245,48.96409,ADM3,1,1,1,1,1,0,0,0,0,0,0,0,0,0,1,1,0,0,0,0,0,0,1,0,0,,,46070
bert_20260228023827,371307,20260218,1,3009888,espreso,9114074,PPL,Druzhba,Donets'k,655,Kostiantynivs'kyi,18739,37.91028,48.41,ADM3,0,1,0,0,0,0,1,0,0,0,0,0,0,0,0,0,0,0,0,0,0,0,0,0,0,,,46070
bert_20260228023827,38238,20260218,1,3009889,espreso,690773,PPL,Ukrainka,Kiev,1209,Obukhivs'kyi,26204,30.74207,50.15372,ADM3,0,0,0,0,0,1,1,0,0,0,0,0,0,0,0,0,0,0,0,0,0,0,0,0,0,,,46070
bert_20260228023827,203649,20260218,1,3009890,espreso,704422,PPLA2,Pokrovsk,Donets'k,655,Krasnoarmiis'kyi,18918,37.1756,48.28035,ADM3,1,0,1,0,0,0,0,0,0,0,0,0,0,0,0,0,0,0,0,0,0,0,1,0,0,,,46070
bert_20260228023827,376831,20260218,1,3009891,espreso,9532052,PPL,Huliaipilske,Zaporizhzhya,2730,Huliaipil's'kyi,14713,36.06122,47.61272,ADM3,1,0,1,0,0,0,0,0,0,0,0,0,0,0,0,0,0,0,0,0,0,0,1,0,0,,,46070
bert_20260228023827,188602,20260218,1,3010103,liga,703448,PPLC,Kyiv,Kiev City,1210,Shevchenkivs'kyi,33738,30.52355,50.45044,ADM3,0,0,1,0,0,0,0,0,0,0,0,0,0,0,0,0,0,0,0,0,0,0,0,0,0,,,46070
bert_20260228023827,89740,20260218,1,3010104,liga,696032,PPLA2,Pustomyty,L'viv,1289,Pustomytivs'kyi,29580,23.91674,49.71749,ADM1,0,0,1,0,0,0,1,0,0,0,0,0,0,0,1,0,0,0,0,0,0,0,0,0,0,,,46070
bert_20260228023827,188604,20260218,1,3010105,liga,703448,PPLC,Kyiv,Kiev City,1210,Shevchenkivs'kyi,33738,30.52355,50.45044,ADM3,0,1,1,1,0,1,0,0,0,0,0,0,0,0,0,0,0,0,0,0,0,0,0,0,0,,,46070
bert_20260228023827,188603,20260218,1,3010106,liga,703448,PPLC,Kyiv,Kiev City,1210,Shevchenkivs'kyi,33738,30.52355,50.45044,ADM3,0,1,1,0,0,0,1,0,0,0,0,0,0,0,1,0,0,0,1,0,0,0,0,0,0,,,46070
bert_20260228023827,203652,20260218,1,3010107,liga,704422,PPLA2,Pokrovsk,Donets'k,655,Krasnoarmiis'kyi,18918,37.1756,48.28035,ADM3,1,1,1,1,1,0,0,0,0,0,0,0,0,0,1,0,0,0,1,0,0,0,0,0,0,,,46070
bert_20260228023827,371306,20260218,2,"3010108, 3016143","liga, unian",9114074,PPL,Druzhba,Donets'k,655,Kostiantynivs'kyi,18739,37.91028,48.41,ADM3,0,0,1,0,0,0,1,0,0,0,0,0,0,0,0,0,0,0,0,0,0,0,0,0,0,,,46070
bert_20260228023827,188601,20260218,1,3010109,liga,703448,PPLC,Kyiv,Kiev City,1210,Shevchenkivs'kyi,33738,30.52355,50.45044,ADM3,0,0,0,0,0,1,0,0,0,0,0,0,0,0,0,0,0,0,0,0,0,0,0,0,0,,,46070
bert_20260228023827,67843,20260218,1,3016140,unian,693805,PPLA2,Simferopol,Crimea,579,Simferopol's'ka,34229,34.09941,44.95363,ADM3,1,0,1,0,0,0,0,1,0,0,0,0,0,0,0,0,0,0,0,0,0,0,0,0,0,,,46070
bert_20260228023827,287232,20260218,1,3016141,unian,709930,PPLA,Dnipro,Dnipropetrovs'k,650,Dnipropetrovs'ka,9966,35.04618,48.46472,ADM3,0,0,0,0,0,0,1,0,0,0,0,0,0,0,0,0,0,0,0,0,0,0,0,0,0,,,46070
bert_20260228023827,319051,20260218,1,3016142,unian,712609,PPL,Bilka,Odessa,1800,Ivanivs'kyi,15842,30.40579,46.90822,ADM1,0,0,0,0,0,0,1,0,0,0,0,0,0,0,0,0,0,0,0,0,0,0,0,0,0,,,46070
bert_20260228023827,32698,20260218,1,3016144,unian,689304,PPLA2,Vovchansk,Kharkiv,1191,Vovchans'kyi,39837,36.9368,50.29401,ADM3,1,1,1,1,0,0,0,0,0,0,0,0,0,0,1,0,0,0,0,1,0,0,1,0,0,,,46070
bert_20260228023827,287233,20260218,1,3016145,unian,709930,PPLA,Dnipro,Dnipropetrovs'k,650,Dnipropetrovs'ka,9966,35.04618,48.46472,ADM3,1,1,1,0,1,0,0,0,0,0,0,0,0,0,1,1,0,1,0,0,0,0,0,0,0,,,46070
bert_20260228023827,19448,20260218,1,3016146,unian,687700,PPLA,Zaporizhzhya,Zaporizhzhya,2730,Zaporiz'ka,41153,35.13885,47.83831,ADM3,0,0,0,0,0,0,0,0,0,0,0,0,0,0,0,0,0,0,0,1,0,0,0,0,0,,,46070
bert_20260228023827,19452,20260218,1,3016147,unian,687700,PPLA,Zaporizhzhya,Zaporizhzhya,2730,Zaporiz'ka,41153,35.13885,47.83831,ADM3,1,1,1,1,0,0,0,0,0,0,0,0,0,1,1,0,0,0,0,0,0,0,1,0,0,,,46070
bert_20260228023827,67846,20260218,1,3016148,unian,693805,PPLA2,Simferopol,Crimea,579,Simferopol's'ka,34229,34.09941,44.95363,ADM3,1,1,1,1,0,0,0,0,0,0,0,0,0,0,0,0,0,0,0,0,0,0,0,0,0,,,46070
bert_20260228023827,289814,20260218,1,3016149,unian,710403,PPLQ,Chornobyl,Kiev,1209,Ivankivs'kyi,15844,30.211,51.27784,ADM3,0,0,0,0,0,0,1,0,0,0,0,0,0,0,0,0,0,0,0,0,0,0,0,0,0,,,46070
bert_20260228023827,143784,20260218,1,3016150,unian,701822,PPL,Mariupol,Donets'k,655,Mariupol's'ka,22073,37.54144,47.0967,ADM3,1,1,1,0,0,0,0,0,0,0,0,0,0,0,0,0,0,0,0,0,0,0,0,0,0,,,46070
bert_20260228023827,38239,20260218,1,3016151,unian,690773,PPL,Ukrainka,Kiev,1209,Obukhivs'kyi,26204,30.74207,50.15372,ADM3,0,1,1,1,0,0,0,0,0,0,0,0,0,0,0,0,0,0,0,0,0,0,0,0,0,,,46070
bert_20260228023827,19450,20260218,1,3003609,espreso,687700,PPLA,Zaporizhzhya,Zaporizhzhya,2730,Zaporiz'ka,41153,35.13885,47.83831,ADM3,1,1,0,1,0,0,0,0,0,0,1,0,0,0,0,0,0,0,0,1,0,0,0,1,0,,,46070
bert_20260228023827,19449,20260218,1,3003801,liveuamap,687700,PPLA,Zaporizhzhya,Zaporizhzhya,2730,Zaporiz'ka,41153,35.13885,47.83831,ADM3,1,1,0,1,0,0,0,0,0,0,0,0,0,1,0,0,0,0,0,1,0,0,0,1,0,,,46070
bert_20260228023827,67845,20260218,1,3003802,liveuamap,693805,PPLA2,Simferopol,Crimea,579,Simferopol's'ka,34229,34.09941,44.95363,ADM3,1,1,1,0,1,0,0,0,0,0,1,0,0,0,0,0,0,0,1,0,0,0,0,0,0,,,46070
bert_20260228023827,19451,20260218,1,3003803,liveuamap,687700,PPLA,Zaporizhzhya,Zaporizhzhya,2730,Zaporiz'ka,41153,35.13885,47.83831,ADM3,1,1,1,0,1,0,0,0,0,0,1,0,0,0,0,0,0,0,1,0,0,0,0,0,0,,,46070
bert_20260228023827,57747,20260218,1,3003804,liveuamap,693468,PPL,Sloviansk,Donets'k,655,Slovians'ka,34511,37.60582,48.85227,ADM3,1,1,0,0,0,0,0,0,0,0,1,0,0,0,0,0,0,0,0,1,0,0,0,1,0,,,46070
bert_20260228023827,131268,20260218,1,3003805,liveuamap,700569,PPLA,Mykolayiv,Mykolayiv,1628,Mykola‹vs'ka,24267,31.99381,46.97557,ADM3,1,1,0,0,0,0,0,0,0,0,1,0,0,0,0,0,0,0,0,1,0,0,0,1,0,,,46070
bert_20260228023827,67844,20260218,2,"3003806, 3003849",liveuamap,693805,PPLA2,Simferopol,Crimea,579,Simferopol's'ka,34229,34.09941,44.95363,ADM3,1,1,1,0,1,0,0,0,0,0,0,0,0,0,1,0,0,1,1,0,0,0,0,0,0,,,46070
bert_20260228023827,50102,20260218,1,3003807,liveuamap,692248,PPL,Stepnohirsk,Zaporizhzhya,2730,Vasylivs'kyi,39200,35.36408,47.58871,ADM3,1,0,1,0,0,0,0,0,0,0,0,0,0,0,0,1,0,0,0,0,0,0,0,0,0,,,46070
bert_20260228023827,124691,20260218,1,3003808,liveuamap,700519,PPL,Nadiia,Odessa,1800,Rozdil'nias'kyi,30835,30.06301,46.96279,ADM3,1,0,1,0,0,0,0,0,0,0,0,0,0,0,0,1,0,0,0,0,0,0,0,0,0,,,46070
bert_20260228023827,197383,20260218,1,3003809,liveuamap,704204,PPL,Lyman,Donets'k,655,Krasnolymans'kyi,18941,37.82245,48.96409,ADM3,1,0,1,0,0,0,0,0,0,0,0,0,0,0,0,1,0,0,0,0,0,0,0,0,0,,,46070
bert_20260228023827,57746,20260218,1,3003810,liveuamap,693468,PPL,Sloviansk,Donets'k,655,Slovians'ka,34511,37.60582,48.85227,ADM3,1,0,1,0,0,0,0,0,0,0,0,0,0,0,0,1,0,0,0,0,0,0,0,0,0,,,46070
bert_20260228023827,379198,20260218,1,3003811,liveuamap,9983711,PPL,Khlibodarske,Odessa,1800,Bilia‹vs'kyi,4610,30.61331,46.4912,ADM3,1,1,1,1,0,0,0,0,1,0,0,0,0,0,0,0,0,0,0,1,0,0,0,0,0,,,46070
bert_20260228023827,31043,20260218,1,3003812,liveuamap,689267,PPL,Vovche,L'viv,1289,Turkivs'kyi,38218,22.90433,49.20977,ADM3,1,1,1,1,0,0,0,0,1,0,0,0,0,0,0,0,0,0,0,1,0,0,0,0,0,,,46070
bert_20260228023827,287234,20260218,1,3003813,liveuamap,709930,PPLA,Dnipro,Dnipropetrovs'k,650,Dnipropetrovs'ka,9966,35.04618,48.46472,ADM3,1,1,1,1,0,0,0,0,1,0,0,0,0,0,0,0,0,0,0,1,0,0,0,0,0,,,46070
bert_20260228023827,114673,20260218,1,3003814,liveuamap,699078,PPLA2,Novoukrayinka,Kirovohrad,1222,Novoukra‹ns'kyi,25938,31.52205,48.32506,ADM3,1,1,1,1,0,0,0,0,1,0,0,0,0,0,0,0,0,0,0,1,0,0,0,0,0,,,46070
bert_20260228023827,338904,20260218,1,3003815,liveuamap,802277,PPL,Protsenko,Donets'k,655,Amvrosi‹vs'kyi,1671,38.206,47.738,ADM3,1,1,1,1,0,0,0,0,1,0,0,0,0,0,0,0,0,0,0,1,0,0,0,0,0,,,46070
bert_20260228023827,304931,20260218,1,3003816,liveuamap,710925,PPL,Charivne,Zaporizhzhya,2730,Orikhivs'kyi,26748,36.03595,47.58161,ADM3,1,1,1,1,0,0,0,0,1,0,0,0,0,0,0,0,0,0,0,1,0,0,0,0,0,,,46070
bert_20260228023827,304253,20260218,1,3003817,liveuamap,710791,PPLA,Cherkasy,Cherkasy,497,Cherkas'ka,7654,32.06194,49.41517,ADM3,1,1,1,1,0,0,0,0,1,0,0,0,0,0,0,0,0,0,0,1,0,0,0,0,0,,,46070
bert_20260228023827,26184,20260218,1,3003818,liveuamap,688871,PPL,Vozdvyzhivka,Zaporizhzhya,2730,Novomykola‹vs'kyi,25913,36.07979,47.74727,ADM3,1,1,1,1,0,0,0,0,1,0,0,0,0,0,0,0,0,0,0,1,0,0,0,0,0,,,46070
bert_20260228023827,83536,20260218,1,3003819,liveuamap,695306,PPL,Rozivka,Zaporizhzhya,2730,Chernihivs'kyi,7661,36.16835,47.06462,ADM3,1,1,1,1,0,0,0,0,1,0,0,0,0,0,0,0,0,0,0,1,0,0,0,0,0,,,46070
bert_20260228023827,36198,20260218,1,3003820,liveuamap,690372,PPLX,Vasil'yevka,Donets'k,655,Volnovas'kyi,39781,37.30263,47.75031,ADM3,1,1,1,1,0,0,0,0,1,0,0,0,0,0,0,0,0,0,0,1,0,0,0,0,0,,,46070
bert_20260228023827,365368,20260218,1,3003821,liveuamap,9112378,PPL,Novoandriivka,Donets'k,655,Krasnoarmiis'kyi,18918,37.04123,48.10791,ADM3,1,1,1,1,0,0,0,0,1,0,0,0,0,0,0,0,0,0,0,1,0,0,0,0,0,,,46070
bert_20260228023827,19453,20260218,1,3003822,liveuamap,687700,PPLA,Zaporizhzhya,Zaporizhzhya,2730,Zaporiz'ka,41153,35.13885,47.83831,ADM3,1,1,1,1,0,0,0,0,1,0,0,0,0,0,0,0,0,0,0,1,0,0,0,0,0,,,46070
bert_20260228023827,103259,20260218,1,3003823,liveuamap,698572,PPL,Olhivka,Kherson,1195,Beryslavs'kyi,4444,33.20211,46.79289,ADM3,1,1,1,1,0,0,0,0,1,0,0,0,0,0,0,0,0,0,0,1,0,0,0,0,0,,,46070
bert_20260228023827,34748,20260218,1,3003824,liveuamap,689736,PPLA2,Vesele,Zaporizhzhya,2730,Veselivs'kyi,39376,34.92113,47.01792,ADM3,1,1,1,1,0,0,0,0,1,0,0,0,0,0,0,0,0,0,0,1,0,0,0,0,0,,,46070
bert_20260228023827,235349,20260218,1,3003825,liveuamap,706448,PPLA,Kherson,Kherson,1195,Khersons'ka,17890,32.61496,46.64032,ADM3,1,1,1,1,0,0,0,0,1,0,0,0,0,0,0,0,0,0,0,1,0,0,0,0,0,,,46070
bert_20260228023827,203651,20260218,1,3003826,liveuamap,704422,PPLA2,Pokrovsk,Donets'k,655,Krasnoarmiis'kyi,18918,37.1756,48.28035,ADM3,1,1,1,1,0,0,0,0,0,0,0,0,0,0,0,1,0,0,0,0,0,0,0,0,0,,,46070
bert_20260228023827,197384,20260218,1,3003827,liveuamap,704204,PPL,Lyman,Donets'k,655,Krasnolymans'kyi,18941,37.82245,48.96409,ADM3,1,1,1,1,0,0,0,0,0,0,0,0,0,0,0,1,0,0,0,0,0,0,0,0,0,,,46070
bert_20260228023827,373707,20260218,1,3003829,liveuamap,9114542,PPL,Novyi,Luhans'k,1405,Krasnoluts'ka,18939,38.59081,48.49995,ADM3,1,1,1,1,0,0,0,0,0,0,0,0,0,0,0,1,0,0,0,0,0,0,0,0,0,,,46070
bert_20260228023827,95034,20260218,1,3003830,liveuamap,696877,PPLX,Podil,Kiev City,1210,Shevchenkivs'kyi,33738,30.50463,50.4736,STREET,1,1,1,1,0,0,0,0,0,0,0,0,0,0,0,1,0,0,0,0,0,0,0,0,0,,,46070
bert_20260228023827,119016,20260218,1,3003831,liveuamap,699722,PPL,Novooleksandrivka,Luhans'k,1405,Krasnodons'kyi,18925,39.627,48.26706,ADM3,1,1,1,1,0,0,0,0,0,0,0,0,0,0,0,1,0,0,0,0,0,0,0,0,0,,,46070
bert_20260228023827,365125,20260218,1,3003832,liveuamap,9112183,PPL,Novopavlivka,Donets'k,655,Krasnoarmiis'kyi,18918,37.22614,48.24869,ADM3,1,1,1,1,0,0,0,0,0,0,0,0,0,0,0,1,0,0,0,0,0,0,0,0,0,,,46070
bert_20260228023827,192468,20260218,1,3003833,liveuamap,703656,PPLA2,Kupiansk,Kharkiv,1191,Kupians'ka,19188,37.61478,49.7108,ADM3,1,0,1,0,0,0,0,0,0,0,0,0,0,0,0,1,0,0,0,0,0,0,0,0,0,,,46070
bert_20260228023827,250404,20260218,1,3003834,liveuamap,706483,PPLA,Kharkiv,Kharkiv,1191,Kharkivs'ka,17850,36.2312,49.99217,ADM3,1,1,1,0,0,0,0,0,0,0,0,0,0,0,0,1,0,0,0,0,0,0,0,0,0,,,46070
bert_20260228023827,32697,20260218,1,3003835,liveuamap,689304,PPLA2,Vovchansk,Kharkiv,1191,Vovchans'kyi,39837,36.9368,50.29401,ADM3,1,1,1,0,0,0,0,0,0,0,0,0,0,0,0,1,0,0,0,0,0,0,0,0,0,,,46070
bert_20260228023827,208634,20260218,1,3003836,liveuamap,705104,PPL,Kostiantynivka,Donets'k,655,Kostiantynivs'ka,18738,37.69368,48.53467,ADM3,1,0,1,0,0,0,0,0,0,0,0,0,0,0,0,1,0,0,0,0,0,0,0,0,0,,,46070
bert_20260228023827,376832,20260218,1,3003837,liveuamap,9532052,PPL,Huliaipilske,Zaporizhzhya,2730,Huliaipil's'kyi,14713,36.06122,47.61272,ADM3,1,0,1,0,0,0,0,0,0,0,0,0,0,0,0,1,0,0,0,0,0,0,0,0,0,,,46070
bert_20260228023827,261573,20260218,1,3003838,liveuamap,707898,PPLA2,Hulyaypole,Zaporizhzhya,2730,Huliaipil's'kyi,14713,36.25322,47.66644,ADM3,1,0,1,0,0,0,0,0,0,0,0,0,0,0,0,1,0,0,0,0,0,0,0,0,0,,,46070
bert_20260228023827,55644,20260218,1,3003839,liveuamap,693065,PPLX,Sotsmisto,Donets'k,655,Kramators'ka,18898,37.5844,48.73898,ADM3,1,0,1,0,0,0,0,0,0,0,0,0,0,0,0,1,0,0,0,0,0,0,0,0,0,,,46070
bert_20260228023827,89978,20260218,1,3003840,liveuamap,696218,PPL,Pryvillia,Luhans'k,1405,Popasnians'kyi,28982,38.30109,48.99971,ADM3,1,0,1,0,0,0,0,0,0,0,0,0,0,0,0,1,0,0,0,0,0,0,0,0,0,,,46070
bert_20260228023827,154184,20260218,1,3003841,liveuamap,702550,PPLA,Lviv,L'viv,1289,L'vivs'ka,19402,24.0299,49.83932,ADM3,1,1,1,0,1,0,0,1,0,0,1,0,0,0,0,0,0,0,0,0,0,0,0,0,0,,,46070
bert_20260228023827,258294,20260218,1,3003842,liveuamap,707471,PPLA,Ivano-Frankivsk,Ivano-Frankivs'k,1023,Ivano-Frankivs'ka,15846,24.71116,48.92268,ADM3,1,1,1,0,0,0,0,1,0,0,0,0,0,1,0,0,0,0,0,1,0,0,0,1,0,,,46070
bert_20260228023827,72111,20260218,1,3003843,liveuamap,694423,PPLA,Sevastopol,Sevastopol',2215,Lenins'kyi,20221,33.52291,44.60105,ADM3,1,1,0,1,0,0,0,0,0,0,1,0,0,0,0,0,0,0,0,0,0,0,0,0,0,,,46070
bert_20260228023827,112480,20260218,1,3003844,liveuamap,698740,PPLA,Odessa,Odessa,1800,Odes'ka,26260,30.73169,46.48421,ADM3,1,0,1,0,0,0,0,0,0,0,0,0,0,1,0,0,0,0,0,0,0,0,0,0,0,,,46070
bert_20260228023827,360549,20260218,1,3003845,liveuamap,8419787,PPL,Zakumske,Sumy,2356,Sums'kyi,35426,34.64912,50.95537,ADM2,1,1,1,1,0,0,0,1,0,0,0,0,0,1,0,0,0,0,0,1,0,0,0,0,0,,,46070
bert_20260228023827,131269,20260218,1,3003846,liveuamap,700569,PPLA,Mykolayiv,Mykolayiv,1628,Mykola‹vs'ka,24267,31.99381,46.97557,ADM3,1,1,1,1,0,0,0,1,0,0,0,0,0,1,0,0,0,0,0,1,0,0,0,0,0,,,46070
bert_20260228023827,287231,20260218,1,3003847,liveuamap,709930,PPLA,Dnipro,Dnipropetrovs'k,650,Dnipropetrovs'ka,9966,35.04618,48.46472,ADM3,1,0,0,0,0,0,0,0,0,0,0,0,0,0,0,0,1,0,0,1,0,0,0,1,0,,,46070
bert_20260228023827,112479,20260218,1,3003848,liveuamap,698740,PPLA,Odessa,Odessa,1800,Odes'ka,26260,30.73169,46.48421,ADM3,1,0,0,0,0,0,0,0,0,0,1,0,0,0,0,0,0,0,0,1,0,0,0,1,0,,,46070
bert_20260228023827,205897,20260218,1,3009883,unian,704568,PPL,Kozerohy,Chernihiv,498,Chernihivs'kyi,7661,31.0412,51.30626,ADM3,0,0,0,0,0,0,0,0,0,0,0,0,0,0,0,0,0,0,0,0,0,0,0,0,0,,,46070
bert_20260228023827,188600,20260218,1,3009884,unian,703448,PPLC,Kyiv,Kiev City,1210,Shevchenkivs'kyi,33738,30.52355,50.45044,ADM3,0,0,0,0,0,0,0,0,0,0,0,0,0,0,0,0,0,0,0,0,0,0,0,1,0,,,46070
bert_20260228023827,143786,20260219,1,3041401,liga,701822,PPL,Mariupol,Donets'k,655,Mariupol's'ka,22073,37.54144,47.0967,ADM3,1,1,1,0,0,1,0,0,0,0,0,0,0,0,0,0,0,0,0,0,0,0,0,0,0,,,46071
bert_20260228023827,258295,20260219,1,3022617,liga,707471,PPLA,Ivano-Frankivsk,Ivano-Frankivs'k,1023,Ivano-Frankivs'ka,15846,24.71116,48.92268,ADM3,0,0,0,0,0,0,1,0,0,0,0,0,0,0,0,0,0,0,0,0,0,0,0,0,0,,,46071
bert_20260228023827,67847,20260219,1,3016155,espreso,693805,PPLA2,Simferopol,Crimea,579,Simferopol's'ka,34229,34.09941,44.95363,ADM3,0,1,1,0,0,0,0,0,0,0,0,0,0,0,0,0,0,0,0,0,0,0,0,0,0,,,46071
bert_20260228023827,203654,20260219,1,3016156,espreso,704422,PPLA2,Pokrovsk,Donets'k,655,Krasnoarmiis'kyi,18918,37.1756,48.28035,ADM3,1,0,1,0,0,0,0,0,0,0,0,0,0,0,0,1,0,0,0,0,0,0,1,0,0,,,46071
bert_20260228023827,376835,20260219,1,3016157,espreso,9532052,PPL,Huliaipilske,Zaporizhzhya,2730,Huliaipil's'kyi,14713,36.06122,47.61272,ADM3,1,0,1,0,0,0,0,0,0,0,0,0,0,0,0,1,0,0,0,0,0,0,1,0,0,,,46071
bert_20260228023827,221275,20260219,1,3016158,espreso,705812,PPLA,Kropyvnytskyy,Kirovohrad,1222,Kirovohrads'kyi,18226,32.26563,48.51058,ADM3,0,1,1,1,0,1,0,0,0,0,0,0,1,0,0,0,0,0,0,0,0,0,0,0,0,,,46071
bert_20260228023827,188606,20260219,2,"3016159, 3010110","espreso, liga",703448,PPLC,Kyiv,Kiev City,1210,Shevchenkivs'kyi,33738,30.52355,50.45044,ADM3,0,0,0,0,0,1,0,0,0,0,0,0,0,0,0,0,0,0,0,0,0,0,0,0,0,,,46071
bert_20260228023827,154186,20260219,1,3016160,espreso,702550,PPLA,Lviv,L'viv,1289,L'vivs'ka,19402,24.0299,49.83932,ADM3,1,0,1,0,0,0,0,0,0,0,0,0,0,1,0,0,0,0,0,0,0,0,0,0,0,,,46071
bert_20260228023827,203655,20260219,1,3016161,espreso,704422,PPLA2,Pokrovsk,Donets'k,655,Krasnoarmiis'kyi,18918,37.1756,48.28035,ADM3,1,1,1,0,0,0,0,0,0,0,0,0,0,0,0,1,0,0,0,0,0,0,1,0,0,,,46071
bert_20260228023827,192470,20260219,1,3016368,liga,703656,PPLA2,Kupiansk,Kharkiv,1191,Kupians'ka,19188,37.61478,49.7108,ADM3,1,1,1,0,1,0,0,0,0,0,0,0,0,0,0,0,0,0,0,0,0,0,1,0,0,,,46071
bert_20260228023827,188607,20260219,1,3022388,meduza,703448,PPLC,Kyiv,Kiev City,1210,Shevchenkivs'kyi,33738,30.52355,50.45044,ADM3,0,1,1,0,0,0,0,0,0,0,0,0,0,0,0,0,0,0,0,0,0,0,0,0,0,,,46071
bert_20260228023827,82456,20260219,1,3022389,meduza,695094,PPLX,Ruttschenkowo,Donets'k,655,Donets'ka,10139,37.67529,47.95508,ADM1,1,1,1,0,0,0,0,0,0,0,0,0,0,1,1,0,0,0,1,1,0,0,0,0,0,,,46071
bert_20260228023827,158388,20260219,1,3022390,unian,702760,PPLA2,Lozova,Kharkiv,1191,Lozivs'ka,20811,36.31137,48.89005,ADM3,1,1,1,1,0,0,0,0,1,0,0,0,0,0,0,0,0,1,0,1,0,0,0,1,0,,,46071
bert_20260228023827,250405,20260219,1,3022391,unian,706483,PPLA,Kharkiv,Kharkiv,1191,Kharkivs'ka,17850,36.2312,49.99217,ADM3,0,0,0,0,0,0,1,0,0,0,0,0,0,0,0,0,0,0,0,0,0,0,0,0,0,,,46071
bert_20260228023827,287235,20260219,1,3022392,unian,709930,PPLA,Dnipro,Dnipropetrovs'k,650,Dnipropetrovs'ka,9966,35.04618,48.46472,ADM3,0,0,0,0,0,0,1,0,0,0,0,0,0,0,0,0,0,0,0,0,0,0,0,0,0,,,46071
bert_20260228023827,154185,20260219,1,3022393,unian,702550,PPLA,Lviv,L'viv,1289,L'vivs'ka,19402,24.0299,49.83932,ADM3,0,0,0,0,0,0,0,0,0,0,0,0,0,0,0,0,0,0,0,0,0,0,0,0,0,,,46071
bert_20260228023827,89741,20260219,1,3022394,unian,696032,PPLA2,Pustomyty,L'viv,1289,Pustomytivs'kyi,29580,23.91674,49.71749,ADM1,1,0,1,0,0,0,0,0,0,0,0,0,0,0,0,0,0,0,0,0,0,0,0,0,0,,,46071
bert_20260228023827,67849,20260219,1,3022395,unian,693805,PPLA2,Simferopol,Crimea,579,Simferopol's'ka,34229,34.09941,44.95363,ADM3,1,1,1,1,1,0,0,0,0,0,1,0,0,0,0,0,0,1,0,1,0,0,0,0,0,,,46071
bert_20260228023827,112481,20260219,1,3022396,unian,698740,PPLA,Odessa,Odessa,1800,Odes'ka,26260,30.73169,46.48421,ADM3,0,0,0,0,0,1,1,0,0,0,0,0,0,0,0,0,0,0,0,0,0,0,0,1,0,,,46071
bert_20260228023827,397108,20260219,1,3022397,unian,,,,,,,,36.58734,50.59556,ADM3,1,1,1,0,1,0,0,0,0,0,0,0,0,0,0,0,0,0,0,1,0,0,0,0,0,,,46071
bert_20260228023827,373708,20260219,1,3022398,unian,9114542,PPL,Novyi,Luhans'k,1405,Krasnoluts'ka,18939,38.59081,48.49995,ADM3,0,0,0,0,0,0,1,0,0,0,0,0,0,0,0,0,0,0,0,0,0,0,0,0,0,,,46071
bert_20260228023827,294901,20260219,1,3022399,unian,710735,PPLA,Chernihiv,Chernihiv,498,Chernihivs'ka,7660,31.29865,51.49101,ADM3,0,0,0,0,0,0,1,0,0,0,0,0,0,0,0,0,0,0,0,0,0,0,0,0,0,,,46071
bert_20260228023827,188605,20260219,2,"3022400, 3016154",unian,703448,PPLC,Kyiv,Kiev City,1210,Shevchenkivs'kyi,33738,30.52355,50.45044,ADM3,0,0,0,0,0,0,0,0,0,0,0,0,0,0,0,0,0,0,0,0,0,0,0,0,0,,,46071
bert_20260228023827,67848,20260219,1,3022401,unian,693805,PPLA2,Simferopol,Crimea,579,Simferopol's'ka,34229,34.09941,44.95363,ADM3,1,1,1,1,0,0,0,0,0,0,1,0,0,0,0,0,0,0,0,0,0,0,0,0,0,,,46071
bert_20260228023827,192471,20260219,1,3022402,unian,703656,PPLA2,Kupiansk,Kharkiv,1191,Kupians'ka,19188,37.61478,49.7108,ADM3,1,1,1,1,0,0,0,0,0,0,0,0,0,0,1,0,0,0,1,0,0,0,0,0,0,,,46071
bert_20260228023827,371309,20260219,1,3022403,unian,9114074,PPL,Druzhba,Donets'k,655,Kostiantynivs'kyi,18739,37.91028,48.41,ADM3,0,1,0,0,0,0,1,0,0,0,0,0,0,0,0,0,0,0,0,0,0,0,0,0,0,,,46071
bert_20260228023827,49232,20260219,1,3022404,unian,692194,PPLA,Sumy,Sumy,2356,Sums'ka,35425,34.80276,50.91198,ADM3,0,0,0,0,0,0,1,0,0,0,0,0,0,0,0,0,0,0,0,0,0,0,0,0,0,,,46071
bert_20260228023827,82457,20260219,1,3009892,espreso,695094,PPLX,Ruttschenkowo,Donets'k,655,Donets'ka,10139,37.67529,47.95508,ADM1,1,1,1,0,0,0,1,0,0,0,0,0,0,0,1,0,0,0,1,0,0,0,0,0,0,,,46071
bert_20260228023827,112482,20260219,1,3009893,espreso,698740,PPLA,Odessa,Odessa,1800,Odes'ka,26260,30.73169,46.48421,ADM3,0,1,1,0,0,0,1,0,0,0,0,0,0,0,0,0,0,0,0,0,0,0,0,0,0,,,46071
bert_20260228023827,120596,20260219,1,3010111,liveuamap,699942,PPLA2,Nizhyn,Chernihiv,498,Nizhyns'ka,25444,31.88003,51.04641,ADM3,1,1,1,1,0,0,0,0,0,0,0,0,0,1,0,0,0,0,0,1,0,0,0,1,0,,,46071
bert_20260228023827,294902,20260219,1,3010112,liveuamap,710735,PPLA,Chernihiv,Chernihiv,498,Chernihivs'ka,7660,31.29865,51.49101,ADM3,1,1,1,1,0,0,0,0,0,0,0,0,0,1,0,0,0,0,0,1,0,0,0,1,0,,,46071
bert_20260228023827,371308,20260219,1,3010113,liveuamap,9114074,PPL,Druzhba,Donets'k,655,Kostiantynivs'kyi,18739,37.91028,48.41,ADM3,0,0,0,0,0,0,1,0,0,0,0,0,0,0,0,0,0,0,0,0,0,0,0,0,0,,,46071
bert_20260228023827,235350,20260219,1,3010114,liveuamap,706448,PPLA,Kherson,Kherson,1195,Khersons'ka,17890,32.61496,46.64032,ADM3,1,1,1,1,0,0,0,0,0,0,0,0,0,0,0,1,0,0,0,0,0,0,1,0,0,,,46071
bert_20260228023827,304444,20260219,1,3010115,liveuamap,710865,PPL,Chemeryntsi,L'viv,1289,Peremyshlians'kyi,28137,24.77284,49.65551,ADM3,1,1,1,1,0,0,0,0,1,0,0,0,0,0,0,0,0,0,0,1,0,0,0,0,0,,,46071
bert_20260228023827,51251,20260219,1,3010116,liveuamap,692770,PPL,Volfyne,Sumy,2356,Bilopils'kyi,4621,34.46322,51.24206,STREET,1,1,1,1,0,0,0,0,1,0,0,0,0,0,0,0,0,0,0,1,0,0,0,0,0,,,46071
bert_20260228023827,345599,20260219,1,3010117,liveuamap,805500,PPL,Voronyne,Sumy,2356,Bilopils'kyi,4621,34.12376,51.10624,ADM1,1,1,1,1,0,0,0,0,1,0,0,0,0,0,0,0,0,0,0,1,0,0,0,0,0,,,46071
bert_20260228023827,264654,20260219,1,3010118,liveuamap,708937,PPL,Havrylivka,Dnipropetrovs'k,650,Pokrovs'kyi,28862,36.51993,48.07377,ADM3,1,1,1,1,0,0,0,0,1,0,0,0,0,0,0,0,0,0,0,1,0,0,0,0,0,,,46071
bert_20260228023827,287236,20260219,1,3010119,liveuamap,709930,PPLA,Dnipro,Dnipropetrovs'k,650,Dnipropetrovs'ka,9966,35.04618,48.46472,ADM3,1,1,1,1,0,0,0,0,1,0,0,0,0,0,0,0,0,0,0,1,0,0,0,0,0,,,46071
bert_20260228023827,26185,20260219,1,3010120,liveuamap,688871,PPL,Vozdvyzhivka,Zaporizhzhya,2730,Novomykola‹vs'kyi,25913,36.07979,47.74727,ADM3,1,1,1,1,0,0,0,0,1,0,0,0,0,0,0,0,0,0,0,1,0,0,0,0,0,,,46071
bert_20260228023827,304254,20260219,1,3010121,liveuamap,710791,PPLA,Cherkasy,Cherkasy,497,Cherkas'ka,7654,32.06194,49.41517,ADM3,1,1,1,1,0,0,0,0,1,0,0,0,0,0,0,0,0,0,0,1,0,0,0,0,0,,,46071
bert_20260228023827,304932,20260219,1,3010122,liveuamap,710925,PPL,Charivne,Zaporizhzhya,2730,Orikhivs'kyi,26748,36.03595,47.58161,ADM3,1,1,1,1,0,0,0,0,1,0,0,0,0,0,0,0,0,0,0,1,0,0,0,0,0,,,46071
bert_20260228023827,148862,20260219,1,3010123,liveuamap,702459,PPL,Lyubymivka,Kherson,1195,Beryslavs'kyi,4444,33.5646,46.81155,ADM3,1,1,1,1,0,0,0,0,1,0,0,0,0,0,0,0,0,0,0,1,0,0,0,0,0,,,46071
bert_20260228023827,115292,20260219,1,3010124,liveuamap,699185,PPLA3,Novoselivka,Donets'k,655,Krasnolymans'kyi,18941,37.69735,49.07541,ADM3,1,1,1,1,0,0,0,0,1,0,0,0,0,0,0,0,0,0,0,1,0,0,0,0,0,,,46071
bert_20260228023827,338905,20260219,1,3010125,liveuamap,802277,PPL,Protsenko,Donets'k,655,Amvrosi‹vs'kyi,1671,38.206,47.738,ADM3,1,1,1,1,0,0,0,0,1,0,0,0,0,0,0,0,0,0,0,1,0,0,0,0,0,,,46071
bert_20260228023827,19454,20260219,1,3010126,liveuamap,687700,PPLA,Zaporizhzhya,Zaporizhzhya,2730,Zaporiz'ka,41153,35.13885,47.83831,ADM3,1,1,1,1,0,0,0,0,1,0,0,0,0,0,0,0,0,0,0,1,0,0,0,0,0,,,46071
bert_20260228023827,197386,20260219,1,3010127,liveuamap,704204,PPL,Lyman,Donets'k,655,Krasnolymans'kyi,18941,37.82245,48.96409,ADM3,1,0,1,0,0,0,0,0,0,0,0,0,0,0,0,1,0,0,0,0,0,0,0,0,0,,,46071
bert_20260228023827,268611,20260219,1,3010128,liveuamap,709578,PPL,Druzheliubivka,Kharkiv,1191,Borivs'kyi,5218,37.855,49.26306,ADM3,1,0,1,0,0,0,0,0,0,0,0,0,0,0,0,1,0,0,0,0,0,0,0,0,0,,,46071
bert_20260228023827,51035,20260219,1,3010129,liveuamap,692661,PPL,Stavky,Rivne,2066,Rivnens'kyi,30583,26.14025,50.65555,ADM3,1,0,1,0,0,0,0,0,0,0,0,0,0,0,0,1,0,0,0,0,0,0,0,0,0,,,46071
bert_20260228023827,192469,20260219,1,3010130,liveuamap,703656,PPLA2,Kupiansk,Kharkiv,1191,Kupians'ka,19188,37.61478,49.7108,ADM3,1,0,1,0,0,0,0,0,0,0,0,0,0,0,0,1,0,0,0,0,0,0,0,0,0,,,46071
bert_20260228023827,55645,20260219,1,3010131,liveuamap,693065,PPLX,Sotsmisto,Donets'k,655,Kramators'ka,18898,37.5844,48.73898,ADM3,1,0,1,0,0,0,0,0,0,0,0,0,0,0,0,1,0,0,0,0,0,0,0,0,0,,,46071
bert_20260228023827,370608,20260219,1,3010132,liveuamap,9113948,PPL,Stupochky,Donets'k,655,Kostiantynivs'kyi,18739,37.82831,48.53838,STREET,1,0,1,0,0,0,0,0,0,0,0,0,0,0,0,1,0,0,0,0,0,0,0,0,0,,,46071
bert_20260228023827,208635,20260219,1,3010133,liveuamap,705104,PPL,Kostiantynivka,Donets'k,655,Kostiantynivs'ka,18738,37.69368,48.53467,ADM3,1,1,1,0,0,0,0,0,0,0,0,0,0,0,0,1,0,0,0,0,0,0,0,0,0,,,46071
bert_20260228023827,257487,20260219,1,3010134,liveuamap,707464,PPL,Ivanopillia,Donets'k,655,Kostiantynivs'kyi,18739,37.76439,48.47357,ADM3,1,1,1,0,0,0,0,0,0,0,0,0,0,0,0,1,0,0,0,0,0,0,0,0,0,,,46071
bert_20260228023827,57748,20260219,1,3010135,liveuamap,693468,PPL,Sloviansk,Donets'k,655,Slovians'ka,34511,37.60582,48.85227,ADM3,1,1,1,1,0,0,0,0,0,0,0,0,0,0,0,1,0,0,0,0,0,0,0,0,0,,,46071
bert_20260228023827,203653,20260219,1,3010136,liveuamap,704422,PPLA2,Pokrovsk,Donets'k,655,Krasnoarmiis'kyi,18918,37.1756,48.28035,ADM3,1,0,1,0,0,0,0,0,0,0,0,0,0,0,0,1,0,0,0,0,0,0,0,0,0,,,46071
bert_20260228023827,376834,20260219,1,3010137,liveuamap,9532052,PPL,Huliaipilske,Zaporizhzhya,2730,Huliaipil's'kyi,14713,36.06122,47.61272,ADM3,1,0,1,0,0,0,0,0,0,0,0,0,0,0,0,1,0,0,0,0,0,0,0,0,0,,,46071
bert_20260228023827,261574,20260219,1,3010138,liveuamap,707898,PPLA2,Hulyaypole,Zaporizhzhya,2730,Huliaipil's'kyi,14713,36.25322,47.66644,ADM3,1,0,1,0,0,0,0,0,0,0,0,0,0,0,0,1,0,0,0,0,0,0,0,0,0,,,46071
bert_20260228023827,188609,20260219,1,3010139,liveuamap,703448,PPLC,Kyiv,Kiev City,1210,Shevchenkivs'kyi,33738,30.52355,50.45044,ADM3,1,1,1,1,0,0,0,0,0,0,1,0,0,0,0,0,0,0,0,0,0,0,0,0,0,,,46071
bert_20260228023827,114416,20260219,1,3010140,liveuamap,699035,PPL,Novovolynsk,Volyn,2623,Ivanychivs'kyi,15852,24.17319,50.72382,STREET,1,1,1,1,0,0,0,0,0,0,1,0,0,0,0,0,0,0,0,0,0,0,0,0,0,,,46071
bert_20260228023827,143787,20260219,1,3010141,liveuamap,701822,PPL,Mariupol,Donets'k,655,Mariupol's'ka,22073,37.54144,47.0967,ADM3,1,1,1,0,1,0,0,0,0,0,1,0,0,0,0,0,0,1,1,0,0,0,0,0,0,,,46071
bert_20260228023827,188608,20260219,1,3016152,unian,703448,PPLC,Kyiv,Kiev City,1210,Shevchenkivs'kyi,33738,30.52355,50.45044,ADM3,1,1,1,0,0,0,0,0,0,0,0,0,0,0,0,0,0,0,0,0,0,0,0,0,0,,,46071
bert_20260228023827,158387,20260219,1,3016153,unian,702760,PPLA2,Lozova,Kharkiv,1191,Lozivs'ka,20811,36.31137,48.89005,ADM3,1,1,0,1,0,0,0,0,0,0,0,0,0,0,0,0,0,0,0,1,0,0,0,0,0,,,46071
bert_20260228023827,143789,20260220,1,3041404,liga,701822,PPL,Mariupol,Donets'k,655,Mariupol's'ka,22073,37.54144,47.0967,ADM3,1,1,1,0,0,1,0,0,0,0,0,0,0,0,0,0,0,0,0,0,0,0,0,0,0,,,46072
bert_20260228023827,250406,20260220,1,3022408,espreso,706483,PPLA,Kharkiv,Kharkiv,1191,Kharkivs'ka,17850,36.2312,49.99217,ADM3,1,1,0,1,0,0,0,0,0,0,0,0,0,1,0,0,0,0,0,1,0,0,0,1,0,,,46072
bert_20260228023827,203656,20260220,3,"3022409, 3022420, 3016373","espreso, liveuamap",704422,PPLA2,Pokrovsk,Donets'k,655,Krasnoarmiis'kyi,18918,37.1756,48.28035,ADM3,1,0,1,0,0,0,0,0,0,0,0,0,0,0,0,1,0,0,0,0,0,0,0,0,0,,,46072
bert_20260228023827,19458,20260220,1,3022410,espreso,687700,PPLA,Zaporizhzhya,Zaporizhzhya,2730,Zaporiz'ka,41153,35.13885,47.83831,ADM3,1,1,1,1,0,0,0,0,0,0,0,1,0,0,0,0,0,0,0,0,0,0,1,0,0,,,46072
bert_20260228023827,82458,20260220,1,3022411,espreso,695094,PPLX,Ruttschenkowo,Donets'k,655,Donets'ka,10139,37.67529,47.95508,ADM1,1,1,0,1,0,0,0,0,0,0,0,0,0,0,1,0,0,0,0,0,0,0,0,0,0,,,46072
bert_20260228023827,371312,20260220,1,3022412,espreso,9114074,PPL,Druzhba,Donets'k,655,Kostiantynivs'kyi,18739,37.91028,48.41,ADM3,0,1,1,0,0,0,1,0,0,0,0,0,0,0,0,0,0,0,0,0,0,0,0,0,0,,,46072
bert_20260228023827,188611,20260220,1,3022413,espreso,703448,PPLC,Kyiv,Kiev City,1210,Shevchenkivs'kyi,33738,30.52355,50.45044,ADM3,0,0,0,0,0,1,1,0,0,0,0,0,0,0,0,0,0,0,0,0,0,0,0,0,0,,,46072
bert_20260228023827,336073,20260220,1,3022414,espreso,713174,PPLA2,Bakhmut,Donets'k,655,Artemivs'ka,2371,38.00199,48.58947,ADM3,1,1,1,1,0,0,0,0,0,0,0,0,0,0,0,0,0,0,0,0,0,0,1,1,0,,,46072
bert_20260228023827,154187,20260220,1,3022415,espreso,702550,PPLA,Lviv,L'viv,1289,L'vivs'ka,19402,24.0299,49.83932,ADM3,1,1,1,1,0,0,0,0,0,0,0,0,0,0,0,0,0,0,0,0,0,0,1,1,0,,,46072
bert_20260228023827,188615,20260220,1,3022416,espreso,703448,PPLC,Kyiv,Kiev City,1210,Shevchenkivs'kyi,33738,30.52355,50.45044,ADM3,1,1,1,1,0,0,0,0,0,0,0,0,0,0,1,0,0,0,1,0,0,0,0,0,0,,,46072
bert_20260228023827,371310,20260220,2,"3022417, 3022419",espreso,9114074,PPL,Druzhba,Donets'k,655,Kostiantynivs'kyi,18739,37.91028,48.41,ADM3,0,0,1,0,0,0,1,0,0,0,0,0,0,0,0,0,0,0,0,0,0,0,0,0,0,,,46072
bert_20260228023827,371311,20260220,1,3022418,espreso,9114074,PPL,Druzhba,Donets'k,655,Kostiantynivs'kyi,18739,37.91028,48.41,ADM3,0,1,1,0,0,0,0,0,0,0,0,0,0,0,0,0,0,0,0,0,0,0,0,0,0,,,46072
bert_20260228023827,376836,20260220,1,3022421,espreso,9532052,PPL,Huliaipilske,Zaporizhzhya,2730,Huliaipil's'kyi,14713,36.06122,47.61272,ADM3,1,0,1,0,0,0,0,0,0,0,0,0,0,0,0,1,0,0,0,0,0,0,0,0,0,,,46072
bert_20260228023827,188612,20260220,1,3022618,liga,703448,PPLC,Kyiv,Kiev City,1210,Shevchenkivs'kyi,33738,30.52355,50.45044,ADM3,1,0,1,0,0,0,0,0,0,0,0,0,0,0,0,0,0,0,0,0,0,0,1,0,0,,,46072
bert_20260228023827,192473,20260220,1,3022619,liga,703656,PPLA2,Kupiansk,Kharkiv,1191,Kupians'ka,19188,37.61478,49.7108,ADM3,1,1,0,1,0,0,0,0,0,0,0,0,0,0,0,0,0,0,0,1,0,0,0,1,0,,,46072
bert_20260228023827,258296,20260220,1,3022620,liga,707471,PPLA,Ivano-Frankivsk,Ivano-Frankivs'k,1023,Ivano-Frankivs'ka,15846,24.71116,48.92268,ADM3,0,0,0,0,0,0,1,0,0,0,0,0,0,0,0,0,0,0,0,0,0,0,0,0,0,,,46072
bert_20260228023827,188610,20260220,1,3028666,unian,703448,PPLC,Kyiv,Kiev City,1210,Shevchenkivs'kyi,33738,30.52355,50.45044,ADM3,0,0,0,0,0,0,0,0,0,0,0,0,0,0,0,0,0,0,0,0,0,0,0,0,0,,,46072
bert_20260228023827,831,20260220,1,3028667,unian,686868,PPL,Zolote,Luhans'k,1405,Popasnians'kyi,28982,38.51947,48.69275,ADM3,0,0,0,0,0,0,1,0,0,0,0,0,0,0,0,0,0,0,0,0,0,0,0,0,0,,,46072
bert_20260228023827,287237,20260220,1,3028668,unian,709930,PPLA,Dnipro,Dnipropetrovs'k,650,Dnipropetrovs'ka,9966,35.04618,48.46472,ADM3,0,0,0,0,0,0,0,0,0,0,0,0,0,0,0,0,0,0,0,0,0,0,0,0,0,,,46072
bert_20260228023827,32699,20260220,1,3028669,unian,689304,PPLA2,Vovchansk,Kharkiv,1191,Vovchans'kyi,39837,36.9368,50.29401,ADM3,1,1,1,1,0,0,0,0,0,0,0,0,0,0,0,0,0,0,0,0,0,0,0,0,0,,,46072
bert_20260228023827,291990,20260220,1,3028670,unian,710719,PPLA,Chernivtsi,Chernivtsi,499,Chernivets'ka,7662,25.93518,48.29207,ADM3,0,0,0,0,0,1,1,0,0,0,0,0,1,0,0,0,1,0,0,0,0,0,0,1,0,,,46072
bert_20260228023827,289815,20260220,1,3028671,unian,710403,PPLQ,Chornobyl,Kiev,1209,Ivankivs'kyi,15844,30.211,51.27784,ADM3,0,0,0,0,0,1,1,0,0,0,0,0,0,0,0,0,0,0,0,0,0,0,0,0,0,,,46072
bert_20260228023827,319052,20260220,1,3028672,unian,712609,PPL,Bilka,Odessa,1800,Ivanivs'kyi,15842,30.40579,46.90822,ADM1,0,0,0,0,0,0,1,0,0,0,0,0,0,0,0,0,0,0,0,0,0,0,0,0,0,,,46072
bert_20260228023827,143788,20260220,1,3028673,unian,701822,PPL,Mariupol,Donets'k,655,Mariupol's'ka,22073,37.54144,47.0967,ADM3,1,0,1,0,0,0,0,0,0,0,0,0,0,0,0,0,0,0,0,0,0,0,0,0,0,,,46072
bert_20260228023827,197388,20260220,1,3028674,unian,704204,PPL,Lyman,Donets'k,655,Krasnolymans'kyi,18941,37.82245,48.96409,ADM3,0,1,1,1,0,0,0,0,0,0,0,0,0,0,1,0,0,0,0,0,0,0,0,0,0,,,46072
bert_20260228023827,38240,20260220,1,3028675,unian,690773,PPL,Ukrainka,Kiev,1209,Obukhivs'kyi,26204,30.74207,50.15372,ADM3,0,0,0,0,0,1,0,0,0,0,0,0,0,0,0,0,0,0,0,0,0,0,0,0,0,,,46072
bert_20260228023827,188614,20260220,1,3028676,unian,703448,PPLC,Kyiv,Kiev City,1210,Shevchenkivs'kyi,33738,30.52406,50.45024,ADM3,0,1,1,0,0,0,0,0,0,0,0,0,0,0,0,0,0,0,0,0,0,0,0,0,0,,,46072
bert_20260228023827,38241,20260220,1,3028677,unian,690773,PPL,Ukrainka,Kiev,1209,Obukhivs'kyi,26204,30.74207,50.15372,ADM3,0,1,1,0,0,0,0,0,0,0,0,0,0,0,0,0,0,0,0,0,0,0,0,0,0,,,46072
bert_20260228023827,188613,20260220,1,3028678,unian,703448,PPLC,Kyiv,Kiev City,1210,Shevchenkivs'kyi,33738,30.52355,50.45044,ADM3,1,0,1,0,0,1,0,0,0,0,0,0,0,0,0,0,0,0,0,0,0,0,0,1,0,,,46072
bert_20260228023827,72112,20260220,1,3016369,liveuamap,694423,PPLA,Sevastopol,Sevastopol',2215,Lenins'kyi,20221,33.52291,44.60105,ADM3,1,1,1,0,1,0,0,0,0,0,0,0,0,0,0,0,1,1,0,1,0,0,0,0,0,,,46072
bert_20260228023827,67850,20260220,1,3016370,liveuamap,693805,PPLA2,Simferopol,Crimea,579,Simferopol's'ka,34229,34.09941,44.95363,ADM3,1,1,1,0,1,0,0,0,0,0,0,0,0,0,0,0,1,1,0,1,0,0,0,0,0,,,46072
bert_20260228023827,235351,20260220,1,3016371,liveuamap,706448,PPLA,Kherson,Kherson,1195,Khersons'ka,17890,32.61496,46.64032,ADM3,1,1,0,0,1,0,0,0,0,0,0,0,0,0,0,0,0,0,1,0,0,0,0,0,0,,,46072
bert_20260228023827,57749,20260220,1,3016372,liveuamap,693468,PPL,Sloviansk,Donets'k,655,Slovians'ka,34511,37.60582,48.85227,ADM3,1,0,1,0,0,0,0,0,0,0,0,0,0,0,0,1,0,0,0,0,0,0,0,0,0,,,46072
bert_20260228023827,387953,20260220,1,3016375,liveuamap,11151973,PPL,Stepove,Dnipropetrovs'k,650,Krynychans'kyi,19030,34.53593,48.44595,ADM3,1,0,1,0,0,0,0,0,0,0,0,0,0,0,0,1,0,0,0,0,0,0,0,0,0,,,46072
bert_20260228023827,381250,20260220,1,3016376,liveuamap,10323759,PPLX,Cheremushky,Donets'k,655,Mariupol's'ka,22073,37.50564,47.07557,ADM3,1,0,1,0,0,0,0,0,0,0,0,0,0,0,0,1,0,0,0,0,0,0,0,0,0,,,46072
bert_20260228023827,203657,20260220,1,3016377,liveuamap,704422,PPLA2,Pokrovsk,Donets'k,655,Krasnoarmiis'kyi,18918,37.1756,48.28035,ADM3,1,1,1,1,0,0,0,0,1,0,0,0,0,0,0,0,0,0,0,1,0,0,0,0,0,,,46072
bert_20260228023827,72155,20260220,1,3016378,liveuamap,694467,PPL,Serhiyivka,Odessa,1800,Bilhorod-Dnistrovs'kyi,4609,30.37273,46.02756,ADM3,1,1,1,1,0,0,0,0,1,0,0,0,0,0,0,0,0,0,0,1,0,0,0,0,0,,,46072
bert_20260228023827,376837,20260220,1,3016379,liveuamap,9532052,PPL,Huliaipilske,Zaporizhzhya,2730,Huliaipil's'kyi,14713,36.06122,47.61272,ADM3,1,1,1,1,0,0,0,0,1,0,0,0,0,0,0,0,0,0,0,1,0,0,0,0,0,,,46072
bert_20260228023827,26186,20260220,1,3016380,liveuamap,688871,PPL,Vozdvyzhivka,Zaporizhzhya,2730,Novomykola‹vs'kyi,25913,36.07979,47.74727,ADM3,1,1,1,1,0,0,0,0,1,0,0,0,0,0,0,0,0,0,0,1,0,0,0,0,0,,,46072
bert_20260228023827,338906,20260220,1,3016381,liveuamap,802277,PPL,Protsenko,Donets'k,655,Amvrosi‹vs'kyi,1671,38.206,47.738,ADM3,1,1,1,1,0,0,0,0,1,0,0,0,0,0,0,0,0,0,0,1,0,0,0,0,0,,,46072
bert_20260228023827,103027,20260220,1,3016382,liveuamap,698428,PPLA2,Orikhiv,Zaporizhzhya,2730,Orikhivs'kyi,26748,35.77773,47.56947,ADM3,1,1,1,1,0,0,0,0,1,0,0,0,0,0,0,0,0,0,0,1,0,0,0,0,0,,,46072
bert_20260228023827,208636,20260220,1,3016383,liveuamap,705104,PPL,Kostiantynivka,Donets'k,655,Kostiantynivs'ka,18738,37.69368,48.53467,ADM3,1,0,1,0,0,0,0,0,0,0,0,0,0,0,0,1,0,0,0,0,0,0,0,0,0,,,46072
bert_20260228023827,261575,20260220,1,3016384,liveuamap,707898,PPLA2,Hulyaypole,Zaporizhzhya,2730,Huliaipil's'kyi,14713,36.25322,47.66644,ADM3,1,0,1,0,0,0,0,0,0,0,0,0,0,0,0,1,0,0,0,0,0,0,0,0,0,,,46072
bert_20260228023827,192472,20260220,1,3016386,liveuamap,703656,PPLA2,Kupiansk,Kharkiv,1191,Kupians'ka,19188,37.61478,49.7108,ADM3,1,0,1,0,0,0,0,0,0,0,0,0,0,0,0,1,0,0,0,0,0,0,0,0,0,,,46072
bert_20260228023827,197387,20260220,1,3016387,liveuamap,704204,PPL,Lyman,Donets'k,655,Krasnolymans'kyi,18941,37.82245,48.96409,ADM3,1,0,1,0,0,0,0,0,0,0,0,0,0,0,0,1,0,0,0,0,0,0,0,0,0,,,46072
bert_20260228023827,55646,20260220,1,3016388,liveuamap,693065,PPLX,Sotsmisto,Donets'k,655,Kramators'ka,18898,37.5844,48.73898,ADM3,1,0,1,0,0,0,0,0,0,0,0,0,0,0,0,1,0,0,0,0,0,0,0,0,0,,,46072
bert_20260228023827,19455,20260220,1,3016389,liveuamap,687700,PPLA,Zaporizhzhya,Zaporizhzhya,2730,Zaporiz'ka,41153,35.13885,47.83831,ADM3,1,0,1,0,0,0,0,0,0,0,0,0,0,0,0,1,0,0,0,0,0,0,0,0,0,,,46072
bert_20260228023827,55777,20260220,1,3016390,liveuamap,693086,PPL,Sosnivka,L'viv,1289,Sokal's'kyi,34627,24.25376,50.29435,ADM3,1,0,1,0,0,0,0,0,0,0,0,0,0,0,0,1,0,0,0,0,0,0,0,0,0,,,46072
bert_20260228023827,360550,20260220,1,3016391,liveuamap,8419787,PPL,Zakumske,Sumy,2356,Sums'kyi,35426,34.64912,50.95537,ADM2,1,1,1,1,0,0,0,0,0,0,0,0,0,0,1,1,0,0,0,0,0,0,1,0,0,,,46072
bert_20260228023827,19457,20260220,1,3022405,unian,687700,PPLA,Zaporizhzhya,Zaporizhzhya,2730,Zaporiz'ka,41153,35.13885,47.83831,ADM3,1,1,1,1,0,0,0,0,0,0,0,0,0,0,1,0,0,0,0,0,0,0,1,0,0,,,46072
bert_20260228023827,19456,20260220,1,3022406,unian,687700,PPLA,Zaporizhzhya,Zaporizhzhya,2730,Zaporiz'ka,41153,35.13885,47.83831,ADM3,0,1,1,1,0,0,0,0,0,0,0,0,0,0,0,0,0,0,0,0,0,0,0,0,0,,,46072
bert_20260228023827,205898,20260220,1,3022407,unian,704568,PPL,Kozerohy,Chernihiv,498,Chernihivs'kyi,7661,31.0412,51.30626,ADM3,0,0,0,0,0,0,1,0,0,0,0,0,0,0,0,0,0,0,0,0,0,0,0,0,0,,,46072
bert_20260228023827,143790,20260221,1,3041410,liga,701822,PPL,Mariupol,Donets'k,655,Mariupol's'ka,22073,37.54144,47.0967,ADM3,1,1,1,0,0,1,0,0,0,0,0,0,0,0,0,0,0,0,0,0,0,0,0,0,0,,,46073
bert_20260228023827,203660,20260221,1,3028680,espreso,704422,PPLA2,Pokrovsk,Donets'k,655,Krasnoarmiis'kyi,18918,37.1756,48.28035,ADM3,1,1,1,1,0,0,0,0,0,0,0,0,0,1,1,1,0,0,0,0,0,0,1,0,0,,,46073
bert_20260228023827,49233,20260221,1,3028681,espreso,692194,PPLA,Sumy,Sumy,2356,Sums'ka,35425,34.80276,50.91198,ADM3,1,1,0,1,0,0,0,0,0,0,1,0,0,0,0,0,0,0,0,1,0,0,0,1,0,,,46073
bert_20260228023827,371315,20260221,1,3028682,espreso,9114074,PPL,Druzhba,Donets'k,655,Kostiantynivs'kyi,18739,37.91028,48.41,ADM3,0,0,1,0,1,0,1,0,0,0,0,0,0,0,0,0,0,0,0,0,0,0,0,0,0,,,46073
bert_20260228023827,112484,20260221,1,3028683,espreso,698740,PPLA,Odessa,Odessa,1800,Odes'ka,26260,30.73169,46.48421,ADM3,0,0,1,0,1,0,1,0,0,0,0,0,0,0,0,0,0,0,0,0,0,0,0,0,0,,,46073
bert_20260228023827,319053,20260221,1,3028684,espreso,712609,PPL,Bilka,Odessa,1800,Ivanivs'kyi,15842,30.40579,46.90822,ADM1,1,1,0,1,0,0,0,0,0,0,1,0,0,0,0,0,0,0,0,1,0,0,0,1,0,,,46073
bert_20260228023827,188618,20260221,1,3028685,espreso,703448,PPLC,Kyiv,Kiev City,1210,Shevchenkivs'kyi,33738,30.52355,50.45044,ADM3,0,0,1,0,0,0,1,0,0,0,0,0,0,0,0,0,0,0,0,0,0,0,0,0,0,,,46073
bert_20260228023827,371314,20260221,1,3028686,espreso,9114074,PPL,Druzhba,Donets'k,655,Kostiantynivs'kyi,18739,37.91028,48.41,ADM3,0,0,1,0,0,0,0,0,0,0,0,0,0,0,0,0,0,0,0,0,0,0,0,0,0,,,46073
bert_20260228023827,203659,20260221,1,3028687,espreso,704422,PPLA2,Pokrovsk,Donets'k,655,Krasnoarmiis'kyi,18918,37.1756,48.28035,ADM3,1,0,1,0,0,0,0,0,0,0,0,0,0,0,0,1,0,0,0,0,0,0,1,0,0,,,46073
bert_20260228023827,376838,20260221,1,3028688,espreso,9532052,PPL,Huliaipilske,Zaporizhzhya,2730,Huliaipil's'kyi,14713,36.06122,47.61272,ADM3,1,0,1,0,0,0,0,0,0,0,0,0,0,0,0,1,0,0,0,0,0,0,1,0,0,,,46073
bert_20260228023827,371313,20260221,1,3028883,liga,9114074,PPL,Druzhba,Donets'k,655,Kostiantynivs'kyi,18739,37.91028,48.41,ADM3,0,0,0,0,0,0,1,0,0,0,0,0,0,0,0,0,0,0,0,0,0,0,0,0,0,,,46073
bert_20260228023827,67851,20260221,1,3028884,liga,693805,PPLA2,Simferopol,Crimea,579,Simferopol's'ka,34229,34.09941,44.95363,ADM3,1,1,1,0,1,0,0,0,0,0,0,0,0,0,0,0,0,1,1,1,0,0,0,0,0,,,46073
bert_20260228023827,188622,20260221,1,3028885,liga,703448,PPLC,Kyiv,Kiev City,1210,Shevchenkivs'kyi,33738,30.52355,50.45044,ADM3,1,1,1,1,1,0,0,0,0,0,0,0,0,1,0,0,0,0,0,1,0,0,0,1,0,,,46073
bert_20260228023827,188619,20260221,1,3028886,liga,703448,PPLC,Kyiv,Kiev City,1210,Shevchenkivs'kyi,33738,30.52355,50.45044,ADM3,1,1,1,0,0,0,0,1,0,0,0,0,0,0,0,0,0,0,0,0,0,0,0,0,0,,,46073
bert_20260228023827,305673,20260221,1,3028887,liga,711187,PPL,Bulavynivka,Luhans'k,1405,Starobil's'kyi,35084,38.96363,49.41759,ADM3,0,0,1,0,0,1,0,0,0,0,0,0,1,0,0,0,0,1,0,0,0,0,0,0,0,,,46073
bert_20260228023827,112485,20260221,1,3034948,unian,698740,PPLA,Odessa,Odessa,1800,Odes'ka,26260,30.73169,46.48421,ADM3,1,1,0,1,0,0,0,0,0,0,1,0,0,0,0,0,0,0,0,1,0,0,0,1,0,,,46073
bert_20260228023827,188621,20260221,1,3034949,unian,703448,PPLC,Kyiv,Kiev City,1210,Shevchenkivs'kyi,33738,30.52355,50.45044,ADM3,1,1,1,1,0,0,0,0,0,0,0,0,0,0,1,0,0,0,0,0,0,0,0,0,0,,,46073
bert_20260228023827,100744,20260221,1,3034950,unian,698113,PPL,Ozerishche,Cherkasy,497,Kanivs'kyi,17193,31.71523,49.87066,ADM3,0,0,1,0,0,0,0,0,0,0,0,0,0,0,0,0,0,0,0,0,0,0,0,0,0,,,46073
bert_20260228023827,188617,20260221,1,3034951,unian,703448,PPLC,Kyiv,Kiev City,1210,Shevchenkivs'kyi,33738,30.52355,50.45044,ADM3,0,0,0,0,0,1,1,0,0,0,0,0,0,0,0,0,0,0,0,0,0,0,0,0,0,,,46073
bert_20260228023827,67852,20260221,1,3034952,unian,693805,PPLA2,Simferopol,Crimea,579,Simferopol's'ka,34229,34.09941,44.95363,ADM3,1,1,1,0,1,0,0,0,1,0,0,0,0,0,0,0,0,1,0,0,0,0,0,0,0,,,46073
bert_20260228023827,82459,20260221,1,3034953,unian,695094,PPLX,Ruttschenkowo,Donets'k,655,Donets'ka,10139,37.67529,47.95508,ADM1,1,0,1,0,0,0,0,0,0,0,1,0,0,0,0,0,0,0,0,0,0,0,0,0,0,,,46073
bert_20260228023827,82460,20260221,1,3034954,unian,695094,PPLX,Ruttschenkowo,Donets'k,655,Donets'ka,10139,37.67529,47.95508,ADM1,1,1,1,1,0,0,0,0,0,0,0,0,0,0,1,0,0,0,1,0,0,0,0,0,0,,,46073
bert_20260228023827,188616,20260221,1,3034955,unian,703448,PPLC,Kyiv,Kiev City,1210,Shevchenkivs'kyi,33738,30.52355,50.45044,ADM3,0,0,0,0,0,0,1,0,0,0,0,0,0,0,0,0,0,0,0,0,0,0,0,0,0,,,46073
bert_20260228023827,287239,20260221,1,3034956,unian,709930,PPLA,Dnipro,Dnipropetrovs'k,650,Dnipropetrovs'ka,9966,35.04618,48.46472,ADM3,1,1,1,1,1,0,0,0,0,0,0,0,0,0,1,1,0,0,0,0,0,0,0,0,0,,,46073
bert_20260228023827,345600,20260221,1,3034957,unian,805500,PPL,Voronyne,Sumy,2356,Bilopils'kyi,4621,34.12376,51.10624,ADM1,1,1,0,1,0,0,0,0,0,0,1,0,0,0,0,0,0,0,0,1,0,0,0,1,0,,,46073
bert_20260228023827,188620,20260221,1,3034958,unian,703448,PPLC,Kyiv,Kiev City,1210,Shevchenkivs'kyi,33738,30.52355,50.45044,ADM3,1,1,1,1,0,0,0,0,0,0,0,0,0,0,0,0,0,0,1,0,0,0,0,0,0,,,46073
bert_20260228023827,112486,20260221,1,3022621,liga,698740,PPLA,Odessa,Odessa,1800,Odes'ka,26260,30.73169,46.48421,ADM3,1,1,1,1,0,0,0,0,0,0,1,0,0,1,0,0,0,0,0,0,0,0,0,0,0,,,46073
bert_20260228023827,258297,20260221,1,3022622,liga,707471,PPLA,Ivano-Frankivsk,Ivano-Frankivs'k,1023,Ivano-Frankivs'ka,15846,24.71116,48.92268,ADM3,0,0,0,0,0,0,1,0,0,0,0,0,0,0,0,0,0,0,0,0,0,0,0,0,0,,,46073
bert_20260228023827,112483,20260221,1,3022623,liveuamap,698740,PPLA,Odessa,Odessa,1800,Odes'ka,26260,30.73169,46.48421,ADM3,1,0,0,0,0,0,0,0,0,0,1,0,0,0,0,0,0,0,0,0,0,0,0,0,0,,,46073
bert_20260228023827,397109,20260221,1,3022624,liveuamap,,,,,,,,39.70961,47.22165,ADM3,1,1,0,0,1,0,0,0,0,0,0,0,0,0,0,0,1,1,0,0,0,0,0,0,0,,,46073
bert_20260228023827,123367,20260221,1,3022625,liveuamap,700051,PPLA2,Nikopol,Dnipropetrovs'k,650,Nikopol's'ka,25338,34.39481,47.56746,ADM3,1,1,0,1,0,0,0,0,0,0,1,0,0,1,0,0,0,0,0,1,0,0,0,1,0,,,46073
bert_20260228023827,553,20260221,1,3022626,liveuamap,686729,PPLA2,Vasylivka,Zaporizhzhya,2730,Vasylivs'kyi,39200,35.28312,47.44211,ADM3,1,1,0,1,0,0,0,0,1,0,0,0,0,0,0,0,0,0,0,1,0,0,0,0,0,,,46073
bert_20260228023827,19461,20260221,1,3022627,liveuamap,687700,PPLA,Zaporizhzhya,Zaporizhzhya,2730,Zaporiz'ka,41153,35.13885,47.83831,ADM3,1,1,0,1,0,0,0,0,1,0,0,0,0,0,0,0,0,0,0,1,0,0,0,0,0,,,46073
bert_20260228023827,379199,20260221,1,3022628,liveuamap,9983711,PPL,Khlibodarske,Odessa,1800,Bilia‹vs'kyi,4610,30.61331,46.4912,ADM3,1,1,0,1,0,0,0,0,0,0,1,0,0,0,0,0,0,0,0,0,0,0,0,1,0,,,46073
bert_20260228023827,250408,20260221,1,3022629,liveuamap,706483,PPLA,Kharkiv,Kharkiv,1191,Kharkivs'ka,17850,36.2312,49.99217,ADM3,1,1,0,1,0,0,0,0,0,0,1,0,0,0,0,0,0,0,0,0,0,0,0,1,0,,,46073
bert_20260228023827,252914,20260221,1,3022630,liveuamap,706941,PPL,Komyshuvakha,Zaporizhzhya,2730,Orikhivs'kyi,26748,35.52466,47.71952,ADM3,1,1,0,1,0,0,0,0,1,0,0,0,0,0,0,0,0,0,0,0,0,0,0,1,0,,,46073
bert_20260228023827,19460,20260221,1,3022631,liveuamap,687700,PPLA,Zaporizhzhya,Zaporizhzhya,2730,Zaporiz'ka,41153,35.13885,47.83831,ADM3,1,1,0,1,0,0,0,0,1,0,0,0,0,0,0,0,0,0,0,0,0,0,0,1,0,,,46073
bert_20260228023827,19459,20260221,1,3022632,liveuamap,687700,PPLA,Zaporizhzhya,Zaporizhzhya,2730,Zaporiz'ka,41153,35.13885,47.83831,ADM3,1,0,1,0,0,0,0,0,0,0,0,0,0,1,0,0,0,0,0,1,0,0,0,1,0,,,46073
bert_20260228023827,93763,20260221,1,3022633,liveuamap,696643,PPLA,Poltava,Poltava,1956,Poltavs'ka,28898,34.55125,49.58953,ADM3,1,1,1,1,0,0,0,0,0,0,1,0,0,0,0,0,0,1,0,1,0,0,0,0,0,,,46073
bert_20260228023827,257341,20260221,1,3022634,liveuamap,707414,PPL,Ivanivka,Luhans'k,1405,Antratsytivs'kyi,1932,38.9352,48.23788,ADM3,1,1,1,1,0,0,0,0,1,0,0,0,0,0,0,0,0,0,0,1,0,0,0,0,0,,,46073
bert_20260228023827,264655,20260221,1,3022635,liveuamap,708937,PPL,Havrylivka,Dnipropetrovs'k,650,Pokrovs'kyi,28862,36.51993,48.07377,ADM3,1,1,1,1,0,0,0,0,1,0,0,0,0,0,0,0,0,0,0,1,0,0,0,0,0,,,46073
bert_20260228023827,203661,20260221,1,3022636,liveuamap,704422,PPLA2,Pokrovsk,Donets'k,655,Krasnoarmiis'kyi,18918,37.1756,48.28035,ADM3,1,1,1,1,0,0,0,0,1,0,0,0,0,0,0,0,0,0,0,1,0,0,0,0,0,,,46073
bert_20260228023827,338367,20260221,1,3022637,liveuamap,713650,PPL,Oleksandrivka,Odessa,1800,Kodyms'kyi,18447,29.23314,47.99694,ADM3,1,1,1,1,0,0,0,0,1,0,0,0,0,0,0,0,0,0,0,1,0,0,0,0,0,,,46073
bert_20260228023827,287238,20260221,1,3022638,liveuamap,709930,PPLA,Dnipro,Dnipropetrovs'k,650,Dnipropetrovs'ka,9966,35.04618,48.46472,ADM3,1,1,1,1,0,0,0,0,1,0,0,0,0,0,0,0,0,0,0,1,0,0,0,0,0,,,46073
bert_20260228023827,82461,20260221,1,3022639,liveuamap,695094,PPLX,Ruttschenkowo,Donets'k,655,Donets'ka,10139,37.67529,47.95508,ADM1,1,1,1,1,0,0,0,0,1,0,0,0,0,0,0,0,0,0,0,1,0,0,0,0,0,,,46073
bert_20260228023827,376839,20260221,1,3022640,liveuamap,9532052,PPL,Huliaipilske,Zaporizhzhya,2730,Huliaipil's'kyi,14713,36.06122,47.61272,ADM3,1,1,1,1,0,0,0,0,1,0,0,0,0,0,0,0,0,0,0,1,0,0,0,0,0,,,46073
bert_20260228023827,26187,20260221,1,3022641,liveuamap,688871,PPL,Vozdvyzhivka,Zaporizhzhya,2730,Novomykola‹vs'kyi,25913,36.07979,47.74727,ADM3,1,1,1,1,0,0,0,0,1,0,0,0,0,0,0,0,0,0,0,1,0,0,0,0,0,,,46073
bert_20260228023827,338907,20260221,1,3022642,liveuamap,802277,PPL,Protsenko,Donets'k,655,Amvrosi‹vs'kyi,1671,38.206,47.738,ADM3,1,1,1,1,0,0,0,0,1,0,0,0,0,0,0,0,0,0,0,1,0,0,0,0,0,,,46073
bert_20260228023827,19462,20260221,1,3022643,liveuamap,687700,PPLA,Zaporizhzhya,Zaporizhzhya,2730,Zaporiz'ka,41153,35.13885,47.83831,ADM3,1,1,1,1,0,0,0,0,1,0,0,0,0,0,0,0,0,0,0,1,0,0,0,0,0,,,46073
bert_20260228023827,192474,20260221,1,3022644,liveuamap,703656,PPLA2,Kupiansk,Kharkiv,1191,Kupians'ka,19188,37.61478,49.7108,ADM3,1,0,1,0,0,0,0,0,0,0,0,0,0,0,0,1,0,0,0,0,0,0,0,0,0,,,46073
bert_20260228023827,55647,20260221,1,3022645,liveuamap,693065,PPLX,Sotsmisto,Donets'k,655,Kramators'ka,18898,37.5844,48.73898,ADM3,1,0,1,0,0,0,0,0,0,0,0,0,0,0,0,1,0,0,0,0,0,0,0,0,0,,,46073
bert_20260228023827,203658,20260221,1,3022646,liveuamap,704422,PPLA2,Pokrovsk,Donets'k,655,Krasnoarmiis'kyi,18918,37.1756,48.28035,ADM3,1,0,1,0,0,0,0,0,0,0,0,0,0,0,0,1,0,0,0,0,0,0,0,0,0,,,46073
bert_20260228023827,117586,20260221,1,3022647,liveuamap,699458,PPL,Novomykhailivka,Donets'k,655,Mar‹ns'kyi,21886,37.48298,47.85341,ADM3,1,0,1,0,0,0,0,0,0,0,0,0,0,0,0,1,0,0,0,0,0,0,0,0,0,,,46073
bert_20260228023827,208637,20260221,1,3022648,liveuamap,705104,PPL,Kostiantynivka,Donets'k,655,Kostiantynivs'ka,18738,37.69368,48.53467,ADM3,1,1,1,0,0,0,0,0,0,0,0,0,0,0,0,1,0,0,0,0,0,0,0,0,0,,,46073
bert_20260228023827,365126,20260221,1,3022649,liveuamap,9112183,PPL,Novopavlivka,Donets'k,655,Krasnoarmiis'kyi,18918,37.22614,48.24869,ADM3,1,1,1,0,0,0,0,0,0,0,0,0,0,0,0,1,0,0,0,0,0,0,0,0,0,,,46073
bert_20260228023827,57750,20260221,1,3022650,liveuamap,693468,PPL,Sloviansk,Donets'k,655,Slovians'ka,34511,37.60582,48.85227,ADM3,1,0,1,0,0,0,0,0,0,0,1,0,0,0,0,1,0,0,0,0,0,0,0,0,0,,,46073
bert_20260228023827,55778,20260221,1,3022651,liveuamap,693086,PPL,Sosnivka,L'viv,1289,Sokal's'kyi,34627,24.25376,50.29435,ADM3,1,0,1,0,0,0,0,0,0,0,0,0,0,0,0,1,0,0,0,0,0,0,0,0,0,,,46073
bert_20260228023827,197389,20260221,1,3022652,liveuamap,704204,PPL,Lyman,Donets'k,655,Krasnolymans'kyi,18941,37.82245,48.96409,ADM3,1,0,1,0,0,0,0,0,0,0,0,0,0,0,1,1,0,0,0,0,0,0,0,0,0,,,46073
bert_20260228023827,381251,20260221,1,3022654,liveuamap,10323759,PPLX,Cheremushky,Donets'k,655,Mariupol's'ka,22073,37.50564,47.07557,ADM3,1,0,1,0,0,0,0,0,0,0,0,0,0,0,0,1,0,0,0,0,0,0,0,0,0,,,46073
bert_20260228023827,261576,20260221,1,3022655,liveuamap,707898,PPLA2,Hulyaypole,Zaporizhzhya,2730,Huliaipil's'kyi,14713,36.25322,47.66644,ADM3,1,0,1,0,0,0,0,0,0,0,0,0,0,0,0,1,0,0,0,0,0,0,0,0,0,,,46073
bert_20260228023827,235352,20260221,1,3022657,liveuamap,706448,PPLA,Kherson,Kherson,1195,Khersons'ka,17890,32.61496,46.64032,ADM3,1,1,1,1,0,0,0,0,0,0,0,0,0,0,1,0,0,0,0,0,0,0,1,0,0,,,46073
bert_20260228023827,360551,20260221,1,3022658,liveuamap,8419787,PPL,Zakumske,Sumy,2356,Sums'kyi,35426,34.64912,50.95537,ADM2,1,1,1,1,0,0,0,0,0,0,0,0,0,0,1,0,0,0,0,0,0,0,0,0,0,,,46073
bert_20260228023827,250407,20260221,1,3022659,liveuamap,706483,PPLA,Kharkiv,Kharkiv,1191,Kharkivs'ka,17850,36.2312,49.99217,ADM3,1,0,1,0,0,0,0,0,0,0,0,0,0,0,0,1,0,0,0,0,0,0,0,0,0,,,46073
bert_20260228023827,32700,20260221,1,3022660,liveuamap,689304,PPLA2,Vovchansk,Kharkiv,1191,Vovchans'kyi,39837,36.9368,50.29401,ADM3,1,0,1,0,0,0,0,0,0,0,0,0,0,0,0,1,0,0,0,0,0,0,0,0,0,,,46073
bert_20260228023827,371316,20260221,1,3028679,unian,9114074,PPL,Druzhba,Donets'k,655,Kostiantynivs'kyi,18739,37.91028,48.41,ADM3,0,1,1,0,0,0,0,0,0,0,0,0,0,0,0,0,0,0,0,0,0,0,0,0,0,,,46073
bert_20260228023827,143791,20260222,1,3041418,liga,701822,PPL,Mariupol,Donets'k,655,Mariupol's'ka,22073,37.54144,47.0967,ADM3,1,1,1,0,0,1,0,0,0,0,0,0,0,0,0,0,0,0,0,0,0,0,0,0,0,,,46074
bert_20260228023827,203664,20260222,1,3034962,espreso,704422,PPLA2,Pokrovsk,Donets'k,655,Krasnoarmiis'kyi,18918,37.1756,48.28035,ADM3,1,1,1,1,0,0,0,0,0,0,0,0,0,0,0,1,0,0,0,0,0,0,1,0,0,,,46074
bert_20260228023827,154189,20260222,1,3034963,espreso,702550,PPLA,Lviv,L'viv,1289,L'vivs'ka,19402,24.0299,49.83932,ADM3,1,0,0,0,0,0,0,0,0,0,0,0,0,0,0,0,1,0,0,0,0,0,0,1,0,,,46074
bert_20260228023827,117588,20260222,1,3034964,espreso,699458,PPL,Novomykhailivka,Donets'k,655,Mar‹ns'kyi,21886,37.48298,47.85341,ADM3,1,1,0,1,0,0,0,0,1,0,0,0,0,0,0,0,0,0,0,1,0,0,0,1,0,,,46074
bert_20260228023827,19463,20260222,1,3034965,espreso,687700,PPLA,Zaporizhzhya,Zaporizhzhya,2730,Zaporiz'ka,41153,35.13885,47.83831,ADM3,1,1,0,1,0,0,0,0,1,0,0,0,0,0,0,0,0,0,0,1,0,0,0,1,0,,,46074
bert_20260228023827,154194,20260222,2,"3034966, 3034959","espreso, unian",702550,PPLA,Lviv,L'viv,1289,L'vivs'ka,19402,24.0299,49.83932,ADM3,0,0,1,0,0,1,0,0,0,0,0,0,1,0,0,0,1,0,0,1,0,0,0,1,0,,,46074
bert_20260228023827,154203,20260222,1,3034967,espreso,702550,PPLA,Lviv,L'viv,1289,L'vivs'ka,19402,24.0299,49.83932,ADM3,0,1,1,1,0,1,0,0,0,0,0,0,1,0,0,0,1,0,0,0,0,0,0,1,0,,,46074
bert_20260228023827,188627,20260222,1,3034968,espreso,703448,PPLC,Kyiv,Kiev City,1210,Shevchenkivs'kyi,33738,30.52355,50.45044,ADM3,1,1,1,1,0,0,0,0,0,0,0,0,0,0,0,0,0,0,0,0,0,0,0,0,0,,,46074
bert_20260228023827,345602,20260222,1,3034969,espreso,805500,PPL,Voronyne,Sumy,2356,Bilopils'kyi,4621,34.12376,51.10624,ADM1,1,1,0,1,0,0,0,0,0,0,0,0,0,1,0,0,0,0,0,1,0,0,0,1,0,,,46074
bert_20260228023827,203663,20260222,1,3034970,espreso,704422,PPLA2,Pokrovsk,Donets'k,655,Krasnoarmiis'kyi,18918,37.1756,48.28035,ADM3,1,1,1,1,0,0,0,0,0,0,0,0,0,0,0,1,0,0,0,0,0,0,0,0,0,,,46074
bert_20260228023827,154202,20260222,1,3034971,espreso,702550,PPLA,Lviv,L'viv,1289,L'vivs'ka,19402,24.0299,49.83932,ADM3,1,1,1,1,0,0,0,0,0,0,0,0,1,0,0,0,1,0,0,1,0,0,0,1,0,,,46074
bert_20260228023827,154204,20260222,2,"3035137, 3035141",liga,702550,PPLA,Lviv,L'viv,1289,L'vivs'ka,19402,24.0299,49.83932,ADM3,0,1,1,1,0,1,0,0,0,0,0,0,1,0,0,0,1,0,0,1,0,0,0,1,0,,,46074
bert_20260228023827,188626,20260222,3,"3035138, 3028893, 3028929","liga, liveuamap",703448,PPLC,Kyiv,Kiev City,1210,Shevchenkivs'kyi,33738,30.52355,50.45044,ADM3,0,1,1,0,0,0,1,0,0,0,0,0,0,0,0,0,0,0,0,0,0,0,0,0,0,,,46074
bert_20260228023827,287241,20260222,1,3035139,liga,709930,PPLA,Dnipro,Dnipropetrovs'k,650,Dnipropetrovs'ka,9966,35.04618,48.46472,ADM3,1,1,1,1,1,0,0,0,0,0,0,0,0,0,1,0,0,0,0,0,0,0,0,0,0,,,46074
bert_20260228023827,154193,20260222,2,"3035140, 3041201","liga, unian",702550,PPLA,Lviv,L'viv,1289,L'vivs'ka,19402,24.0299,49.83932,ADM3,0,0,0,0,0,1,1,0,0,0,0,0,1,0,0,0,1,0,0,1,0,0,0,1,0,,,46074
bert_20260228023827,41228,20260222,1,3035142,liga,691255,PPL,Trostianets,Sumy,2356,Trostianets'kyi,37922,34.97106,50.48105,ADM3,1,1,1,1,0,0,0,0,0,0,0,0,0,1,0,0,0,1,0,1,0,0,0,0,0,,,46074
bert_20260228023827,154197,20260222,1,3035143,liga,702550,PPLA,Lviv,L'viv,1289,L'vivs'ka,19402,24.0299,49.83932,ADM3,1,1,0,1,0,0,0,0,0,0,0,0,0,0,0,0,1,0,0,1,0,0,0,1,0,,,46074
bert_20260228023827,188625,20260222,3,"3041176, 3041191, 3034961","meduza, unian",703448,PPLC,Kyiv,Kiev City,1210,Shevchenkivs'kyi,33738,30.52355,50.45044,ADM3,1,1,0,1,0,0,0,0,0,0,0,0,0,1,0,0,0,0,0,1,0,0,0,1,0,,,46074
bert_20260228023827,25701,20260222,1,3041178,meduza,688723,PPLA2,Vyshhorod,Kiev City,1210,Obolons'kyi,26190,30.4855,50.58293,ADM3,1,1,0,1,0,0,0,0,0,0,0,0,0,1,0,0,0,0,0,1,0,0,0,1,0,,,46074
bert_20260228023827,113273,20260222,1,3041179,meduza,698782,PPLA2,Obukhiv,Kiev,1209,Obukhivs'kyi,26204,30.62701,50.11141,ADM3,1,1,0,1,0,0,0,0,0,0,0,0,0,1,0,0,0,0,0,1,0,0,0,1,0,,,46074
bert_20260228023827,100696,20260222,1,3041181,meduza,698021,PPLW,Peski,Dnipropetrovs'k,650,Petrykivs'kyi,28264,34.45052,48.59177,ADM3,1,1,0,1,0,0,0,0,0,0,0,0,0,1,0,0,0,0,0,1,0,0,0,1,0,,,46074
bert_20260228023827,206176,20260222,1,3041182,meduza,704670,PPL,Kotsiubynske,Kiev City,1210,Sviatoshyns'kyi,35620,30.3279,50.47169,ADM2,1,1,0,1,0,0,0,0,0,0,0,0,0,1,0,0,0,0,0,1,0,0,0,1,0,,,46074
bert_20260228023827,345604,20260222,1,3041183,meduza,805500,PPL,Voronyne,Sumy,2356,Bilopils'kyi,4621,34.12376,51.10624,ADM1,1,1,0,1,0,0,0,0,0,0,1,0,0,0,0,0,0,0,0,1,0,0,0,1,0,,,46074
bert_20260228023827,345601,20260222,1,3041184,meduza,805500,PPL,Voronyne,Sumy,2356,Bilopils'kyi,4621,34.12376,51.10624,ADM1,1,1,0,1,0,0,0,0,0,0,0,0,0,1,0,0,0,0,0,1,0,0,0,0,0,,,46074
bert_20260228023827,41227,20260222,1,3041185,meduza,691255,PPL,Trostianets,Sumy,2356,Trostianets'kyi,37922,34.97106,50.48105,ADM3,1,1,0,1,0,0,0,0,0,0,0,0,0,1,0,0,0,0,0,1,0,0,0,0,0,,,46074
bert_20260228023827,386045,20260222,1,3041186,meduza,10951287,PPL,Vesele,Zaporizhzhya,2730,Tokmats'kyi,37511,35.7672,47.17894,ADM1,1,1,1,1,0,0,0,0,0,0,0,0,0,1,0,0,0,0,0,1,0,0,0,0,0,,,46074
bert_20260228023827,5829,20260222,1,3041187,meduza,687184,PPL,Kryvorizhzhya,Mykolayiv,1628,Novoodes'kyi,25916,31.76725,47.39462,ADM1,1,1,1,1,0,0,0,0,0,0,0,0,0,1,0,0,0,0,0,1,0,0,0,0,0,,,46074
bert_20260228023827,112487,20260222,1,3041188,meduza,698740,PPLA,Odessa,Odessa,1800,Odes'ka,26260,30.73169,46.48421,ADM3,1,1,1,1,0,0,0,0,0,0,0,0,0,1,0,0,0,0,0,1,0,0,0,0,0,,,46074
bert_20260228023827,188628,20260222,1,3041189,meduza,703448,PPLC,Kyiv,Kiev City,1210,Shevchenkivs'kyi,33738,30.52355,50.45044,ADM3,1,1,1,1,0,0,0,0,0,0,0,0,0,1,0,0,0,0,0,1,0,0,0,0,0,,,46074
bert_20260228023827,188623,20260222,1,3041190,meduza,703448,PPLC,Kyiv,Kiev City,1210,Shevchenkivs'kyi,33738,30.52355,50.45044,ADM3,1,0,1,0,0,0,0,0,0,0,0,1,0,0,1,0,0,0,0,0,0,0,0,0,0,,,46074
bert_20260228023827,188630,20260222,1,3041192,meduza,703448,PPLC,Kyiv,Kiev City,1210,Shevchenkivs'kyi,33738,30.52355,50.45044,ADM3,1,1,1,1,0,0,0,0,1,0,0,0,0,1,0,0,0,0,0,1,0,0,0,1,0,,,46074
bert_20260228023827,188629,20260222,1,3041193,meduza,703448,PPLC,Kyiv,Kiev City,1210,Shevchenkivs'kyi,33738,30.52355,50.45044,ADM3,1,1,1,1,0,0,0,0,1,0,0,0,0,0,0,0,0,0,0,1,0,0,0,0,0,,,46074
bert_20260228023827,188624,20260222,1,3041194,meduza,703448,PPLC,Kyiv,Kiev City,1210,Shevchenkivs'kyi,33738,30.52355,50.45044,ADM3,1,1,0,1,0,0,0,0,0,0,0,0,0,1,0,0,0,0,0,1,0,0,0,0,0,,,46074
bert_20260228023827,154198,20260222,1,3041195,unian,702550,PPLA,Lviv,L'viv,1289,L'vivs'ka,19402,24.0299,49.83932,ADM3,1,1,1,0,0,0,0,0,0,0,0,0,0,0,0,0,1,0,0,1,0,0,0,1,0,,,46074
bert_20260228023827,345605,20260222,1,3041196,unian,805500,PPL,Voronyne,Sumy,2356,Bilopils'kyi,4621,34.12376,51.10624,ADM1,1,1,1,1,0,0,0,0,0,0,0,0,0,1,0,0,0,0,0,1,0,0,0,1,0,,,46074
bert_20260228023827,154191,20260222,1,3041197,unian,702550,PPLA,Lviv,L'viv,1289,L'vivs'ka,19402,24.0299,49.83932,ADM3,0,0,0,0,0,0,1,0,0,0,0,0,1,0,0,0,1,0,0,1,0,0,0,1,0,,,46074
bert_20260228023827,319054,20260222,1,3041198,unian,712609,PPL,Bilka,Odessa,1800,Ivanivs'kyi,15842,30.40579,46.90822,ADM1,1,1,0,1,0,0,0,0,0,0,0,0,0,0,0,0,0,0,0,1,0,0,0,1,0,,,46074
bert_20260228023827,5828,20260222,1,3041199,unian,687184,PPL,Kryvorizhzhya,Mykolayiv,1628,Novoodes'kyi,25916,31.76725,47.39462,ADM1,1,1,0,1,0,0,0,0,0,0,0,0,0,0,0,0,0,0,0,1,0,0,0,1,0,,,46074
bert_20260228023827,154201,20260222,2,"3041200, 3041202",unian,702550,PPLA,Lviv,L'viv,1289,L'vivs'ka,19402,24.0299,49.83932,ADM3,1,1,1,1,0,0,0,0,0,0,0,0,0,0,0,0,1,0,0,1,0,0,0,1,0,,,46074
bert_20260228023827,131270,20260222,1,3041203,unian,700569,PPLA,Mykolayiv,Mykolayiv,1628,Mykola‹vs'ka,24267,31.99381,46.97557,ADM3,1,0,1,1,0,0,0,0,0,0,0,0,0,0,0,0,0,0,0,0,0,0,0,0,0,,,46074
bert_20260228023827,154200,20260222,1,3041204,unian,702550,PPLA,Lviv,L'viv,1289,L'vivs'ka,19402,24.0299,49.83932,ADM3,0,1,1,1,0,0,0,0,0,0,0,0,1,0,0,0,0,0,0,1,0,0,0,1,0,,,46074
bert_20260228023827,32701,20260222,1,3041205,unian,689304,PPLA2,Vovchansk,Kharkiv,1191,Vovchans'kyi,39837,36.9368,50.29401,ADM3,1,1,1,1,0,0,0,0,0,0,0,0,0,0,1,0,0,0,0,0,0,0,0,0,0,,,46074
bert_20260228023827,55648,20260222,1,3041206,unian,693065,PPLX,Sotsmisto,Donets'k,655,Kramators'ka,18898,37.5844,48.73898,ADM3,1,1,1,1,0,0,0,0,0,0,0,0,0,0,1,0,0,0,0,0,0,0,0,0,0,,,46074
bert_20260228023827,154195,20260222,1,3041207,unian,702550,PPLA,Lviv,L'viv,1289,L'vivs'ka,19402,24.0299,49.83932,ADM3,0,0,1,0,0,1,1,0,0,0,0,0,1,0,0,0,1,0,0,1,0,0,0,1,0,,,46074
bert_20260228023827,154196,20260222,1,3041208,unian,702550,PPLA,Lviv,L'viv,1289,L'vivs'ka,19402,24.0299,49.83932,ADM3,1,0,1,0,0,1,1,0,0,0,0,0,1,0,0,0,0,1,0,0,0,0,0,1,0,,,46074
bert_20260228023827,154188,20260222,1,3028689,espreso,702550,PPLA,Lviv,L'viv,1289,L'vivs'ka,19402,24.0299,49.83932,ADM3,1,0,0,0,0,0,0,0,0,0,0,0,0,0,0,0,0,0,0,1,0,0,0,1,0,,,46074
bert_20260228023827,345603,20260222,1,3028690,espreso,805500,PPL,Voronyne,Sumy,2356,Bilopils'kyi,4621,34.12376,51.10624,ADM1,1,1,0,1,0,0,0,0,0,0,1,0,0,0,0,0,0,0,0,0,0,0,0,1,0,,,46074
bert_20260228023827,154192,20260222,1,3028888,liga,702550,PPLA,Lviv,L'viv,1289,L'vivs'ka,19402,24.0299,49.83932,ADM3,1,0,0,0,0,1,0,0,0,0,0,0,0,0,0,0,1,0,0,1,0,0,0,1,0,,,46074
bert_20260228023827,154199,20260222,1,3028889,liga,702550,PPLA,Lviv,L'viv,1289,L'vivs'ka,19402,24.0299,49.83932,ADM3,1,1,1,0,1,0,0,0,0,0,0,0,0,0,0,0,0,0,0,1,0,0,1,0,0,,,46074
bert_20260228023827,143792,20260222,1,3028890,liveuamap,701822,PPL,Mariupol,Donets'k,655,Mariupol's'ka,22073,37.54144,47.0967,ADM3,1,1,1,0,1,0,0,0,0,0,0,0,0,0,0,0,1,1,0,1,0,0,0,0,0,,,46074
bert_20260228023827,250410,20260222,1,3028891,liveuamap,706483,PPLA,Kharkiv,Kharkiv,1191,Kharkivs'ka,17850,36.2312,49.99217,ADM3,1,1,0,0,0,0,0,0,0,0,1,0,0,0,0,0,0,0,0,0,0,0,0,1,0,,,46074
bert_20260228023827,371317,20260222,2,"3028892, 3028928",liveuamap,9114074,PPL,Druzhba,Donets'k,655,Kostiantynivs'kyi,18739,37.91028,48.41,ADM3,0,1,1,0,0,0,1,0,0,0,0,0,0,0,0,0,0,0,0,0,0,0,0,0,0,,,46074
bert_20260228023827,93764,20260222,1,3028894,liveuamap,696643,PPLA,Poltava,Poltava,1956,Poltavs'ka,28898,34.55125,49.58953,ADM3,1,1,1,1,0,0,0,0,0,0,0,0,0,1,0,0,0,0,0,1,0,0,0,1,0,,,46074
bert_20260228023827,307968,20260222,1,3028895,liveuamap,711801,PPL,Karpivka,Odessa,1800,Rozdil'nias'kyi,30835,30.25235,46.78739,ADM3,1,1,1,1,0,0,0,0,0,0,0,0,0,0,1,0,0,0,1,0,0,0,0,0,0,,,46074
bert_20260228023827,82462,20260222,1,3028896,liveuamap,695094,PPLX,Ruttschenkowo,Donets'k,655,Donets'ka,10139,37.67529,47.95508,ADM1,1,1,1,1,0,0,0,0,0,0,0,0,0,0,1,0,0,0,1,0,0,0,0,0,0,,,46074
bert_20260228023827,319055,20260222,1,3028897,liveuamap,712609,PPL,Bilka,Odessa,1800,Ivanivs'kyi,15842,30.40579,46.90822,ADM1,1,1,0,1,0,0,0,0,0,0,1,0,0,1,0,0,0,0,0,1,0,0,0,0,0,,,46074
bert_20260228023827,235353,20260222,1,3028898,liveuamap,706448,PPLA,Kherson,Kherson,1195,Khersons'ka,17890,32.61496,46.64032,ADM3,1,1,0,1,0,0,0,0,0,0,1,0,0,0,0,0,0,0,0,0,0,0,0,1,0,,,46074
bert_20260228023827,275162,20260222,1,3028899,liveuamap,709717,PPLA,Donetsk,Donets'k,655,Donets'ka,10139,37.80285,48.01588,ADM3,1,1,0,1,0,0,0,0,0,0,1,0,0,1,0,0,0,0,0,1,0,0,0,1,0,,,46074
bert_20260228023827,287240,20260222,1,3028900,liveuamap,709930,PPLA,Dnipro,Dnipropetrovs'k,650,Dnipropetrovs'ka,9966,35.04618,48.46472,ADM3,1,1,1,1,0,0,0,0,1,0,0,0,0,0,0,0,0,0,0,0,0,0,0,0,0,,,46074
bert_20260228023827,376840,20260222,1,3028901,liveuamap,9532052,PPL,Huliaipilske,Zaporizhzhya,2730,Huliaipil's'kyi,14713,36.06122,47.61272,ADM3,1,1,1,1,0,0,0,0,1,0,0,0,0,0,0,0,0,0,0,0,0,0,0,0,0,,,46074
bert_20260228023827,304933,20260222,1,3028902,liveuamap,710925,PPL,Charivne,Zaporizhzhya,2730,Orikhivs'kyi,26748,36.03595,47.58161,ADM3,1,1,1,1,0,0,0,0,1,0,0,0,0,0,0,0,0,0,0,0,0,0,0,0,0,,,46074
bert_20260228023827,26188,20260222,1,3028903,liveuamap,688871,PPL,Vozdvyzhivka,Zaporizhzhya,2730,Novomykola‹vs'kyi,25913,36.07979,47.74727,ADM3,1,1,1,1,0,0,0,0,1,0,0,0,0,0,0,0,0,0,0,0,0,0,0,0,0,,,46074
bert_20260228023827,338908,20260222,1,3028904,liveuamap,802277,PPL,Protsenko,Donets'k,655,Amvrosi‹vs'kyi,1671,38.206,47.738,ADM3,1,1,1,1,0,0,0,0,1,0,0,0,0,0,0,0,0,0,0,0,0,0,0,0,0,,,46074
bert_20260228023827,252915,20260222,1,3028905,liveuamap,706941,PPL,Komyshuvakha,Zaporizhzhya,2730,Orikhivs'kyi,26748,35.52466,47.71952,ADM3,1,1,1,1,0,0,0,0,1,0,0,0,0,0,0,0,0,0,0,0,0,0,0,0,0,,,46074
bert_20260228023827,19464,20260222,1,3028906,liveuamap,687700,PPLA,Zaporizhzhya,Zaporizhzhya,2730,Zaporiz'ka,41153,35.13885,47.83831,ADM3,1,1,1,1,0,0,0,0,1,0,0,0,0,0,0,0,0,0,0,0,0,0,0,0,0,,,46074
bert_20260228023827,250646,20260222,1,3028907,liveuamap,706566,PPL,Kozatske,Kherson,1195,Beryslavs'kyi,4444,33.35034,46.78546,ADM3,1,1,1,1,0,0,0,0,1,0,0,0,0,0,0,0,0,0,0,0,0,0,0,0,0,,,46074
bert_20260228023827,235355,20260222,1,3028908,liveuamap,706448,PPLA,Kherson,Kherson,1195,Khersons'ka,17890,32.61496,46.64032,ADM3,1,1,1,1,0,0,0,0,1,0,0,0,0,0,0,0,0,0,0,0,0,0,0,0,0,,,46074
bert_20260228023827,203662,20260222,1,3028909,liveuamap,704422,PPLA2,Pokrovsk,Donets'k,655,Krasnoarmiis'kyi,18918,37.1756,48.28035,ADM3,1,0,1,0,0,0,0,0,0,0,0,0,0,0,0,1,0,0,0,0,0,0,0,0,0,,,46074
bert_20260228023827,287976,20260222,1,3028910,liveuamap,710035,PPLA2,Myrnohrad,Donets'k,655,Krasnoarmiis'ka,18917,37.26806,48.29097,ADM3,1,0,1,0,0,0,0,0,0,0,0,0,0,0,0,1,0,0,0,0,0,0,0,0,0,,,46074
bert_20260228023827,117587,20260222,1,3028912,liveuamap,699458,PPL,Novomykhailivka,Donets'k,655,Mar‹ns'kyi,21886,37.48298,47.85341,ADM3,1,0,1,0,0,0,0,0,0,0,0,0,0,0,0,1,0,0,0,0,0,0,0,0,0,,,46074
bert_20260228023827,387954,20260222,2,"3028913, 3028924",liveuamap,11151973,PPL,Stepove,Dnipropetrovs'k,650,Krynychans'kyi,19030,34.53593,48.44595,ADM3,1,0,1,0,0,0,0,0,0,0,0,0,0,0,0,1,0,0,0,0,0,0,0,0,0,,,46074
bert_20260228023827,192475,20260222,1,3028914,liveuamap,703656,PPLA2,Kupiansk,Kharkiv,1191,Kupians'ka,19188,37.61478,49.7108,ADM3,1,0,1,0,0,0,0,0,0,0,0,0,0,0,0,1,0,0,0,0,0,0,0,0,0,,,46074
bert_20260228023827,261577,20260222,1,3028915,liveuamap,707898,PPLA2,Hulyaypole,Zaporizhzhya,2730,Huliaipil's'kyi,14713,36.25322,47.66644,ADM3,1,0,1,0,0,0,0,0,0,0,0,0,0,0,0,1,0,0,0,0,0,0,0,0,0,,,46074
bert_20260228023827,250409,20260222,1,3028917,liveuamap,706483,PPLA,Kharkiv,Kharkiv,1191,Kharkivs'ka,17850,36.2312,49.99217,ADM3,1,0,1,0,0,0,0,0,0,0,0,0,0,0,0,1,0,0,0,0,0,0,0,0,0,,,46074
bert_20260228023827,197390,20260222,2,"3028918, 3028919",liveuamap,704204,PPL,Lyman,Donets'k,655,Krasnolymans'kyi,18941,37.82245,48.96409,ADM3,1,0,1,0,0,0,0,0,0,0,0,0,0,0,0,1,0,0,0,0,0,0,0,0,0,,,46074
bert_20260228023827,57751,20260222,1,3028921,liveuamap,693468,PPL,Sloviansk,Donets'k,655,Slovians'ka,34511,37.60582,48.85227,ADM3,1,0,1,0,0,0,0,0,0,0,0,0,0,0,0,1,0,0,0,0,0,0,0,0,0,,,46074
bert_20260228023827,208638,20260222,1,3028922,liveuamap,705104,PPL,Kostiantynivka,Donets'k,655,Kostiantynivs'ka,18738,37.69368,48.53467,ADM3,1,0,1,0,0,0,0,0,0,0,0,0,0,0,0,1,0,0,0,0,0,0,0,0,0,,,46074
bert_20260228023827,257488,20260222,1,3028923,liveuamap,707464,PPL,Ivanopillia,Donets'k,655,Kostiantynivs'kyi,18739,37.76439,48.47357,ADM3,1,0,1,0,0,0,0,0,0,0,0,0,0,0,0,1,0,0,0,0,0,0,0,0,0,,,46074
bert_20260228023827,50103,20260222,1,3028925,liveuamap,692248,PPL,Stepnohirsk,Zaporizhzhya,2730,Vasylivs'kyi,39200,35.36408,47.58871,ADM3,1,0,1,0,0,0,0,0,0,0,0,0,0,0,0,1,0,0,0,0,0,0,0,0,0,,,46074
bert_20260228023827,235354,20260222,1,3028926,liveuamap,706448,PPLA,Kherson,Kherson,1195,Khersons'ka,17890,32.61496,46.64032,ADM3,1,1,1,1,0,0,0,0,0,0,0,0,0,0,0,1,0,0,0,0,0,0,1,0,0,,,46074
bert_20260228023827,360552,20260222,1,3028927,liveuamap,8419787,PPL,Zakumske,Sumy,2356,Sums'kyi,35426,34.64912,50.95537,ADM2,1,1,1,1,0,0,0,0,0,0,0,0,0,0,1,1,0,0,0,0,0,0,1,0,0,,,46074
bert_20260228023827,154190,20260222,1,3034960,unian,702550,PPLA,Lviv,L'viv,1289,L'vivs'ka,19402,24.0299,49.83932,ADM3,0,0,0,0,0,0,1,0,0,0,0,0,0,0,0,0,0,0,0,1,0,0,0,1,0,,,46074
bert_20260228023827,154217,20260223,1,3041216,espreso,702550,PPLA,Lviv,L'viv,1289,L'vivs'ka,19402,24.0299,49.83932,ADM3,1,1,1,1,0,0,0,0,0,0,0,0,0,0,0,0,1,0,0,0,0,0,0,1,0,,,46075
bert_20260228023827,203665,20260223,1,3041217,espreso,704422,PPLA2,Pokrovsk,Donets'k,655,Krasnoarmiis'kyi,18918,37.1756,48.28035,ADM3,1,0,0,0,0,0,0,0,0,0,0,0,0,0,0,1,0,0,0,0,0,0,0,0,0,,,46075
bert_20260228023827,376841,20260223,1,3041218,espreso,9532052,PPL,Huliaipilske,Zaporizhzhya,2730,Huliaipil's'kyi,14713,36.06122,47.61272,ADM3,1,0,0,0,0,0,0,0,0,0,0,0,0,0,0,1,0,0,0,0,0,0,0,0,0,,,46075
bert_20260228023827,67854,20260223,1,3041219,espreso,693805,PPLA2,Simferopol,Crimea,579,Simferopol's'ka,34229,34.09941,44.95363,ADM3,1,1,1,0,1,0,0,0,1,0,0,0,0,1,0,0,0,1,0,1,0,0,0,0,0,,,46075
bert_20260228023827,371321,20260223,1,3041220,espreso,9114074,PPL,Druzhba,Donets'k,655,Kostiantynivs'kyi,18739,37.91028,48.41,ADM3,1,1,1,0,1,0,1,0,0,0,1,0,0,0,0,0,0,0,0,0,0,0,0,0,0,,,46075
bert_20260228023827,188632,20260223,2,"3041221, 3047494","espreso, unian",703448,PPLC,Kyiv,Kiev City,1210,Shevchenkivs'kyi,33738,30.52355,50.45044,ADM3,0,0,0,0,0,0,1,0,0,0,0,0,0,0,0,0,0,0,0,0,0,0,0,0,0,,,46075
bert_20260228023827,154208,20260223,1,3041222,espreso,702550,PPLA,Lviv,L'viv,1289,L'vivs'ka,19402,24.0299,49.83932,ADM3,0,0,0,0,0,1,1,0,0,0,0,0,1,0,0,0,0,0,0,1,0,0,0,1,0,,,46075
bert_20260228023827,154219,20260223,1,3041223,espreso,702550,PPLA,Lviv,L'viv,1289,L'vivs'ka,19402,24.0299,49.83932,ADM3,0,1,1,1,0,1,0,0,0,0,0,0,1,0,0,0,1,0,0,1,0,0,0,1,0,,,46075
bert_20260228023827,154211,20260223,1,3041224,espreso,702550,PPLA,Lviv,L'viv,1289,L'vivs'ka,19402,24.0299,49.83932,ADM3,0,0,1,0,0,1,0,0,0,0,0,0,0,0,0,0,1,0,0,1,0,0,0,1,0,,,46075
bert_20260228023827,154215,20260223,1,3041225,espreso,702550,PPLA,Lviv,L'viv,1289,L'vivs'ka,19402,24.0299,49.83932,ADM3,0,1,1,0,0,1,0,0,0,0,0,0,1,0,0,0,0,0,0,1,0,0,0,0,0,,,46075
bert_20260228023827,250412,20260223,1,3041226,espreso,706483,PPLA,Kharkiv,Kharkiv,1191,Kharkivs'ka,17850,36.2312,49.99217,ADM3,0,1,1,0,0,1,0,0,0,0,0,0,1,0,0,0,0,0,0,1,0,0,0,0,0,,,46075
bert_20260228023827,154218,20260223,1,3041227,espreso,702550,PPLA,Lviv,L'viv,1289,L'vivs'ka,19402,24.0299,49.83932,ADM3,0,1,1,1,0,1,0,0,0,0,0,0,0,0,0,0,1,0,0,1,0,0,0,1,0,,,46075
bert_20260228023827,154206,20260223,1,3041228,espreso,702550,PPLA,Lviv,L'viv,1289,L'vivs'ka,19402,24.0299,49.83932,ADM3,0,0,0,0,0,1,0,0,0,0,0,0,0,0,0,0,0,0,0,0,0,0,0,0,0,,,46075
bert_20260228023827,154209,20260223,2,"3041229, 3035150","espreso, liveuamap",702550,PPLA,Lviv,L'viv,1289,L'vivs'ka,19402,24.0299,49.83932,ADM3,0,0,0,0,0,1,1,0,0,0,0,0,1,0,0,0,1,0,0,1,0,0,0,1,0,,,46075
bert_20260228023827,217170,20260223,1,3041230,espreso,705183,PPL,Slobozhans'ke,Kharkiv,1191,Zmiïvs'kyi,41407,36.50512,49.61494,ADM1,0,0,0,0,0,1,1,0,0,0,0,0,1,0,0,0,1,0,0,1,0,0,0,1,0,,,46075
bert_20260228023827,131272,20260223,2,"3041231, 3047511","espreso, unian",700569,PPLA,Mykolayiv,Mykolayiv,1628,Mykola‹vs'ka,24267,31.99381,46.97557,ADM3,1,0,0,0,0,0,1,0,0,0,0,0,0,0,0,0,1,0,0,1,0,0,0,1,0,,,46075
bert_20260228023827,203668,20260223,1,3041232,espreso,704422,PPLA2,Pokrovsk,Donets'k,655,Krasnoarmiis'kyi,18918,37.1756,48.28035,ADM3,1,1,1,1,0,0,0,0,0,0,0,0,0,0,0,1,0,0,0,0,0,0,1,0,0,,,46075
bert_20260228023827,287245,20260223,1,3041421,liga,709930,PPLA,Dnipro,Dnipropetrovs'k,650,Dnipropetrovs'ka,9966,35.04618,48.46472,ADM3,1,1,0,0,0,0,0,0,0,0,0,0,0,0,0,0,1,0,0,1,0,0,0,1,0,,,46075
bert_20260228023827,131274,20260223,1,3041422,liga,700569,PPLA,Mykolayiv,Mykolayiv,1628,Mykola‹vs'ka,24267,31.99381,46.97557,ADM3,1,1,0,1,0,0,0,0,0,0,0,0,0,0,0,0,1,0,0,1,0,0,0,1,0,,,46075
bert_20260228023827,154216,20260223,1,3041423,liga,702550,PPLA,Lviv,L'viv,1289,L'vivs'ka,19402,24.0299,49.83932,ADM3,0,1,1,1,0,0,0,0,0,0,0,0,1,0,0,0,1,0,0,1,0,0,0,1,0,,,46075
bert_20260228023827,188631,20260223,2,"3041424, 3047490","liga, unian",703448,PPLC,Kyiv,Kiev City,1210,Shevchenkivs'kyi,33738,30.52355,50.45044,ADM3,0,0,0,0,0,0,0,0,0,0,0,0,0,0,0,0,0,0,0,0,0,0,0,0,0,,,46075
bert_20260228023827,188635,20260223,1,3041425,liga,703448,PPLC,Kyiv,Kiev City,1210,Shevchenkivs'kyi,33738,30.52355,50.45044,ADM3,0,1,1,0,0,1,0,0,0,0,0,0,1,0,0,0,0,0,0,0,0,0,0,0,0,,,46075
bert_20260228023827,154214,20260223,2,"3041426, 3041209","liga, unian",702550,PPLA,Lviv,L'viv,1289,L'vivs'ka,19402,24.0299,49.83932,ADM3,0,0,1,0,0,1,1,0,0,0,0,0,1,0,0,0,1,0,0,1,0,0,0,1,0,,,46075
bert_20260228023827,287243,20260223,1,3041427,liga,709930,PPLA,Dnipro,Dnipropetrovs'k,650,Dnipropetrovs'ka,9966,35.04618,48.46472,ADM3,1,0,0,0,0,1,0,0,0,0,0,0,0,0,0,0,0,0,0,1,0,0,0,1,0,,,46075
bert_20260228023827,287244,20260223,1,3041428,liga,709930,PPLA,Dnipro,Dnipropetrovs'k,650,Dnipropetrovs'ka,9966,35.04618,48.46472,ADM3,0,0,0,0,0,1,1,0,0,0,0,0,1,0,0,0,0,0,0,0,0,0,0,0,0,,,46075
bert_20260228023827,377093,20260223,1,3041429,liga,9644142,PPLX,Shyrokyi,Donets'k,655,Donets'ka,10139,37.75444,47.97393,ADM3,1,1,0,0,0,0,1,0,0,0,0,0,0,0,0,0,0,0,0,0,0,0,0,0,0,,,46075
bert_20260228023827,143793,20260223,1,3041430,liga,701822,PPL,Mariupol,Donets'k,655,Mariupol's'ka,22073,37.54144,47.0967,ADM3,1,1,1,0,0,1,0,0,0,0,0,0,0,0,0,0,0,0,0,0,0,0,0,0,0,,,46075
bert_20260228023827,371319,20260223,1,3047491,unian,9114074,PPL,Druzhba,Donets'k,655,Kostiantynivs'kyi,18739,37.91028,48.41,ADM3,1,1,1,0,0,0,0,0,0,0,1,0,0,0,0,0,0,1,0,1,0,0,0,0,0,,,46075
bert_20260228023827,154205,20260223,1,3047492,unian,702550,PPLA,Lviv,L'viv,1289,L'vivs'ka,19402,24.0299,49.83932,ADM3,0,0,0,0,0,0,0,0,0,0,0,0,0,0,0,0,0,0,0,0,0,0,0,0,0,,,46075
bert_20260228023827,319057,20260223,1,3047493,unian,712609,PPL,Bilka,Odessa,1800,Ivanivs'kyi,15842,30.40579,46.90822,ADM1,1,1,0,1,0,0,0,0,0,0,1,0,0,0,0,0,0,0,0,1,0,0,0,1,0,,,46075
bert_20260228023827,319056,20260223,1,3047495,unian,712609,PPL,Bilka,Odessa,1800,Ivanivs'kyi,15842,30.40579,46.90822,ADM1,0,0,0,0,0,1,1,0,0,0,0,0,0,0,0,0,0,0,0,0,0,0,0,0,0,,,46075
bert_20260228023827,203666,20260223,1,3047496,unian,704422,PPLA2,Pokrovsk,Donets'k,655,Krasnoarmiis'kyi,18918,37.1756,48.28035,ADM3,0,0,1,0,0,0,0,0,0,0,0,0,0,0,1,0,0,0,0,0,0,0,0,0,0,,,46075
bert_20260228023827,19469,20260223,1,3047497,unian,687700,PPLA,Zaporizhzhya,Zaporizhzhya,2730,Zaporiz'ka,41153,35.13885,47.83831,ADM3,1,1,1,1,0,0,0,0,0,0,0,0,0,1,1,1,0,0,1,1,0,0,1,0,0,,,46075
bert_20260228023827,154213,20260223,1,3047498,unian,702550,PPLA,Lviv,L'viv,1289,L'vivs'ka,19402,24.0299,49.83932,ADM3,1,0,1,0,0,1,0,0,0,0,0,0,0,0,0,0,1,0,0,1,0,0,1,1,0,,,46075
bert_20260228023827,373710,20260223,1,3047499,unian,9114542,PPL,Novyi,Luhans'k,1405,Krasnoluts'ka,18939,38.59081,48.49995,ADM3,0,1,1,1,0,0,1,0,0,0,0,0,0,0,0,0,0,0,0,0,0,0,0,0,0,,,46075
bert_20260228023827,371320,20260223,1,3047500,unian,9114074,PPL,Druzhba,Donets'k,655,Kostiantynivs'kyi,18739,37.91028,48.41,ADM3,0,1,1,0,0,0,1,0,0,0,0,0,0,0,0,0,0,0,0,0,0,0,0,0,0,,,46075
bert_20260228023827,154210,20260223,1,3047501,unian,702550,PPLA,Lviv,L'viv,1289,L'vivs'ka,19402,24.0299,49.83932,ADM3,1,0,1,0,0,0,0,0,0,0,0,0,0,0,0,0,0,0,0,0,0,0,0,0,0,,,46075
bert_20260228023827,345606,20260223,1,3047502,unian,805500,PPL,Voronyne,Sumy,2356,Bilopils'kyi,4621,34.12376,51.10624,ADM1,1,1,1,0,0,0,0,0,0,0,0,0,0,0,1,0,0,0,0,0,0,0,0,0,0,,,46075
bert_20260228023827,82463,20260223,1,3047503,unian,695094,PPLX,Ruttschenkowo,Donets'k,655,Donets'ka,10139,37.67529,47.95508,ADM1,1,1,1,0,0,0,0,0,0,0,0,0,0,0,1,0,0,0,0,0,0,0,0,0,0,,,46075
bert_20260228023827,19470,20260223,1,3047504,unian,687700,PPLA,Zaporizhzhya,Zaporizhzhya,2730,Zaporiz'ka,41153,35.13885,47.83831,ADM3,1,1,1,1,1,0,0,0,0,0,0,0,0,0,1,0,0,0,1,0,0,0,1,0,0,,,46075
bert_20260228023827,287242,20260223,1,3047505,unian,709930,PPLA,Dnipro,Dnipropetrovs'k,650,Dnipropetrovs'ka,9966,35.04618,48.46472,ADM3,0,0,0,0,0,1,0,0,0,0,0,0,0,0,0,0,1,0,0,0,0,0,0,1,0,,,46075
bert_20260228023827,124692,20260223,1,3047506,unian,700519,PPL,Nadiia,Odessa,1800,Rozdil'nias'kyi,30835,30.06301,46.96279,ADM3,1,0,1,0,1,0,0,0,0,0,0,0,0,0,1,0,0,0,0,0,0,0,0,0,0,,,46075
bert_20260228023827,154212,20260223,2,"3047507, 3047513",unian,702550,PPLA,Lviv,L'viv,1289,L'vivs'ka,19402,24.0299,49.83932,ADM3,0,0,1,0,0,1,0,0,0,0,0,0,1,0,0,0,1,0,0,1,0,0,0,1,0,,,46075
bert_20260228023827,287977,20260223,1,3047508,unian,710035,PPLA2,Myrnohrad,Donets'k,655,Krasnoarmiis'ka,18917,37.2591,48.30791,ADM3,1,1,1,1,0,0,0,0,0,0,1,0,0,0,0,0,0,0,0,0,0,0,0,0,0,,,46075
bert_20260228023827,119913,20260223,1,3047509,unian,699751,PPL,Novgorodskoye,Donets'k,655,Dzerzhyns'ka,10511,37.83659,48.33202,ADM3,0,0,0,0,0,0,1,0,0,0,0,0,0,0,0,0,0,0,0,0,0,0,0,0,0,,,46075
bert_20260228023827,373709,20260223,1,3047510,unian,9114542,PPL,Novyi,Luhans'k,1405,Krasnoluts'ka,18939,38.59081,48.49995,ADM3,1,0,0,0,0,0,1,0,0,0,0,0,0,0,0,0,1,0,0,1,0,0,0,1,0,,,46075
bert_20260228023827,131273,20260223,1,3047512,unian,700569,PPLA,Mykolayiv,Mykolayiv,1628,Mykola‹vs'ka,24267,31.99381,46.97557,ADM3,0,0,0,0,0,1,1,0,0,0,0,0,0,0,0,0,1,1,0,1,0,0,0,1,0,,,46075
bert_20260228023827,19468,20260223,1,3035144,liga,687700,PPLA,Zaporizhzhya,Zaporizhzhya,2730,Zaporiz'ka,41153,35.13885,47.83831,ADM3,1,1,1,1,0,0,0,0,0,0,0,0,0,0,1,0,0,0,1,0,0,0,0,0,0,,,46075
bert_20260228023827,250413,20260223,1,3035145,liga,706483,PPLA,Kharkiv,Kharkiv,1191,Kharkivs'ka,17850,36.2312,49.99217,ADM3,1,1,1,1,0,0,0,0,0,0,0,0,0,0,1,0,0,0,1,0,0,0,0,0,0,,,46075
bert_20260228023827,19467,20260223,1,3035146,liveuamap,687700,PPLA,Zaporizhzhya,Zaporizhzhya,2730,Zaporiz'ka,41153,35.13885,47.83831,ADM3,1,1,1,0,1,0,0,1,0,0,1,0,0,0,0,0,0,1,0,1,0,0,0,0,0,,,46075
bert_20260228023827,371318,20260223,1,3035147,liveuamap,9114074,PPL,Druzhba,Donets'k,655,Kostiantynivs'kyi,18739,37.91028,48.41,ADM3,0,0,1,0,0,0,1,0,0,0,0,0,0,0,0,0,0,0,0,0,0,0,0,0,0,,,46075
bert_20260228023827,188633,20260223,1,3035148,liveuamap,703448,PPLC,Kyiv,Kiev City,1210,Shevchenkivs'kyi,33738,30.52355,50.45044,ADM3,0,0,1,0,0,0,1,0,0,0,0,0,0,0,0,0,0,0,0,0,0,0,0,0,0,,,46075
bert_20260228023827,554,20260223,1,3035149,liveuamap,686729,PPLA2,Vasylivka,Zaporizhzhya,2730,Vasylivs'kyi,39200,35.28312,47.44211,ADM3,1,1,1,1,0,0,0,0,0,0,0,0,0,1,1,0,0,0,1,1,0,0,0,0,0,,,46075
bert_20260228023827,82464,20260223,1,3035151,liveuamap,695094,PPLX,Ruttschenkowo,Donets'k,655,Donets'ka,10139,37.67529,47.95508,ADM1,1,1,1,0,1,0,0,1,0,0,1,0,0,0,0,0,0,1,0,1,0,0,0,0,0,,,46075
bert_20260228023827,19466,20260223,1,3035152,liveuamap,687700,PPLA,Zaporizhzhya,Zaporizhzhya,2730,Zaporiz'ka,41153,35.13885,47.83831,ADM3,1,1,1,0,0,0,0,0,0,0,0,0,0,0,1,0,0,0,1,1,0,0,0,1,0,,,46075
bert_20260228023827,393707,20260223,1,3035153,liveuamap,11777953,PPL,Deremezna,Kiev,1209,Obukhivs'kyi,26204,30.47662,50.02393,ADM1,1,1,0,1,0,0,0,0,0,0,0,0,0,1,0,0,0,0,0,1,0,0,0,1,0,,,46075
bert_20260228023827,203667,20260223,1,3035154,liveuamap,704422,PPLA2,Pokrovsk,Donets'k,655,Krasnoarmiis'kyi,18918,37.1756,48.28035,ADM3,1,1,1,1,0,0,0,0,0,0,0,0,0,0,0,1,0,0,0,0,0,0,0,0,0,,,46075
bert_20260228023827,208639,20260223,1,3035156,liveuamap,705104,PPL,Kostiantynivka,Donets'k,655,Kostiantynivs'ka,18738,37.69368,48.53467,ADM3,1,1,1,1,0,0,0,0,0,0,0,0,0,0,0,1,0,0,0,0,0,0,0,0,0,,,46075
bert_20260228023827,257489,20260223,1,3035157,liveuamap,707464,PPL,Ivanopillia,Donets'k,655,Kostiantynivs'kyi,18739,37.76439,48.47357,ADM3,1,1,1,1,0,0,0,0,0,0,0,0,0,0,0,1,0,0,0,0,0,0,0,0,0,,,46075
bert_20260228023827,83537,20260223,1,3035158,liveuamap,695306,PPL,Rozivka,Zaporizhzhya,2730,Chernihivs'kyi,7661,36.16835,47.06462,ADM3,1,1,1,1,0,0,0,0,1,0,0,0,0,0,0,0,0,0,0,0,0,0,0,0,0,,,46075
bert_20260228023827,304255,20260223,1,3035159,liveuamap,710791,PPLA,Cherkasy,Cherkasy,497,Cherkas'ka,7654,32.06194,49.41517,ADM3,1,1,1,1,0,0,0,0,1,0,0,0,0,0,0,0,0,0,0,0,0,0,0,0,0,,,46075
bert_20260228023827,376842,20260223,1,3035160,liveuamap,9532052,PPL,Huliaipilske,Zaporizhzhya,2730,Huliaipil's'kyi,14713,36.06122,47.61272,ADM3,1,1,1,1,0,0,0,0,1,0,0,0,0,0,0,0,0,0,0,0,0,0,0,0,0,,,46075
bert_20260228023827,162558,20260223,1,3035161,liveuamap,703157,PPL,Luhivske,Zaporizhzhya,2730,Orikhivs'kyi,26748,36.03653,47.52548,ADM3,1,1,1,1,0,0,0,0,1,0,0,0,0,0,0,0,0,0,0,0,0,0,0,0,0,,,46075
bert_20260228023827,304934,20260223,1,3035162,liveuamap,710925,PPL,Charivne,Zaporizhzhya,2730,Orikhivs'kyi,26748,36.03595,47.58161,ADM3,1,1,1,1,0,0,0,0,1,0,0,0,0,0,0,0,0,0,0,0,0,0,0,0,0,,,46075
bert_20260228023827,252916,20260223,1,3035163,liveuamap,706941,PPL,Komyshuvakha,Zaporizhzhya,2730,Orikhivs'kyi,26748,35.52466,47.71952,ADM3,1,1,1,1,0,0,0,0,1,0,0,0,0,0,0,0,0,0,0,0,0,0,0,0,0,,,46075
bert_20260228023827,365369,20260223,1,3035164,liveuamap,9112378,PPL,Novoandriivka,Donets'k,655,Krasnoarmiis'kyi,18918,37.04123,48.10791,ADM3,1,1,1,1,0,0,0,0,1,0,0,0,0,0,0,0,0,0,0,0,0,0,0,0,0,,,46075
bert_20260228023827,355005,20260223,1,3035165,liveuamap,829795,PPL,Kirove,Zaporizhzhya,2730,Orikhivs'kyi,26748,35.69274,47.65945,ADM3,1,1,1,1,0,0,0,0,1,0,0,0,0,0,0,0,0,0,0,0,0,0,0,0,0,,,46075
bert_20260228023827,119017,20260223,1,3035166,liveuamap,699722,PPL,Novooleksandrivka,Luhans'k,1405,Krasnodons'kyi,18925,39.627,48.26706,ADM3,1,1,1,1,0,0,0,0,1,0,0,0,0,0,0,0,0,0,0,0,0,0,0,0,0,,,46075
bert_20260228023827,57752,20260223,1,3035167,liveuamap,693468,PPL,Sloviansk,Donets'k,655,Slovians'ka,34511,37.60582,48.85227,ADM3,1,0,1,0,0,0,0,0,0,0,1,0,0,0,0,1,0,0,0,0,0,0,0,0,0,,,46075
bert_20260228023827,19465,20260223,1,3035168,liveuamap,687700,PPLA,Zaporizhzhya,Zaporizhzhya,2730,Zaporiz'ka,41153,35.13885,47.83831,ADM3,1,0,1,1,0,0,0,0,0,0,0,0,0,0,0,1,0,0,0,0,0,0,0,0,0,,,46075
bert_20260228023827,261578,20260223,1,3035169,liveuamap,707898,PPLA2,Hulyaypole,Zaporizhzhya,2730,Huliaipil's'kyi,14713,36.25322,47.66644,ADM3,1,0,1,0,0,0,0,0,0,0,0,0,0,0,0,1,0,0,0,0,0,0,0,0,0,,,46075
bert_20260228023827,192476,20260223,1,3035171,liveuamap,703656,PPLA2,Kupiansk,Kharkiv,1191,Kupians'ka,19188,37.61478,49.7108,ADM3,1,0,1,0,0,0,0,0,0,0,0,0,0,0,0,1,0,0,0,0,0,0,0,0,0,,,46075
bert_20260228023827,197391,20260223,1,3035172,liveuamap,704204,PPL,Lyman,Donets'k,655,Krasnolymans'kyi,18941,37.82245,48.96409,ADM3,1,0,1,0,0,0,0,0,0,0,0,0,0,0,0,1,0,0,0,0,0,0,0,0,0,,,46075
bert_20260228023827,360553,20260223,1,3035173,liveuamap,8419787,PPL,Zakumske,Sumy,2356,Sums'kyi,35426,34.64912,50.95537,ADM2,1,1,1,1,0,0,0,0,0,0,0,0,0,0,1,0,0,0,0,0,0,0,0,0,0,,,46075
bert_20260228023827,188634,20260223,1,3035174,liveuamap,703448,PPLC,Kyiv,Kiev City,1210,Shevchenkivs'kyi,33738,30.52355,50.45044,ADM3,1,1,0,1,0,0,0,0,0,0,0,0,0,1,0,0,0,0,0,1,0,0,0,1,0,,,46075
bert_20260228023827,131271,20260223,1,3035175,liveuamap,700569,PPLA,Mykolayiv,Mykolayiv,1628,Mykola‹vs'ka,24267,31.99381,46.97557,ADM3,1,0,0,0,0,0,0,0,0,0,0,0,0,0,0,0,1,0,0,0,0,0,0,0,0,,,46075
bert_20260228023827,188636,20260223,2,"3035176, 3035181",liveuamap,703448,PPLC,Kyiv,Kiev City,1210,Shevchenkivs'kyi,33738,30.52355,50.45044,ADM3,1,1,1,1,0,0,0,0,0,0,0,0,0,1,0,0,0,0,0,1,0,0,0,1,0,,,46075
bert_20260228023827,154207,20260223,1,3035177,liveuamap,702550,PPLA,Lviv,L'viv,1289,L'vivs'ka,19402,24.0299,49.83932,ADM3,1,0,0,0,0,1,0,0,0,0,0,0,0,0,0,0,1,0,0,1,0,0,0,1,0,,,46075
bert_20260228023827,188638,20260223,1,3035178,liveuamap,703448,PPLC,Kyiv,Kiev City,1210,Shevchenkivs'kyi,33738,30.52355,50.45044,ADM3,1,1,1,1,0,0,0,1,1,0,0,0,0,1,0,0,0,0,0,1,0,0,0,1,0,,,46075
bert_20260228023827,188637,20260223,2,"3035179, 3035183",liveuamap,703448,PPLC,Kyiv,Kiev City,1210,Shevchenkivs'kyi,33738,30.52355,50.45044,ADM3,1,1,1,1,0,0,0,1,0,0,0,0,0,1,0,0,0,0,0,1,0,0,0,1,0,,,46075
bert_20260228023827,221276,20260223,1,3035180,liveuamap,705812,PPLA,Kropyvnytskyy,Kirovohrad,1222,Kirovohrads'kyi,18226,32.26637,48.51036,ADM3,1,0,0,0,1,0,0,0,0,0,0,0,0,0,0,0,1,0,0,0,0,0,0,0,0,,,46075
bert_20260228023827,157842,20260223,1,3035182,liveuamap,702658,PPLA,Luhansk,Luhans'k,1405,Luhans'ka,20910,39.30771,48.5739,ADM3,1,0,0,0,0,0,1,0,0,0,0,0,0,0,0,0,1,0,0,1,0,0,0,0,0,,,46075
bert_20260228023827,67853,20260223,1,3041210,unian,693805,PPLA2,Simferopol,Crimea,579,Simferopol's'ka,34229,34.09941,44.95363,ADM3,0,1,1,0,0,0,0,0,0,0,0,0,1,0,0,0,0,0,0,0,0,0,0,0,0,,,46075
bert_20260228023827,205899,20260223,1,3041211,unian,704568,PPL,Kozerohy,Chernihiv,498,Chernihivs'kyi,7661,31.0412,51.30626,ADM3,0,0,0,0,0,0,1,0,0,0,0,0,0,0,0,0,0,0,0,0,0,0,0,0,0,,,46075
bert_20260228023827,250411,20260223,1,3041212,unian,706483,PPLA,Kharkiv,Kharkiv,1191,Kharkivs'ka,17850,36.2312,49.99217,ADM3,0,1,0,0,0,0,0,0,0,0,0,0,0,0,0,0,0,0,1,1,0,1,0,0,0,,,46075
bert_20260228023827,188641,20260224,1,3053850,espreso,703448,PPLC,Kyiv,Kiev City,1210,Shevchenkivs'kyi,33738,30.52355,50.45044,ADM3,0,0,1,0,0,0,0,0,0,0,0,0,0,0,0,0,0,0,0,0,0,0,0,0,0,,,46076
bert_20260228023827,154223,20260224,1,3047531,espreso,702550,PPLA,Lviv,L'viv,1289,L'vivs'ka,19402,24.0299,49.83932,ADM3,1,1,1,1,0,0,0,0,0,0,0,0,0,0,1,0,0,0,0,0,0,0,0,0,0,,,46076
bert_20260228023827,131277,20260224,1,3047532,espreso,700569,PPLA,Mykolayiv,Mykolayiv,1628,Mykola‹vs'ka,24267,31.99381,46.97557,ADM3,1,1,1,1,0,0,0,0,0,0,0,0,0,0,1,0,0,0,0,0,0,0,0,0,0,,,46076
bert_20260228023827,203671,20260224,1,3047533,espreso,704422,PPLA2,Pokrovsk,Donets'k,655,Krasnoarmiis'kyi,18918,37.1756,48.28035,ADM3,0,1,1,0,0,0,1,0,0,0,0,0,0,0,0,0,0,0,0,0,0,0,0,0,0,,,46076
bert_20260228023827,188648,20260224,1,3047534,espreso,703448,PPLC,Kyiv,Kiev City,1210,Shevchenkivs'kyi,33738,30.52355,50.45044,ADM3,1,1,1,1,0,0,0,0,0,0,0,0,0,0,0,0,0,0,0,0,0,0,0,0,0,,,46076
bert_20260228023827,219275,20260224,1,3047535,espreso,705760,PPL,Kyslytsya,Odessa,1800,Izma‹l's'ka,15941,29.04433,45.41469,ADM3,1,1,1,0,1,0,0,1,0,0,1,0,0,1,0,0,0,0,0,0,0,0,0,0,0,,,46076
bert_20260228023827,154221,20260224,1,3047536,espreso,702550,PPLA,Lviv,L'viv,1289,L'vivs'ka,19402,24.0299,49.83932,ADM3,1,1,0,1,0,0,0,0,0,0,0,0,0,0,0,0,0,0,0,1,0,0,0,1,0,,,46076
bert_20260228023827,131276,20260224,1,3047537,espreso,700569,PPLA,Mykolayiv,Mykolayiv,1628,Mykola‹vs'ka,24267,31.99381,46.97557,ADM3,1,1,0,1,0,0,0,0,0,0,0,0,0,0,0,0,0,0,0,1,0,0,0,1,0,,,46076
bert_20260228023827,287250,20260224,1,3047538,espreso,709930,PPLA,Dnipro,Dnipropetrovs'k,650,Dnipropetrovs'ka,9966,35.04618,48.46472,ADM3,1,1,0,1,0,0,0,0,0,0,0,0,0,0,0,0,0,0,0,1,0,0,0,1,0,,,46076
bert_20260228023827,188643,20260224,1,3047539,espreso,703448,PPLC,Kyiv,Kiev City,1210,Shevchenkivs'kyi,33738,30.52355,50.45044,ADM3,1,0,1,0,1,0,0,0,0,0,0,0,0,0,0,0,0,0,0,0,0,0,0,0,0,,,46076
bert_20260228023827,203672,20260224,1,3047540,espreso,704422,PPLA2,Pokrovsk,Donets'k,655,Krasnoarmiis'kyi,18918,37.1756,48.28035,ADM3,1,1,1,1,0,0,0,0,0,0,0,0,0,0,0,0,0,0,0,0,0,0,0,0,0,,,46076
bert_20260228023827,371323,20260224,1,3047736,liga,9114074,PPL,Druzhba,Donets'k,655,Kostiantynivs'kyi,18739,37.91028,48.41,ADM3,1,1,1,0,1,0,0,0,0,0,0,0,0,0,0,0,0,0,0,1,0,0,0,1,0,,,46076
bert_20260228023827,371322,20260224,1,3047737,liga,9114074,PPL,Druzhba,Donets'k,655,Kostiantynivs'kyi,18739,37.91028,48.41,ADM3,0,0,0,0,0,0,0,0,0,0,0,0,0,0,0,0,0,0,0,0,0,0,0,0,0,,,46076
bert_20260228023827,89742,20260224,1,3047738,liga,696032,PPLA2,Pustomyty,L'viv,1289,Pustomytivs'kyi,29580,23.91674,49.71749,ADM1,0,0,1,0,0,1,0,0,0,0,0,0,1,0,0,0,0,0,0,0,0,0,0,0,0,,,46076
bert_20260228023827,19471,20260224,1,3047739,liga,687700,PPLA,Zaporizhzhya,Zaporizhzhya,2730,Zaporiz'ka,41153,35.13885,47.83831,ADM3,1,0,1,0,0,0,0,0,0,0,0,0,0,0,0,0,0,0,0,0,0,0,0,0,0,,,46076
bert_20260228023827,377094,20260224,1,3047740,liga,9644142,PPLX,Shyrokyi,Donets'k,655,Donets'ka,10139,37.75444,47.97393,ADM3,0,1,1,0,0,0,1,0,0,0,0,0,0,0,0,0,0,0,0,0,0,0,0,0,0,,,46076
bert_20260228023827,219273,20260224,1,3047741,liga,705760,PPL,Kyslytsya,Odessa,1800,Izma‹l's'ka,15941,29.04433,45.41469,ADM3,1,0,0,0,0,0,1,0,0,0,0,0,0,0,0,0,0,0,0,0,0,0,0,0,0,,,46076
bert_20260228023827,188640,20260224,1,3047742,liga,703448,PPLC,Kyiv,Kiev City,1210,Shevchenkivs'kyi,33738,30.52355,50.45044,ADM3,1,0,0,0,0,0,1,0,0,0,0,0,0,0,0,0,0,0,0,0,0,0,0,0,0,,,46076
bert_20260228023827,188644,20260224,1,3047743,liga,703448,PPLC,Kyiv,Kiev City,1210,Shevchenkivs'kyi,33738,30.52885,50.44488,ADM3,0,1,0,0,0,0,1,0,0,0,0,0,0,0,0,0,0,0,0,1,0,0,0,0,0,,,46076
bert_20260228023827,287246,20260224,1,3053811,unian,709930,PPLA,Dnipro,Dnipropetrovs'k,650,Dnipropetrovs'ka,9966,35.04618,48.46472,ADM3,0,0,0,0,0,0,0,0,0,0,0,0,0,0,0,0,0,0,0,0,0,0,0,0,0,,,46076
bert_20260228023827,287247,20260224,1,3053812,unian,709930,PPLA,Dnipro,Dnipropetrovs'k,650,Dnipropetrovs'ka,9966,35.04618,48.46472,ADM3,0,0,0,0,0,0,1,0,0,0,0,0,0,0,0,0,0,0,0,0,0,0,0,0,0,,,46076
bert_20260228023827,154222,20260224,1,3053813,unian,702550,PPLA,Lviv,L'viv,1289,L'vivs'ka,19402,24.0299,49.83932,ADM3,1,1,1,1,0,0,0,0,0,0,0,0,0,0,0,0,0,0,0,0,0,0,0,0,0,,,46076
bert_20260228023827,319058,20260224,1,3053814,unian,712609,PPL,Bilka,Odessa,1800,Ivanivs'kyi,15842,30.40579,46.90822,ADM1,0,0,0,0,0,0,1,0,0,0,0,0,0,0,0,0,0,0,0,0,0,0,0,0,0,,,46076
bert_20260228023827,188645,20260224,1,3053815,unian,703448,PPLC,Kyiv,Kiev City,1210,Shevchenkivs'kyi,33738,30.52355,50.45044,ADM3,1,1,1,0,0,0,0,0,0,0,0,0,0,0,0,0,0,0,0,0,0,0,0,0,0,,,46076
bert_20260228023827,188647,20260224,1,3053816,unian,703448,PPLC,Kyiv,Kiev City,1210,Shevchenkivs'kyi,33738,30.52355,50.45044,ADM3,0,1,1,1,0,0,0,0,0,0,0,0,0,0,0,0,0,0,0,0,0,0,0,1,0,,,46076
bert_20260228023827,188642,20260224,1,3053817,unian,703448,PPLC,Kyiv,Kiev City,1210,Shevchenkivs'kyi,33738,30.52716,50.44856,ADM3,0,0,1,0,0,0,1,0,0,0,0,0,0,0,0,0,0,0,0,0,0,0,0,0,0,,,46076
bert_20260228023827,154220,20260224,1,3053818,unian,702550,PPLA,Lviv,L'viv,1289,L'vivs'ka,19402,24.0299,49.83932,ADM3,1,0,1,0,0,0,1,0,0,0,0,0,0,0,0,0,0,0,0,0,0,0,0,0,0,,,46076
bert_20260228023827,319059,20260224,1,3053819,unian,712609,PPL,Bilka,Odessa,1800,Ivanivs'kyi,15842,30.40579,46.90822,ADM1,0,0,1,0,0,1,0,0,0,0,0,0,0,0,0,0,0,0,0,0,0,0,0,0,0,,,46076
bert_20260228023827,262987,20260224,1,3053820,unian,708251,PPL,Hostomel,Kiev,1209,Kyievo-Sviatoshyns'kyi,19355,30.26485,50.58026,STREET,1,1,1,1,1,0,0,0,0,0,0,0,0,0,0,0,0,0,0,0,0,0,0,0,0,,,46076
bert_20260228023827,219274,20260224,1,3053821,unian,705760,PPL,Kyslytsya,Odessa,1800,Izma‹l's'ka,15941,29.04433,45.41469,ADM3,1,1,1,0,0,0,0,0,0,0,0,0,0,0,0,0,0,0,0,0,0,0,0,0,0,,,46076
bert_20260228023827,49234,20260224,1,3053822,unian,692194,PPLA,Sumy,Sumy,2356,Sums'ka,35425,34.80276,50.91198,ADM3,0,0,0,0,0,1,1,0,0,0,0,0,0,0,0,0,0,0,0,0,0,0,0,0,0,,,46076
bert_20260228023827,82465,20260224,1,3053823,unian,695094,PPLX,Ruttschenkowo,Donets'k,655,Donets'ka,10139,37.67529,47.95508,ADM1,0,0,0,0,0,0,1,0,0,0,0,0,0,0,0,0,0,0,0,0,0,0,0,0,0,,,46076
bert_20260228023827,19474,20260224,1,3041233,espreso,687700,PPLA,Zaporizhzhya,Zaporizhzhya,2730,Zaporiz'ka,41153,35.13885,47.83831,ADM3,1,1,0,1,0,0,0,0,0,0,1,0,0,0,0,0,0,0,0,1,0,0,0,1,0,,,46076
bert_20260228023827,188646,20260224,1,3041431,liga,703448,PPLC,Kyiv,Kiev City,1210,Shevchenkivs'kyi,33738,30.52355,50.45044,ADM3,0,1,1,0,0,0,1,0,0,0,0,0,0,0,0,0,0,0,0,0,0,0,0,0,0,,,46076
bert_20260228023827,19475,20260224,1,3041432,liga,687700,PPLA,Zaporizhzhya,Zaporizhzhya,2730,Zaporiz'ka,41153,35.13885,47.83831,ADM3,1,1,1,1,0,0,0,0,0,0,1,0,0,0,0,0,0,0,0,1,0,0,0,1,0,,,46076
bert_20260228023827,143794,20260224,1,3041433,liga,701822,PPL,Mariupol,Donets'k,655,Mariupol's'ka,22073,37.54144,47.0967,ADM3,1,1,1,0,0,1,0,0,0,0,0,0,0,0,0,0,0,0,0,0,0,0,0,0,0,,,46076
bert_20260228023827,287249,20260224,1,3041434,liveuamap,709930,PPLA,Dnipro,Dnipropetrovs'k,650,Dnipropetrovs'ka,9966,35.04618,48.46472,ADM3,0,0,1,0,0,1,0,0,0,0,0,0,0,0,0,0,1,0,0,1,0,0,0,0,0,,,46076
bert_20260228023827,356366,20260224,1,3041435,liveuamap,6724778,PPL,Borysivka,Kharkiv,1191,Kharkivs'kyi,17851,36.56194,50.27528,ADM3,1,0,1,0,0,0,0,0,0,0,0,0,0,0,0,0,0,0,0,1,0,0,0,0,0,,,46076
bert_20260228023827,112488,20260224,2,"3041436, 3041473",liveuamap,698740,PPLA,Odessa,Odessa,1800,Odes'ka,26260,30.73169,46.48421,ADM3,1,1,1,1,0,0,0,0,0,0,0,0,0,1,0,0,0,0,0,1,0,0,0,1,0,,,46076
bert_20260228023827,131275,20260224,1,3041437,liveuamap,700569,PPLA,Mykolayiv,Mykolayiv,1628,Mykola‹vs'ka,24267,31.99381,46.97557,ADM3,0,0,0,0,0,1,1,0,0,0,0,0,0,0,0,0,1,0,0,1,0,0,0,1,0,,,46076
bert_20260228023827,103028,20260224,1,3041438,liveuamap,698428,PPLA2,Orikhiv,Zaporizhzhya,2730,Orikhivs'kyi,26748,35.77773,47.56947,ADM3,1,1,0,1,0,0,0,0,0,0,1,0,0,0,0,0,0,0,0,0,0,0,0,1,0,,,46076
bert_20260228023827,19473,20260224,1,3041439,liveuamap,687700,PPLA,Zaporizhzhya,Zaporizhzhya,2730,Zaporiz'ka,41153,35.13885,47.83831,ADM3,1,1,0,1,0,0,0,0,0,0,1,0,0,0,0,0,0,0,0,0,0,0,0,1,0,,,46076
bert_20260228023827,275163,20260224,1,3041440,liveuamap,709717,PPLA,Donetsk,Donets'k,655,Donets'ka,10139,37.80285,48.01588,ADM3,1,1,0,1,0,0,0,0,0,0,1,0,0,1,0,0,0,0,0,1,0,0,0,1,0,,,46076
bert_20260228023827,203673,20260224,1,3041441,liveuamap,704422,PPLA2,Pokrovsk,Donets'k,655,Krasnoarmiis'kyi,18918,37.1756,48.28035,ADM3,1,1,1,1,0,0,0,0,1,0,0,0,0,0,0,0,0,0,0,1,0,0,0,0,0,,,46076
bert_20260228023827,22760,20260224,1,3041442,liveuamap,688393,PPL,Yaseninichi,Rivne,2066,Rivnens'ka,30582,26.25164,50.61992,ADM3,1,1,1,1,0,0,0,0,1,0,0,0,0,0,0,0,0,0,0,1,0,0,0,0,0,,,46076
bert_20260228023827,287252,20260224,1,3041443,liveuamap,709930,PPLA,Dnipro,Dnipropetrovs'k,650,Dnipropetrovs'ka,9966,35.04618,48.46472,ADM3,1,1,1,1,0,0,0,0,1,0,0,0,0,0,0,0,0,0,0,1,0,0,0,0,0,,,46076
bert_20260228023827,338909,20260224,1,3041444,liveuamap,802277,PPL,Protsenko,Donets'k,655,Amvrosi‹vs'kyi,1671,38.206,47.738,ADM3,1,1,1,1,0,0,0,0,1,0,0,0,0,0,0,0,0,0,0,1,0,0,0,0,0,,,46076
bert_20260228023827,26189,20260224,1,3041445,liveuamap,688871,PPL,Vozdvyzhivka,Zaporizhzhya,2730,Novomykola‹vs'kyi,25913,36.07979,47.74727,ADM3,1,1,1,1,0,0,0,0,1,0,0,0,0,0,0,0,0,0,0,1,0,0,0,0,0,,,46076
bert_20260228023827,376843,20260224,1,3041446,liveuamap,9532052,PPL,Huliaipilske,Zaporizhzhya,2730,Huliaipil's'kyi,14713,36.06122,47.61272,ADM3,1,1,1,1,0,0,0,0,1,0,0,0,0,0,0,0,0,0,0,1,0,0,0,0,0,,,46076
bert_20260228023827,304935,20260224,1,3041447,liveuamap,710925,PPL,Charivne,Zaporizhzhya,2730,Orikhivs'kyi,26748,36.03595,47.58161,ADM3,1,1,1,1,0,0,0,0,1,0,0,0,0,0,0,0,0,0,0,1,0,0,0,0,0,,,46076
bert_20260228023827,117589,20260224,1,3041448,liveuamap,699458,PPL,Novomykhailivka,Donets'k,655,Mar‹ns'kyi,21886,37.48298,47.85341,ADM3,1,1,1,1,0,0,0,0,1,0,0,0,0,0,0,0,0,0,0,1,0,0,0,0,0,,,46076
bert_20260228023827,355006,20260224,1,3041449,liveuamap,829795,PPL,Kirove,Zaporizhzhya,2730,Orikhivs'kyi,26748,35.69274,47.65945,ADM3,1,1,1,1,0,0,0,0,1,0,0,0,0,0,0,0,0,0,0,1,0,0,0,0,0,,,46076
bert_20260228023827,252917,20260224,1,3041450,liveuamap,706941,PPL,Komyshuvakha,Zaporizhzhya,2730,Orikhivs'kyi,26748,35.52466,47.71952,ADM3,1,1,1,1,0,0,0,0,1,0,0,0,0,0,0,0,0,0,0,1,0,0,0,0,0,,,46076
bert_20260228023827,360759,20260224,1,3041451,liveuamap,8438363,PPL,Zelene,Rivne,2066,Dubens'kyi,10348,25.77252,50.45812,ADM3,1,1,1,1,0,0,0,0,1,0,0,0,0,0,0,0,0,0,0,1,0,0,0,0,0,,,46076
bert_20260228023827,83538,20260224,1,3041452,liveuamap,695306,PPL,Rozivka,Zaporizhzhya,2730,Chernihivs'kyi,7661,36.16835,47.06462,ADM3,1,1,1,1,0,0,0,0,1,0,0,0,0,0,0,0,0,0,0,1,0,0,0,0,0,,,46076
bert_20260228023827,118502,20260224,1,3041453,liveuamap,699640,PPL,Novodanylivka,Zaporizhzhya,2730,Orikhivs'kyi,26748,35.82254,47.52702,ADM3,1,1,1,1,0,0,0,0,1,0,0,0,0,0,0,0,0,0,0,1,0,0,0,0,0,,,46076
bert_20260228023827,19476,20260224,1,3041454,liveuamap,687700,PPLA,Zaporizhzhya,Zaporizhzhya,2730,Zaporiz'ka,41153,35.13885,47.83831,ADM3,1,1,1,1,0,0,0,0,1,0,0,0,0,0,0,0,0,0,0,1,0,0,0,0,0,,,46076
bert_20260228023827,197392,20260224,1,3041455,liveuamap,704204,PPL,Lyman,Donets'k,655,Krasnolymans'kyi,18941,37.82245,48.96409,ADM3,1,0,1,0,0,0,0,0,0,0,0,0,0,0,0,1,0,0,0,0,0,0,0,0,0,,,46076
bert_20260228023827,57753,20260224,1,3041456,liveuamap,693468,PPL,Sloviansk,Donets'k,655,Slovians'ka,34511,37.60582,48.85227,ADM3,1,0,1,0,0,0,0,0,0,0,0,0,0,0,0,1,0,0,0,0,0,0,0,0,0,,,46076
bert_20260228023827,55649,20260224,1,3041457,liveuamap,693065,PPLX,Sotsmisto,Donets'k,655,Kramators'ka,18898,37.5844,48.73898,ADM3,1,0,1,1,0,0,0,0,0,0,0,0,0,0,0,1,0,0,0,0,0,0,0,0,0,,,46076
bert_20260228023827,203669,20260224,1,3041458,liveuamap,704422,PPLA2,Pokrovsk,Donets'k,655,Krasnoarmiis'kyi,18918,37.1756,48.28035,ADM3,1,0,1,0,0,0,0,0,0,0,0,0,0,0,0,1,0,0,0,0,0,0,0,0,0,,,46076
bert_20260228023827,261945,20260224,1,3041460,liveuamap,708060,PPL,Hryshyne,Donets'k,655,Krasnoarmiis'kyi,18918,37.0798,48.32938,ADM3,1,0,1,0,0,0,0,0,0,0,0,0,0,0,0,1,0,0,0,0,0,0,0,0,0,,,46076
bert_20260228023827,381252,20260224,1,3041461,liveuamap,10323759,PPLX,Cheremushky,Donets'k,655,Mariupol's'ka,22073,37.50564,47.07557,ADM3,1,0,1,0,0,0,0,0,0,0,0,0,0,0,0,1,0,0,0,0,0,0,0,0,0,,,46076
bert_20260228023827,387955,20260224,2,"3041462, 3041463",liveuamap,11151973,PPL,Stepove,Dnipropetrovs'k,650,Krynychans'kyi,19030,34.53593,48.44595,ADM3,1,0,1,0,0,0,0,0,0,0,0,0,0,0,0,1,0,0,0,0,0,0,0,0,0,,,46076
bert_20260228023827,19472,20260224,1,3041464,liveuamap,687700,PPLA,Zaporizhzhya,Zaporizhzhya,2730,Zaporiz'ka,41153,35.13885,47.83831,ADM3,1,0,1,0,0,0,0,0,0,0,0,0,0,0,0,1,0,0,0,0,0,0,0,0,0,,,46076
bert_20260228023827,261579,20260224,1,3041465,liveuamap,707898,PPLA2,Hulyaypole,Zaporizhzhya,2730,Huliaipil's'kyi,14713,36.25322,47.66644,ADM3,1,0,1,0,0,0,0,0,0,0,0,0,0,0,0,1,0,0,0,0,0,0,0,0,0,,,46076
bert_20260228023827,360758,20260224,1,3041467,liveuamap,8438363,PPL,Zelene,Rivne,2066,Dubens'kyi,10348,25.77252,50.45812,ADM3,1,0,1,0,0,0,0,0,0,0,0,0,0,0,0,1,0,0,0,0,0,0,0,0,0,,,46076
bert_20260228023827,192477,20260224,1,3041468,liveuamap,703656,PPLA2,Kupiansk,Kharkiv,1191,Kupians'ka,19188,37.61478,49.7108,ADM3,1,0,1,1,0,0,0,0,0,0,0,0,0,0,0,1,0,0,0,0,0,0,0,0,0,,,46076
bert_20260228023827,208640,20260224,1,3041469,liveuamap,705104,PPL,Kostiantynivka,Donets'k,655,Kostiantynivs'ka,18738,37.69368,48.53467,ADM3,1,0,1,0,0,0,0,0,0,0,0,0,0,0,0,1,0,0,0,0,0,0,0,0,0,,,46076
bert_20260228023827,203670,20260224,1,3041470,liveuamap,704422,PPLA2,Pokrovsk,Donets'k,655,Krasnoarmiis'kyi,18918,37.1756,48.28035,ADM3,1,1,0,1,0,0,0,0,0,0,0,0,0,1,0,0,0,0,0,1,0,0,0,1,0,,,46076
bert_20260228023827,287251,20260224,1,3041471,liveuamap,709930,PPLA,Dnipro,Dnipropetrovs'k,650,Dnipropetrovs'ka,9966,35.04618,48.46472,ADM3,1,1,0,1,0,0,0,0,0,0,0,0,0,1,0,0,0,0,0,1,0,0,0,1,0,,,46076
bert_20260228023827,250414,20260224,1,3041472,liveuamap,706483,PPLA,Kharkiv,Kharkiv,1191,Kharkivs'ka,17850,36.2312,49.99217,ADM3,1,1,0,1,0,0,0,0,0,0,0,0,0,1,0,0,0,0,0,1,0,0,0,1,0,,,46076
bert_20260228023827,287248,20260224,1,3047514,unian,709930,PPLA,Dnipro,Dnipropetrovs'k,650,Dnipropetrovs'ka,9966,35.04618,48.46472,ADM3,0,0,1,0,0,0,1,0,0,0,0,0,0,0,0,0,1,0,0,1,0,0,0,0,0,,,46076
bert_20260228023827,188639,20260224,1,3047515,unian,703448,PPLC,Kyiv,Kiev City,1210,Shevchenkivs'kyi,33738,30.52355,50.45044,ADM3,0,0,0,0,0,0,0,0,0,0,0,0,0,0,0,0,0,0,0,0,0,0,0,0,0,,,46076
bert_20260228023827,19483,20260225,1,3053824,unian,687700,PPLA,Zaporizhzhya,Zaporizhzhya,2730,Zaporiz'ka,41153,35.13885,47.83831,ADM3,1,1,0,1,0,0,0,0,0,0,0,0,0,0,0,0,0,0,0,1,0,0,0,1,0,,,46077
bert_20260228023827,188651,20260225,4,"3053825, 3054055, 3060127, 3060135","unian, liga",703448,PPLC,Kyiv,Kiev City,1210,Shevchenkivs'kyi,33738,30.52355,50.45044,ADM3,0,0,0,0,0,0,1,0,0,0,0,0,0,0,0,0,0,0,0,0,0,0,0,0,0,,,46077
bert_20260228023827,82466,20260225,1,3053851,espreso,695094,PPLX,Ruttschenkowo,Donets'k,655,Donets'ka,10139,37.67529,47.95508,ADM1,1,1,1,0,1,0,0,0,0,0,0,0,0,0,0,0,0,1,0,1,0,0,1,0,0,,,46077
bert_20260228023827,203675,20260225,1,3053852,espreso,704422,PPLA2,Pokrovsk,Donets'k,655,Krasnoarmiis'kyi,18918,37.1756,48.28035,ADM3,1,0,1,0,0,0,0,0,0,0,0,0,0,0,0,0,0,0,0,0,0,0,0,0,0,,,46077
bert_20260228023827,287254,20260225,1,3053853,espreso,709930,PPLA,Dnipro,Dnipropetrovs'k,650,Dnipropetrovs'ka,9966,35.04618,48.46472,ADM3,0,1,0,0,0,0,1,0,0,0,0,0,0,0,0,0,0,0,0,0,0,0,0,0,0,,,46077
bert_20260228023827,19482,20260225,2,"3053854, 3047777","espreso, liveuamap",687700,PPLA,Zaporizhzhya,Zaporizhzhya,2730,Zaporiz'ka,41153,35.13885,47.83831,ADM3,0,1,0,0,0,0,1,0,0,0,0,0,0,0,0,0,0,0,0,0,0,0,0,0,0,,,46077
bert_20260228023827,19479,20260225,1,3053855,espreso,687700,PPLA,Zaporizhzhya,Zaporizhzhya,2730,Zaporiz'ka,41153,35.13885,47.83831,ADM3,1,0,1,0,0,0,0,0,0,0,0,0,0,0,0,0,0,0,0,0,0,0,0,0,0,,,46077
bert_20260228023827,154224,20260225,1,3053856,espreso,702550,PPLA,Lviv,L'viv,1289,L'vivs'ka,19402,24.0299,49.83932,ADM3,0,0,1,0,0,0,1,0,0,0,0,0,0,0,0,0,0,0,0,0,0,0,0,0,0,,,46077
bert_20260228023827,67856,20260225,1,3053857,espreso,693805,PPLA2,Simferopol,Crimea,579,Simferopol's'ka,34229,34.09941,44.95363,ADM3,1,1,0,1,0,0,0,0,0,0,1,0,0,0,0,0,0,0,0,1,0,0,0,0,0,,,46077
bert_20260228023827,188650,20260225,1,3053858,espreso,703448,PPLC,Kyiv,Kiev City,1210,Shevchenkivs'kyi,33738,30.52355,50.45044,ADM3,1,0,0,0,0,0,0,0,0,0,0,0,0,0,0,0,0,0,0,1,0,0,0,1,0,,,46077
bert_20260228023827,371324,20260225,1,3053859,espreso,9114074,PPL,Druzhba,Donets'k,655,Kostiantynivs'kyi,18739,37.91028,48.41,ADM3,0,0,1,0,0,0,1,0,0,0,0,0,0,0,0,0,0,0,0,0,0,0,0,0,0,,,46077
bert_20260228023827,208641,20260225,1,3053860,espreso,705104,PPL,Kostiantynivka,Donets'k,655,Kostiantynivs'ka,18738,37.69368,48.53467,ADM3,1,0,0,0,0,0,0,0,0,0,0,0,0,0,0,0,0,0,0,0,0,0,0,0,0,,,46077
bert_20260228023827,380022,20260225,1,3053861,espreso,10317726,PPL,Azov,Donets'k,655,Novoazovs'kyi,25887,37.86162,47.15246,ADM3,0,0,1,0,0,1,1,0,0,0,0,0,0,0,0,0,0,0,0,0,0,0,0,0,0,,,46077
bert_20260228023827,203676,20260225,1,3053862,espreso,704422,PPLA2,Pokrovsk,Donets'k,655,Krasnoarmiis'kyi,18918,37.1756,48.28035,ADM3,1,1,0,0,0,0,1,0,0,0,0,0,0,0,0,0,0,0,0,0,0,0,0,0,0,,,46077
bert_20260228023827,250416,20260225,1,3053863,espreso,706483,PPLA,Kharkiv,Kharkiv,1191,Kharkivs'ka,17850,36.2312,49.99217,ADM3,0,0,1,0,0,1,0,0,0,0,0,0,0,0,0,0,0,0,0,0,0,0,0,0,0,,,46077
bert_20260228023827,250417,20260225,1,3054053,liga,706483,PPLA,Kharkiv,Kharkiv,1191,Kharkivs'ka,17850,36.2312,49.99217,ADM3,0,0,1,0,0,1,0,0,0,0,0,0,1,0,0,0,1,0,0,1,0,0,0,1,0,,,46077
bert_20260228023827,89744,20260225,1,3054054,liga,696032,PPLA2,Pustomyty,L'viv,1289,Pustomytivs'kyi,29580,23.91674,49.71749,ADM1,0,1,1,0,0,0,1,0,0,0,0,0,0,0,0,0,0,0,0,0,0,0,0,0,0,,,46077
bert_20260228023827,89743,20260225,1,3054056,liga,696032,PPLA2,Pustomyty,L'viv,1289,Pustomytivs'kyi,29580,23.91674,49.71749,ADM1,1,0,0,0,0,0,0,0,0,0,0,0,0,0,0,0,0,0,0,1,0,0,0,1,0,,,46077
bert_20260228023827,154225,20260225,1,3054057,liga,702550,PPLA,Lviv,L'viv,1289,L'vivs'ka,19402,24.0299,49.83932,ADM3,1,1,1,1,0,0,0,0,1,0,0,0,0,0,0,0,0,0,0,1,0,0,0,0,0,,,46077
bert_20260228023827,19480,20260225,2,"3054058, 3047747","liga, liveuamap",687700,PPLA,Zaporizhzhya,Zaporizhzhya,2730,Zaporiz'ka,41153,35.13885,47.83831,ADM3,1,0,1,0,0,0,0,0,0,0,0,0,0,0,0,1,0,0,0,0,0,0,0,0,0,,,46077
bert_20260228023827,112489,20260225,1,3054059,liga,698740,PPLA,Odessa,Odessa,1800,Odes'ka,26260,30.73169,46.48421,ADM3,1,0,1,0,0,0,0,0,0,0,0,0,0,0,0,1,0,0,0,0,0,0,0,0,0,,,46077
bert_20260228023827,188655,20260225,1,3060081,meduza,703448,PPLC,Kyiv,Kiev City,1210,Shevchenkivs'kyi,33738,30.52355,50.45044,ADM3,0,1,1,1,0,0,0,0,0,0,0,0,0,0,0,0,0,0,0,0,0,0,0,0,0,,,46077
bert_20260228023827,188656,20260225,1,3060082,meduza,703448,PPLC,Kyiv,Kiev City,1210,Shevchenkivs'kyi,33738,30.52355,50.45044,ADM3,1,1,1,1,0,0,0,0,0,0,0,0,0,0,0,0,0,0,0,0,0,0,0,0,0,,,46077
bert_20260228023827,67855,20260225,1,3060124,unian,693805,PPLA2,Simferopol,Crimea,579,Simferopol's'ka,34229,34.09941,44.95363,ADM3,0,0,0,0,0,1,1,0,0,0,0,0,0,0,0,0,0,0,0,0,0,0,0,0,0,,,46077
bert_20260228023827,112490,20260225,1,3060125,unian,698740,PPLA,Odessa,Odessa,1800,Odes'ka,26260,30.73169,46.48421,ADM3,0,1,1,0,0,0,1,0,0,0,0,0,0,0,0,0,0,0,0,0,0,0,0,0,0,,,46077
bert_20260228023827,100745,20260225,1,3060126,unian,698113,PPL,Ozerishche,Cherkasy,497,Kanivs'kyi,17193,31.71523,49.87066,ADM3,1,1,1,0,0,0,0,0,0,0,1,0,0,0,0,0,0,0,0,0,0,0,0,0,0,,,46077
bert_20260228023827,72113,20260225,1,3060128,unian,694423,PPLA,Sevastopol,Sevastopol',2215,Lenins'kyi,20221,33.52291,44.60105,ADM3,1,1,1,0,1,0,0,0,0,0,0,0,0,1,0,0,0,0,0,1,0,0,1,0,0,,,46077
bert_20260228023827,19478,20260225,1,3060129,unian,687700,PPLA,Zaporizhzhya,Zaporizhzhya,2730,Zaporiz'ka,41153,35.13885,47.83831,ADM3,0,0,1,0,0,0,0,0,0,0,0,0,0,0,0,0,0,0,0,0,0,0,0,0,0,,,46077
bert_20260228023827,188654,20260225,1,3060130,unian,703448,PPLC,Kyiv,Kiev City,1210,Shevchenkivs'kyi,33738,30.52355,50.45044,ADM3,0,1,1,0,0,0,0,0,0,0,0,0,0,0,0,0,0,0,0,0,0,0,0,0,0,,,46077
bert_20260228023827,188649,20260225,1,3060131,unian,703448,PPLC,Kyiv,Kiev City,1210,Shevchenkivs'kyi,33738,30.52355,50.45044,ADM3,0,0,0,0,0,0,0,0,0,0,0,0,0,0,0,0,0,0,0,0,0,0,0,0,0,,,46077
bert_20260228023827,93765,20260225,1,3060132,unian,696643,PPLA,Poltava,Poltava,1956,Poltavs'ka,28898,34.55125,49.58953,ADM3,0,0,0,0,0,0,1,0,0,0,0,0,0,0,0,0,0,0,0,0,0,0,0,0,0,,,46077
bert_20260228023827,256885,20260225,1,3060133,unian,707292,PPLA2,Izium,Kharkiv,1191,Iziums'kyi,15939,37.27828,49.19127,ADM3,0,0,1,0,0,1,0,0,0,0,0,0,0,0,0,0,0,0,0,0,0,0,0,0,0,,,46077
bert_20260228023827,208642,20260225,1,3060134,unian,705104,PPL,Kostiantynivka,Donets'k,655,Kostiantynivs'ka,18738,37.69368,48.53467,ADM3,0,0,0,0,0,1,1,0,0,0,0,0,0,0,0,0,0,0,0,0,0,0,0,0,0,,,46077
bert_20260228023827,188652,20260225,1,3060136,unian,703448,PPLC,Kyiv,Kiev City,1210,Shevchenkivs'kyi,33738,30.52355,50.45044,ADM3,1,0,0,0,0,0,1,0,0,0,0,0,0,0,0,0,0,0,0,0,0,0,0,0,0,,,46077
bert_20260228023827,373711,20260225,1,3060137,unian,9114542,PPL,Novyi,Luhans'k,1405,Krasnoluts'ka,18939,38.59081,48.49995,ADM3,0,0,1,0,0,0,1,0,0,0,0,0,0,0,0,0,0,0,0,0,0,0,0,0,0,,,46077
bert_20260228023827,250415,20260225,1,3060138,unian,706483,PPLA,Kharkiv,Kharkiv,1191,Kharkivs'ka,17850,36.2312,49.99217,ADM3,0,0,0,0,0,0,1,0,0,0,0,0,0,0,0,0,0,0,0,0,0,0,0,0,0,,,46077
bert_20260228023827,154670,20260225,1,3047744,liga,702569,PPLA,Lutsk,Volyn,2623,Luts'ka,21027,25.32541,50.74731,ADM3,0,0,1,0,0,0,1,0,0,0,0,0,0,0,0,0,0,0,0,0,0,0,0,0,0,,,46077
bert_20260228023827,143795,20260225,1,3047745,liga,701822,PPL,Mariupol,Donets'k,655,Mariupol's'ka,22073,37.54144,47.0967,ADM3,1,1,1,1,0,0,0,0,0,0,0,0,0,0,1,0,0,0,1,0,0,0,0,0,0,,,46077
bert_20260228023827,217171,20260225,1,3047746,liveuamap,705183,PPL,Slobozhans'ke,Kharkiv,1191,Zmiïvs'kyi,41407,36.50512,49.61494,ADM1,1,0,1,0,0,0,0,0,0,0,0,0,0,0,0,1,0,0,0,0,0,0,0,0,0,,,46077
bert_20260228023827,373712,20260225,1,3047748,liveuamap,9114542,PPL,Novyi,Luhans'k,1405,Krasnoluts'ka,18939,38.59081,48.49995,ADM3,1,1,0,1,0,0,0,0,0,0,1,0,0,1,0,0,0,0,0,1,0,0,0,1,0,,,46077
bert_20260228023827,188653,20260225,1,3047749,liveuamap,703448,PPLC,Kyiv,Kiev City,1210,Shevchenkivs'kyi,33738,30.52355,50.45044,ADM3,1,1,0,1,0,0,0,0,0,0,0,0,0,0,0,0,1,0,0,0,0,0,0,1,0,,,46077
bert_20260228023827,264656,20260225,1,3047750,liveuamap,708937,PPL,Havrylivka,Dnipropetrovs'k,650,Pokrovs'kyi,28862,36.51993,48.07377,ADM3,0,0,0,0,0,0,1,0,0,0,0,0,0,0,0,0,0,0,0,0,0,0,0,0,0,,,46077
bert_20260228023827,40909,20260225,1,3047751,liveuamap,691092,PPL,Levadne,Dnipropetrovs'k,650,Pokrovs'kyi,28862,36.18194,47.99791,ADM3,0,0,0,0,0,0,1,0,0,0,0,0,0,0,0,0,0,0,0,0,0,0,0,0,0,,,46077
bert_20260228023827,203674,20260225,1,3047752,liveuamap,704422,PPLA2,Pokrovsk,Donets'k,655,Krasnoarmiis'kyi,18918,37.1756,48.28035,ADM3,0,0,0,0,0,0,1,0,0,0,0,0,0,0,0,0,0,0,0,0,0,0,0,0,0,,,46077
bert_20260228023827,20008,20260225,1,3047753,liveuamap,688089,PPL,Yuvileine,Luhans'k,1405,Lutuhyns'kyi,21029,39.17417,48.55306,ADM3,0,0,0,0,0,0,1,0,0,0,0,0,0,0,0,0,0,0,0,0,0,0,0,0,0,,,46077
bert_20260228023827,287253,20260225,1,3047754,liveuamap,709930,PPLA,Dnipro,Dnipropetrovs'k,650,Dnipropetrovs'ka,9966,35.04618,48.46472,ADM3,0,0,0,0,0,0,1,0,0,0,0,0,0,0,0,0,0,0,0,0,0,0,0,0,0,,,46077
bert_20260228023827,26190,20260225,1,3047755,liveuamap,688871,PPL,Vozdvyzhivka,Zaporizhzhya,2730,Novomykola‹vs'kyi,25913,36.07979,47.74727,ADM3,0,0,0,0,0,0,1,0,0,0,0,0,0,0,0,0,0,0,0,0,0,0,0,0,0,,,46077
bert_20260228023827,304256,20260225,1,3047756,liveuamap,710791,PPLA,Cherkasy,Cherkasy,497,Cherkas'ka,7654,32.06194,49.41517,ADM3,0,0,0,0,0,0,1,0,0,0,0,0,0,0,0,0,0,0,0,0,0,0,0,0,0,,,46077
bert_20260228023827,376844,20260225,1,3047757,liveuamap,9532052,PPL,Huliaipilske,Zaporizhzhya,2730,Huliaipil's'kyi,14713,36.06122,47.61272,ADM3,0,0,0,0,0,0,1,0,0,0,0,0,0,0,0,0,0,0,0,0,0,0,0,0,0,,,46077
bert_20260228023827,115293,20260225,1,3047758,liveuamap,699185,PPLA3,Novoselivka,Donets'k,655,Krasnolymans'kyi,18941,37.69735,49.07541,ADM3,0,0,0,0,0,0,1,0,0,0,0,0,0,0,0,0,0,0,0,0,0,0,0,0,0,,,46077
bert_20260228023827,304936,20260225,1,3047759,liveuamap,710925,PPL,Charivne,Zaporizhzhya,2730,Orikhivs'kyi,26748,36.03595,47.58161,ADM3,0,0,0,0,0,0,1,0,0,0,0,0,0,0,0,0,0,0,0,0,0,0,0,0,0,,,46077
bert_20260228023827,162559,20260225,1,3047760,liveuamap,703157,PPL,Luhivske,Zaporizhzhya,2730,Orikhivs'kyi,26748,36.03653,47.52548,ADM3,0,0,0,0,0,0,1,0,0,0,0,0,0,0,0,0,0,0,0,0,0,0,0,0,0,,,46077
bert_20260228023827,103029,20260225,1,3047761,liveuamap,698428,PPLA2,Orikhiv,Zaporizhzhya,2730,Orikhivs'kyi,26748,35.77773,47.56947,ADM3,0,0,0,0,0,0,1,0,0,0,0,0,0,0,0,0,0,0,0,0,0,0,0,0,0,,,46077
bert_20260228023827,19477,20260225,1,3047762,liveuamap,687700,PPLA,Zaporizhzhya,Zaporizhzhya,2730,Zaporiz'ka,41153,35.13885,47.83831,ADM3,0,0,0,0,0,0,1,0,0,0,0,0,0,0,0,0,0,0,0,0,0,0,0,0,0,,,46077
bert_20260228023827,197393,20260225,1,3047763,liveuamap,704204,PPL,Lyman,Donets'k,655,Krasnolymans'kyi,18941,37.82245,48.96409,ADM3,1,1,1,0,1,0,0,0,0,0,0,0,0,1,0,0,0,0,0,1,0,0,0,0,0,,,46077
bert_20260228023827,203677,20260225,1,3047765,liveuamap,704422,PPLA2,Pokrovsk,Donets'k,655,Krasnoarmiis'kyi,18918,37.1756,48.28035,ADM3,1,1,1,1,0,0,0,1,0,0,1,0,0,0,0,0,0,0,0,0,0,0,0,0,0,,,46077
bert_20260228023827,261580,20260225,1,3047767,liveuamap,707898,PPLA2,Hulyaypole,Zaporizhzhya,2730,Huliaipil's'kyi,14713,36.25322,47.66644,ADM3,1,1,0,1,0,0,0,0,0,0,1,0,0,0,0,0,0,0,0,0,0,0,0,1,0,,,46077
bert_20260228023827,257490,20260225,1,3047769,liveuamap,707464,PPL,Ivanopillia,Donets'k,655,Kostiantynivs'kyi,18739,37.76439,48.47357,ADM3,0,0,1,0,0,0,1,0,0,0,0,0,0,0,0,0,0,0,0,0,0,0,0,0,0,,,46077
bert_20260228023827,208643,20260225,1,3047770,liveuamap,705104,PPL,Kostiantynivka,Donets'k,655,Kostiantynivs'ka,18738,37.69368,48.53467,ADM3,0,0,1,0,0,0,1,0,0,0,0,0,0,0,0,0,0,0,0,0,0,0,0,0,0,,,46077
bert_20260228023827,235356,20260225,1,3047771,liveuamap,706448,PPLA,Kherson,Kherson,1195,Khersons'ka,17890,32.61496,46.64032,ADM3,0,1,0,0,0,0,1,0,0,0,0,0,0,0,0,0,0,0,0,1,0,0,0,0,0,,,46077
bert_20260228023827,57754,20260225,1,3047772,liveuamap,693468,PPL,Sloviansk,Donets'k,655,Slovians'ka,34511,37.60582,48.85227,ADM3,1,1,0,1,0,0,0,0,1,0,0,0,0,0,0,0,0,0,0,1,0,0,0,1,0,,,46077
bert_20260228023827,19481,20260225,1,3047773,liveuamap,687700,PPLA,Zaporizhzhya,Zaporizhzhya,2730,Zaporiz'ka,41153,35.13885,47.83831,ADM3,1,0,1,0,0,0,1,0,0,0,0,0,0,0,1,0,0,0,0,0,0,0,0,0,0,,,46077
bert_20260228023827,360554,20260225,1,3047774,liveuamap,8419787,PPL,Zakumske,Sumy,2356,Sums'kyi,35426,34.64912,50.95537,ADM2,1,1,1,1,0,0,0,0,0,0,1,0,0,0,0,0,0,0,0,1,0,0,0,0,0,,,46077
bert_20260228023827,275164,20260225,1,3047775,liveuamap,709717,PPLA,Donetsk,Donets'k,655,Donets'ka,10139,37.80285,48.01588,ADM3,0,0,1,0,0,0,1,0,0,0,0,0,0,0,0,0,0,0,0,0,0,0,0,0,0,,,46077
bert_20260228023827,188657,20260225,1,3047776,liveuamap,703448,PPLC,Kyiv,Kiev City,1210,Shevchenkivs'kyi,33738,30.52355,50.45044,ADM3,1,1,1,1,0,0,0,0,0,0,0,0,0,0,1,0,0,0,1,0,0,0,0,0,0,,,46077
bert_20260228023827,217172,20260225,1,3047778,liveuamap,705183,PPL,Slobozhans'ke,Kharkiv,1191,Zmiïvs'kyi,41407,36.50512,49.61494,ADM1,0,0,1,0,0,0,1,0,0,0,0,0,0,0,0,0,0,0,0,0,0,0,0,0,0,,,46077
bert_20260228023827,188658,20260225,1,3047779,liveuamap,703448,PPLC,Kyiv,Kiev City,1210,Shevchenkivs'kyi,33738,30.52355,50.45044,ADM3,1,1,1,1,0,0,0,0,1,0,0,0,0,0,0,0,0,0,0,1,0,0,0,0,0,,,46077
bert_20260228023827,250420,20260226,1,3072762,unian,706483,PPLA,Kharkiv,Kharkiv,1191,Kharkivs'ka,17850,36.2312,49.99217,ADM3,1,1,1,0,0,0,0,0,0,0,1,0,0,0,0,0,0,0,0,0,0,0,0,0,0,,,46078
bert_20260228023827,119914,20260226,1,3060139,unian,699751,PPL,Novgorodskoye,Donets'k,655,Dzerzhyns'ka,10511,37.83659,48.33202,ADM3,0,0,0,0,0,0,1,0,0,0,0,0,0,0,0,0,0,0,0,0,0,0,0,0,0,,,46078
bert_20260228023827,203680,20260226,1,3060159,espreso,704422,PPLA2,Pokrovsk,Donets'k,655,Krasnoarmiis'kyi,18918,37.1756,48.28035,ADM3,1,1,1,1,0,0,0,0,0,0,0,0,0,0,1,0,0,0,0,0,0,0,0,0,0,,,46078
bert_20260228023827,67859,20260226,1,3060160,espreso,693805,PPLA2,Simferopol,Crimea,579,Simferopol's'ka,34229,34.09941,44.95363,ADM3,1,1,1,1,0,0,0,0,0,0,0,0,0,0,1,0,0,1,0,0,0,0,1,1,0,,,46078
bert_20260228023827,371325,20260226,1,3060161,espreso,9114074,PPL,Druzhba,Donets'k,655,Kostiantynivs'kyi,18739,37.91028,48.41,ADM3,1,1,1,0,0,0,0,0,0,0,0,0,0,0,0,1,0,0,0,0,0,0,1,0,0,,,46078
bert_20260228023827,114417,20260226,1,3060162,espreso,699035,PPL,Novovolynsk,Volyn,2623,Ivanychivs'kyi,15852,24.17319,50.72382,STREET,0,0,0,0,0,0,0,0,0,0,0,0,0,0,0,0,0,0,0,0,0,0,0,0,0,,,46078
bert_20260228023827,29712,20260226,1,3060163,espreso,689103,PPL,Volovytsia,Chernihiv,498,Borznians'kyi,5262,32.00406,51.35543,ADM1,0,0,0,0,0,0,0,0,0,0,0,0,0,0,0,0,0,0,0,0,0,0,0,0,0,,,46078
bert_20260228023827,257149,20260226,1,3060164,espreso,707339,PPL,Ivashchenko,Luhans'k,1405,Sverdlovs'kyi,35598,39.54029,47.97732,ADM3,0,0,0,0,0,0,0,0,0,0,0,0,0,0,0,0,0,0,0,0,0,0,0,0,0,,,46078
bert_20260228023827,188666,20260226,1,3060165,espreso,703448,PPLC,Kyiv,Kiev City,1210,Shevchenkivs'kyi,33738,30.52355,50.45044,ADM3,1,1,1,1,1,0,0,0,0,0,0,0,0,1,1,0,0,0,0,0,0,0,0,0,0,,,46078
bert_20260228023827,67858,20260226,1,3060166,espreso,693805,PPLA2,Simferopol,Crimea,579,Simferopol's'ka,34229,34.09941,44.95363,ADM3,0,0,1,0,0,1,0,0,0,0,0,0,0,0,0,0,0,0,0,0,0,0,0,0,0,,,46078
bert_20260228023827,188661,20260226,1,3060167,espreso,703448,PPLC,Kyiv,Kiev City,1210,Shevchenkivs'kyi,33738,30.52355,50.45044,ADM3,0,0,0,0,0,0,1,0,0,0,0,0,0,0,0,0,0,0,0,1,0,0,0,0,0,,,46078
bert_20260228023827,67857,20260226,1,3060168,espreso,693805,PPLA2,Simferopol,Crimea,579,Simferopol's'ka,34229,34.09941,44.95363,ADM3,0,0,0,0,0,0,1,0,0,0,0,0,0,0,0,0,0,0,0,1,0,0,0,0,0,,,46078
bert_20260228023827,90603,20260226,1,3060169,espreso,696329,PPL,Prybirsk,Kiev,1209,Ivankivs'kyi,15844,30.00968,51.01313,ADM3,1,1,1,0,1,0,0,0,0,0,0,0,1,0,0,0,0,0,0,0,0,0,0,0,0,,,46078
bert_20260228023827,203679,20260226,1,3060170,espreso,704422,PPLA2,Pokrovsk,Donets'k,655,Krasnoarmiis'kyi,18918,37.1756,48.28035,ADM3,1,1,1,0,1,0,0,0,0,0,1,0,0,0,0,0,0,1,0,1,0,0,0,0,0,,,46078
bert_20260228023827,188665,20260226,1,3060354,liga,703448,PPLC,Kyiv,Kiev City,1210,Shevchenkivs'kyi,33738,30.52355,50.45044,ADM3,1,1,1,1,0,0,0,0,0,0,0,0,0,0,0,0,0,0,0,1,0,0,0,0,0,,,46078
bert_20260228023827,361902,20260226,1,3060355,liga,8465680,PPL,Danylivka,Zhytomyr,2739,Volodars'ko-Volyns'kyi,39783,28.47583,50.63963,ADM1,0,0,0,0,0,1,1,0,0,0,0,0,0,0,0,0,0,0,0,0,0,0,0,0,0,,,46078
bert_20260228023827,19484,20260226,3,"3060356, 3054060, 3054083","liga, liveuamap",687700,PPLA,Zaporizhzhya,Zaporizhzhya,2730,Zaporiz'ka,41153,35.13885,47.83831,ADM3,1,0,1,0,0,0,0,0,0,0,0,0,0,0,0,1,0,0,0,0,0,0,0,0,0,,,46078
bert_20260228023827,250419,20260226,3,"3060357, 3054061, 3054075","liga, liveuamap",706483,PPLA,Kharkiv,Kharkiv,1191,Kharkivs'ka,17850,36.2312,49.99217,ADM3,1,0,1,0,0,0,0,0,0,0,0,0,0,0,0,1,0,0,0,0,0,0,0,0,0,,,46078
bert_20260228023827,188662,20260226,2,"3060358, 3054062",liga,703448,PPLC,Kyiv,Kiev City,1210,Shevchenkivs'kyi,33738,30.52355,50.45044,ADM3,1,0,1,0,0,0,0,0,0,0,0,0,0,0,0,1,0,0,0,0,0,0,0,0,0,,,46078
bert_20260228023827,306864,20260226,2,"3060359, 3054063",liga,711503,PPLX,Bazhanovo,Dnipropetrovs'k,650,KryvyiRig,19033,33.436,47.96127,ADM3,1,0,1,0,0,0,0,0,0,0,0,0,0,0,0,1,0,0,0,0,0,0,0,0,0,,,46078
bert_20260228023827,188663,20260226,1,3066460,unian,703448,PPLC,Kyiv,Kiev City,1210,Shevchenkivs'kyi,33738,30.52355,50.45044,ADM3,0,0,1,0,0,0,1,0,0,0,0,0,0,0,0,0,0,0,0,0,0,0,0,0,0,,,46078
bert_20260228023827,203681,20260226,1,3066461,unian,704422,PPLA2,Pokrovsk,Donets'k,655,Krasnoarmiis'kyi,18918,37.1756,48.28035,ADM3,1,1,1,1,0,0,0,0,0,0,1,0,0,0,0,0,0,0,0,1,0,0,0,0,0,,,46078
bert_20260228023827,188664,20260226,1,3066462,unian,703448,PPLC,Kyiv,Kiev City,1210,Shevchenkivs'kyi,33738,30.52355,50.45044,ADM3,1,0,1,0,1,0,0,0,0,0,0,0,0,0,1,0,0,0,0,0,0,0,0,0,0,,,46078
bert_20260228023827,188660,20260226,1,3066463,unian,703448,PPLC,Kyiv,Kiev City,1210,Shevchenkivs'kyi,33738,30.52355,50.45044,ADM3,0,0,0,0,0,0,1,0,0,0,0,0,0,0,0,0,0,0,0,0,0,0,0,0,0,,,46078
bert_20260228023827,82467,20260226,1,3066464,unian,695094,PPLX,Ruttschenkowo,Donets'k,655,Donets'ka,10139,37.67529,47.95508,ADM1,0,0,0,0,0,0,1,0,0,0,0,0,0,0,0,0,0,0,0,1,0,0,0,0,0,,,46078
bert_20260228023827,250418,20260226,1,3066465,unian,706483,PPLA,Kharkiv,Kharkiv,1191,Kharkivs'ka,17850,36.2312,49.99217,ADM3,0,0,0,0,0,0,1,0,0,0,0,0,0,0,0,0,0,0,0,0,0,0,0,0,0,,,46078
bert_20260228023827,393708,20260226,1,3066466,unian,11777953,PPL,Deremezna,Kiev,1209,Obukhivs'kyi,26204,30.47662,50.02393,ADM1,0,0,1,0,0,0,1,0,0,0,0,0,0,0,0,0,0,0,0,0,0,0,0,0,0,,,46078
bert_20260228023827,112491,20260226,1,3066467,unian,698740,PPLA,Odessa,Odessa,1800,Odes'ka,26260,30.73169,46.48421,ADM3,1,1,1,0,0,0,1,1,0,0,1,0,0,0,0,0,0,0,0,0,0,0,0,0,0,,,46078
bert_20260228023827,50104,20260226,1,3066468,unian,692248,PPL,Stepnohirsk,Zaporizhzhya,2730,Vasylivs'kyi,39200,35.36408,47.58871,ADM3,0,0,0,0,0,0,1,0,0,0,0,0,0,0,0,0,0,0,0,0,0,0,0,0,0,,,46078
bert_20260228023827,72114,20260226,1,3053864,espreso,694423,PPLA,Sevastopol,Sevastopol',2215,Lenins'kyi,20221,33.52291,44.60105,ADM3,1,1,1,0,0,0,1,0,0,0,0,0,0,0,0,0,0,0,0,0,0,0,0,0,0,,,46078
bert_20260228023827,250421,20260226,1,3054064,liga,706483,PPLA,Kharkiv,Kharkiv,1191,Kharkivs'ka,17850,36.2312,49.99217,ADM3,1,1,1,1,0,0,0,0,0,0,0,0,0,0,1,1,0,0,0,0,0,0,1,0,0,,,46078
bert_20260228023827,143796,20260226,1,3054065,liga,701822,PPL,Mariupol,Donets'k,655,Mariupol's'ka,22073,37.54144,47.0967,ADM3,1,1,0,0,0,0,0,0,0,0,0,0,0,0,0,0,0,0,0,1,0,0,0,0,0,,,46078
bert_20260228023827,19485,20260226,1,3054066,liveuamap,687700,PPLA,Zaporizhzhya,Zaporizhzhya,2730,Zaporiz'ka,41153,35.13885,47.83831,ADM3,0,1,1,0,0,0,1,0,0,0,0,0,0,0,0,0,0,0,0,0,0,0,0,0,0,,,46078
bert_20260228023827,188659,20260226,1,3054067,liveuamap,703448,PPLC,Kyiv,Kiev City,1210,Shevchenkivs'kyi,33738,30.52355,50.45044,ADM3,1,0,0,0,0,0,0,0,0,0,0,0,0,0,0,0,0,0,0,1,0,0,0,1,0,,,46078
bert_20260228023827,203678,20260226,2,"3054068, 3054078",liveuamap,704422,PPLA2,Pokrovsk,Donets'k,655,Krasnoarmiis'kyi,18918,37.1756,48.28035,ADM3,1,0,1,0,0,0,0,0,0,0,0,0,0,0,0,1,0,0,0,0,0,0,0,0,0,,,46078
bert_20260228023827,20009,20260226,1,3054069,liveuamap,688089,PPL,Yuvileine,Luhans'k,1405,Lutuhyns'kyi,21029,39.17417,48.55306,ADM3,1,0,1,0,0,0,0,0,0,0,0,0,0,0,0,1,0,0,0,0,0,0,0,0,0,,,46078
bert_20260228023827,40910,20260226,1,3054070,liveuamap,691092,PPL,Levadne,Dnipropetrovs'k,650,Pokrovs'kyi,28862,36.18194,47.99791,ADM3,1,0,1,0,0,0,0,0,0,0,0,0,0,0,0,1,0,0,0,0,0,0,0,0,0,,,46078
bert_20260228023827,264657,20260226,1,3054071,liveuamap,708937,PPL,Havrylivka,Dnipropetrovs'k,650,Pokrovs'kyi,28862,36.51993,48.07377,ADM3,1,0,1,0,0,0,0,0,0,0,0,0,0,0,0,1,0,0,0,0,0,0,0,0,0,,,46078
bert_20260228023827,376845,20260226,1,3054072,liveuamap,9532052,PPL,Huliaipilske,Zaporizhzhya,2730,Huliaipil's'kyi,14713,36.06122,47.61272,ADM3,1,0,1,0,0,0,0,0,0,0,0,0,0,0,0,1,0,0,0,0,0,0,0,0,0,,,46078
bert_20260228023827,46287,20260226,1,3054073,liveuamap,692031,PPL,Svobodnoye,Dnipropetrovs'k,650,Novomoskovs'kyi,25910,35.32482,48.73638,ADM3,1,0,1,0,0,0,0,0,0,0,0,0,0,0,0,1,0,0,0,0,0,0,0,0,0,,,46078
bert_20260228023827,57755,20260226,1,3054074,liveuamap,693468,PPL,Sloviansk,Donets'k,655,Slovians'ka,34511,37.60582,48.85227,ADM3,1,0,1,0,0,0,0,0,0,0,0,0,0,0,0,1,0,0,0,0,0,0,0,0,0,,,46078
bert_20260228023827,197394,20260226,1,3054076,liveuamap,704204,PPL,Lyman,Donets'k,655,Krasnolymans'kyi,18941,37.82245,48.96409,ADM3,1,0,1,0,0,0,0,0,0,0,0,0,0,0,0,1,0,0,0,0,0,0,0,0,0,,,46078
bert_20260228023827,387956,20260226,2,"3054077, 3054087",liveuamap,11151973,PPL,Stepove,Dnipropetrovs'k,650,Krynychans'kyi,19030,34.53593,48.44595,ADM3,1,0,1,0,0,0,0,0,0,0,0,0,0,0,0,1,0,0,0,0,0,0,0,0,0,,,46078
bert_20260228023827,192478,20260226,1,3054080,liveuamap,703656,PPLA2,Kupiansk,Kharkiv,1191,Kupians'ka,19188,37.61478,49.7108,ADM3,1,0,1,0,0,0,0,0,0,0,0,0,0,0,0,1,0,0,0,0,0,0,0,0,0,,,46078
bert_20260228023827,351381,20260226,1,3054081,liveuamap,811111,PPL,Mar'yevka,Kharkiv,1191,Balakliis'kyi,3178,36.74917,49.49293,ADM3,1,0,1,0,0,0,0,0,0,0,0,0,0,0,0,1,0,0,0,0,0,0,0,0,0,,,46078
bert_20260228023827,55650,20260226,1,3054084,liveuamap,693065,PPLX,Sotsmisto,Donets'k,655,Kramators'ka,18898,37.5844,48.73898,ADM3,1,0,1,0,0,0,0,0,0,0,0,0,0,0,0,1,0,0,0,0,0,0,0,0,0,,,46078
bert_20260228023827,208644,20260226,1,3054085,liveuamap,705104,PPL,Kostiantynivka,Donets'k,655,Kostiantynivs'ka,18738,37.69368,48.53467,ADM3,1,0,1,0,0,0,0,0,0,0,0,0,0,0,0,1,0,0,0,0,0,0,0,0,0,,,46078
bert_20260228023827,50105,20260226,1,3054086,liveuamap,692248,PPL,Stepnohirsk,Zaporizhzhya,2730,Vasylivs'kyi,39200,35.36408,47.58871,ADM3,1,0,1,0,0,0,0,0,0,0,0,0,0,0,0,1,0,0,0,0,0,0,0,0,0,,,46078
bert_20260228023827,208645,20260226,1,3054088,liveuamap,705104,PPL,Kostiantynivka,Donets'k,655,Kostiantynivs'ka,18738,37.69368,48.53467,ADM3,1,1,1,1,0,0,0,0,0,0,0,0,0,0,1,1,0,0,0,0,0,0,1,0,0,,,46078
bert_20260228023827,261581,20260226,1,3054089,liveuamap,707898,PPLA2,Hulyaypole,Zaporizhzhya,2730,Huliaipil's'kyi,14713,36.25322,47.66644,ADM3,1,1,0,1,0,0,0,0,1,0,0,0,0,0,0,0,0,0,0,0,0,0,0,1,0,,,46078
bert_20260228023827,360555,20260226,1,3054091,liveuamap,8419787,PPL,Zakumske,Sumy,2356,Sums'kyi,35426,34.64912,50.95537,ADM2,1,1,0,0,0,0,0,0,0,0,0,0,0,0,0,0,0,0,0,1,0,0,0,0,0,,,46078
bert_20260228023827,19486,20260226,1,3054092,liveuamap,687700,PPLA,Zaporizhzhya,Zaporizhzhya,2730,Zaporiz'ka,41153,35.13885,47.83831,ADM3,1,1,1,1,0,0,0,0,0,0,1,0,0,0,0,0,0,0,0,0,0,0,0,0,0,,,46078
bert_20260228023827,131278,20260226,1,3054093,liveuamap,700569,PPLA,Mykolayiv,Mykolayiv,1628,Mykola‹vs'ka,24267,31.99381,46.97557,ADM3,1,1,1,0,1,0,0,0,0,0,0,0,0,1,0,0,0,0,0,0,0,0,0,0,0,,,46078
bert_20260228023827,82468,20260227,1,3066469,unian,695094,PPLX,Ruttschenkowo,Donets'k,655,Donets'ka,10139,37.67529,47.95508,ADM1,1,1,1,1,0,1,0,0,0,0,0,0,0,0,0,0,1,0,0,1,0,0,0,0,0,,,46079
bert_20260228023827,205900,20260227,1,3066470,unian,704568,PPL,Kozerohy,Chernihiv,498,Chernihivs'kyi,7661,31.0412,51.30626,ADM3,0,0,0,0,0,0,1,0,0,0,0,0,0,0,0,0,0,0,0,0,0,0,0,0,0,,,46079
bert_20260228023827,188667,20260227,3,"3066471, 3072765, 3072770",unian,703448,PPLC,Kyiv,Kiev City,1210,Shevchenkivs'kyi,33738,30.52355,50.45044,ADM3,0,0,0,0,0,0,1,0,0,0,0,0,0,0,0,0,0,0,0,0,0,0,0,0,0,,,46079
bert_20260228023827,203685,20260227,1,3066498,espreso,704422,PPLA2,Pokrovsk,Donets'k,655,Krasnoarmiis'kyi,18918,37.1756,48.28035,ADM3,1,1,1,1,0,0,0,0,0,0,0,0,0,0,1,0,0,0,1,0,0,0,0,0,0,,,46079
bert_20260228023827,197396,20260227,1,3066499,espreso,704204,PPL,Lyman,Donets'k,655,Krasnolymans'kyi,18941,37.82245,48.96409,ADM3,1,1,0,1,0,0,1,0,0,0,0,0,0,0,0,0,0,0,0,0,0,0,0,0,0,,,46079
bert_20260228023827,322984,20260227,1,3066500,espreso,712734,PPL,Baydivka,Luhans'k,1405,Starobil's'kyi,35084,38.90252,49.15874,ADM1,1,1,1,0,0,0,1,0,0,0,0,0,0,0,1,0,0,0,0,0,0,0,0,0,0,,,46079
bert_20260228023827,250422,20260227,1,3066501,espreso,706483,PPLA,Kharkiv,Kharkiv,1191,Kharkivs'ka,17850,36.2312,49.99217,ADM3,0,0,0,0,0,1,1,0,0,0,0,0,1,0,0,0,0,0,0,0,0,0,0,1,0,,,46079
bert_20260228023827,188668,20260227,1,3066502,espreso,703448,PPLC,Kyiv,Kiev City,1210,Shevchenkivs'kyi,33738,30.52355,50.45044,ADM3,0,0,0,0,0,0,1,0,0,0,0,0,1,0,0,0,0,0,0,0,0,0,0,1,0,,,46079
bert_20260228023827,208647,20260227,1,3066503,espreso,705104,PPL,Kostiantynivka,Donets'k,655,Kostiantynivs'ka,18738,37.69368,48.53467,ADM3,0,0,1,0,0,0,1,0,0,0,0,0,0,0,1,0,0,0,0,0,0,0,0,0,0,,,46079
bert_20260228023827,361903,20260227,1,3066504,espreso,8465680,PPL,Danylivka,Zhytomyr,2739,Volodars'ko-Volyns'kyi,39783,28.47583,50.63963,ADM1,0,1,1,1,0,0,0,0,0,0,0,0,0,0,0,0,0,0,0,0,0,0,0,0,0,,,46079
bert_20260228023827,188674,20260227,1,3066505,espreso,703448,PPLC,Kyiv,Kiev City,1210,Shevchenkivs'kyi,33738,30.52355,50.45044,ADM3,1,1,1,1,0,0,1,0,0,0,0,0,0,0,0,0,0,0,0,0,0,0,0,0,0,,,46079
bert_20260228023827,188670,20260227,1,3066506,espreso,703448,PPLC,Kyiv,Kiev City,1210,Shevchenkivs'kyi,33738,30.52355,50.45044,ADM3,0,0,1,0,0,0,1,0,0,0,0,0,0,0,0,0,0,0,0,0,0,0,0,0,0,,,46079
bert_20260228023827,371327,20260227,1,3066507,espreso,9114074,PPL,Druzhba,Donets'k,655,Kostiantynivs'kyi,18739,37.91028,48.41,ADM3,1,1,1,1,0,0,0,0,0,0,1,0,0,0,0,0,0,0,0,0,0,0,0,0,0,,,46079
bert_20260228023827,208646,20260227,1,3066508,espreso,705104,PPL,Kostiantynivka,Donets'k,655,Kostiantynivs'ka,18738,37.69368,48.53467,ADM3,1,0,1,0,0,0,0,0,0,0,1,0,0,0,0,0,0,0,0,0,0,0,0,0,0,,,46079
bert_20260228023827,203682,20260227,1,3066509,espreso,704422,PPLA2,Pokrovsk,Donets'k,655,Krasnoarmiis'kyi,18918,37.1756,48.28035,ADM3,0,0,0,0,0,1,1,0,0,0,0,0,0,0,0,0,0,0,0,0,0,0,0,1,0,,,46079
bert_20260228023827,376846,20260227,1,3066510,espreso,9532052,PPL,Huliaipilske,Zaporizhzhya,2730,Huliaipil's'kyi,14713,36.06122,47.61272,ADM3,0,0,0,0,0,1,1,0,0,0,0,0,0,0,0,0,0,0,0,0,0,0,0,1,0,,,46079
bert_20260228023827,370878,20260227,1,3066686,liga,9113971,PPLX,Krasnyi Horodok,Donets'k,655,Kostiantynivs'ka,18738,37.68713,48.51407,ADM3,1,0,1,0,0,0,0,0,0,0,0,0,0,0,0,1,0,0,0,0,0,0,0,0,0,,,46079
bert_20260228023827,188669,20260227,1,3066687,liga,703448,PPLC,Kyiv,Kiev City,1210,Shevchenkivs'kyi,33738,30.52355,50.45044,ADM3,1,0,1,0,0,0,0,0,0,0,0,0,0,0,0,1,0,0,0,0,0,0,0,0,0,,,46079
bert_20260228023827,359369,20260227,1,3072763,unian,8281918,PPL,Posich,Transcarpathia,2491,Khusts'kyi,18005,23.41312,48.22076,ADM1,0,1,1,0,0,0,0,0,0,0,0,0,0,0,1,0,0,0,0,0,0,0,0,0,0,,,46079
bert_20260228023827,319060,20260227,1,3072764,unian,712609,PPL,Bilka,Odessa,1800,Ivanivs'kyi,15842,30.40579,46.90822,ADM1,0,0,0,0,0,0,0,0,0,0,0,0,0,0,0,0,0,0,0,0,0,0,0,0,0,,,46079
bert_20260228023827,371326,20260227,1,3072766,unian,9114074,PPL,Druzhba,Donets'k,655,Kostiantynivs'kyi,18739,37.91028,48.41,ADM3,0,0,0,0,0,0,1,0,0,0,0,0,0,0,0,0,0,0,0,0,0,0,0,0,0,,,46079
bert_20260228023827,397110,20260227,1,3072767,unian,,,,,,,,36.58734,50.59556,ADM3,0,0,0,0,0,1,0,0,0,0,0,0,0,0,0,0,0,0,0,0,0,0,0,0,0,,,46079
bert_20260228023827,19487,20260227,1,3072768,unian,687700,PPLA,Zaporizhzhya,Zaporizhzhya,2730,Zaporiz'ka,41153,35.13885,47.83831,ADM3,0,0,0,0,0,1,1,0,0,0,0,0,1,0,0,0,0,0,0,0,0,0,0,0,0,,,46079
bert_20260228023827,49235,20260227,1,3072769,unian,692194,PPLA,Sumy,Sumy,2356,Sums'ka,35425,34.80276,50.91198,ADM3,0,0,0,0,0,1,1,0,0,0,0,0,0,0,0,0,0,0,0,0,0,0,0,0,0,,,46079
bert_20260228023827,219276,20260227,1,3072771,unian,705760,PPL,Kyslytsya,Odessa,1800,Izma‹l's'ka,15941,29.04433,45.41469,ADM3,0,0,0,0,0,0,0,0,0,0,0,0,0,0,0,0,0,0,0,0,0,0,0,0,0,,,46079
bert_20260228023827,188673,20260227,1,3060360,liga,703448,PPLC,Kyiv,Kiev City,1210,Shevchenkivs'kyi,33738,30.52355,50.45044,ADM3,1,1,1,1,0,0,0,0,0,0,1,0,0,0,0,0,0,0,0,0,0,0,0,1,0,,,46079
bert_20260228023827,143797,20260227,1,3060361,liga,701822,PPL,Mariupol,Donets'k,655,Mariupol's'ka,22073,37.54144,47.0967,ADM3,1,1,0,1,0,0,0,0,0,0,1,0,0,0,0,0,0,0,0,0,0,0,0,1,0,,,46079
bert_20260228023827,260,20260227,1,3060362,liveuamap,616743,PPL,Druzhkivka,Donets'k,655,Kostiantynivs'kyi,18739,37.52495,48.61986,ADM3,1,1,1,0,1,0,0,0,0,0,1,0,0,0,0,0,0,0,0,1,0,0,0,0,0,,,46079
bert_20260228023827,57756,20260227,1,3060363,liveuamap,693468,PPL,Sloviansk,Donets'k,655,Slovians'ka,34511,37.60582,48.85227,ADM3,1,1,1,1,0,0,0,0,1,0,0,0,0,0,0,0,0,0,0,1,0,0,0,0,0,,,46079
bert_20260228023827,345607,20260227,1,3060364,liveuamap,805500,PPL,Voronyne,Sumy,2356,Bilopils'kyi,4621,34.12376,51.10624,ADM1,1,1,1,1,0,0,0,0,0,0,0,0,0,0,0,1,0,0,0,0,0,0,0,0,0,,,46079
bert_20260228023827,203684,20260227,1,3060365,liveuamap,704422,PPLA2,Pokrovsk,Donets'k,655,Krasnoarmiis'kyi,18918,37.1756,48.28035,ADM3,1,1,1,1,0,0,0,0,0,0,0,0,0,0,0,1,0,0,0,0,0,0,0,0,0,,,46079
bert_20260228023827,264658,20260227,1,3060366,liveuamap,708937,PPL,Havrylivka,Dnipropetrovs'k,650,Pokrovs'kyi,28862,36.51993,48.07377,ADM3,1,1,1,1,0,0,0,0,0,0,0,0,0,0,0,1,0,0,0,0,0,0,0,0,0,,,46079
bert_20260228023827,287255,20260227,1,3060367,liveuamap,709930,PPLA,Dnipro,Dnipropetrovs'k,650,Dnipropetrovs'ka,9966,35.04618,48.46472,ADM3,1,1,1,1,0,0,0,0,0,0,0,0,0,0,0,1,0,0,0,0,0,0,0,0,0,,,46079
bert_20260228023827,304937,20260227,1,3060368,liveuamap,710925,PPL,Charivne,Zaporizhzhya,2730,Orikhivs'kyi,26748,36.03595,47.58161,ADM3,1,1,1,1,0,0,0,0,0,0,0,0,0,0,0,1,0,0,0,0,0,0,0,0,0,,,46079
bert_20260228023827,40938,20260227,1,3060369,liveuamap,691200,PPL,Trudove,Donets'k,655,Mar‹ns'kyi,21886,37.21558,47.89764,ADM3,1,1,1,1,0,0,0,0,0,0,0,0,0,0,0,1,0,0,0,0,0,0,0,0,0,,,46079
bert_20260228023827,275188,20260227,1,3060370,liveuamap,709755,PPLA2,Dolyna,Ivano-Frankivs'k,1023,Dolyns'kyi,10083,23.97896,48.97823,ADM3,1,1,1,1,0,0,0,0,0,0,0,0,0,0,0,1,0,0,0,0,0,0,0,0,0,,,46079
bert_20260228023827,26191,20260227,1,3060371,liveuamap,688871,PPL,Vozdvyzhivka,Zaporizhzhya,2730,Novomykola‹vs'kyi,25913,36.07979,47.74727,ADM3,1,1,1,1,0,0,0,0,0,0,0,0,0,0,0,1,0,0,0,0,0,0,0,0,0,,,46079
bert_20260228023827,376847,20260227,1,3060372,liveuamap,9532052,PPL,Huliaipilske,Zaporizhzhya,2730,Huliaipil's'kyi,14713,36.06122,47.61272,ADM3,1,1,1,1,0,0,0,0,0,0,0,0,0,0,0,1,0,0,0,0,0,0,0,0,0,,,46079
bert_20260228023827,338910,20260227,1,3060373,liveuamap,802277,PPL,Protsenko,Donets'k,655,Amvrosi‹vs'kyi,1671,38.206,47.738,ADM3,1,1,1,1,0,0,0,0,0,0,0,0,0,0,0,1,0,0,0,0,0,0,0,0,0,,,46079
bert_20260228023827,19489,20260227,1,3060374,liveuamap,687700,PPLA,Zaporizhzhya,Zaporizhzhya,2730,Zaporiz'ka,41153,35.13885,47.83831,ADM3,1,1,1,1,0,0,0,0,0,0,0,0,0,0,0,1,0,0,0,0,0,0,0,0,0,,,46079
bert_20260228023827,208648,20260227,1,3060375,liveuamap,705104,PPL,Kostiantynivka,Donets'k,655,Kostiantynivs'ka,18738,37.69368,48.53467,ADM3,1,1,1,1,0,0,0,0,0,0,0,0,0,0,0,1,0,0,0,0,0,0,0,0,0,,,46079
bert_20260228023827,257491,20260227,1,3060376,liveuamap,707464,PPL,Ivanopillia,Donets'k,655,Kostiantynivs'kyi,18739,37.76439,48.47357,ADM3,1,1,1,1,0,0,0,0,0,0,0,0,0,0,0,1,0,0,0,0,0,0,0,0,0,,,46079
bert_20260228023827,203683,20260227,1,3060377,liveuamap,704422,PPLA2,Pokrovsk,Donets'k,655,Krasnoarmiis'kyi,18918,37.1756,48.28035,ADM3,1,0,1,0,0,0,0,0,0,0,0,0,0,0,0,1,0,0,0,0,0,0,0,0,0,,,46079
bert_20260228023827,117590,20260227,1,3060378,liveuamap,699458,PPL,Novomykhailivka,Donets'k,655,Mar‹ns'kyi,21886,37.48298,47.85341,ADM3,1,0,1,0,0,0,0,0,0,0,0,0,0,0,0,1,0,0,0,0,0,0,0,0,0,,,46079
bert_20260228023827,261946,20260227,1,3060379,liveuamap,708060,PPL,Hryshyne,Donets'k,655,Krasnoarmiis'kyi,18918,37.0798,48.32938,ADM3,1,0,1,0,0,0,0,0,0,0,0,0,0,0,0,1,0,0,0,0,0,0,0,0,0,,,46079
bert_20260228023827,119018,20260227,1,3060380,liveuamap,699722,PPL,Novooleksandrivka,Luhans'k,1405,Krasnodons'kyi,18925,39.627,48.26706,ADM3,1,0,1,0,0,0,0,0,0,0,0,0,0,0,0,1,0,0,0,0,0,0,0,0,0,,,46079
bert_20260228023827,365127,20260227,1,3060381,liveuamap,9112183,PPL,Novopavlivka,Donets'k,655,Krasnoarmiis'kyi,18918,37.22614,48.24869,ADM3,1,0,1,0,0,0,0,0,0,0,0,0,0,0,0,1,0,0,0,0,0,0,0,0,0,,,46079
bert_20260228023827,32702,20260227,1,3060382,liveuamap,689304,PPLA2,Vovchansk,Kharkiv,1191,Vovchans'kyi,39837,36.9368,50.29401,ADM3,1,0,1,0,0,0,0,0,0,0,0,0,0,0,0,1,0,0,0,0,0,0,0,0,0,,,46079
bert_20260228023827,197395,20260227,2,"3060383, 3060384",liveuamap,704204,PPL,Lyman,Donets'k,655,Krasnolymans'kyi,18941,37.82245,48.96409,ADM3,1,0,1,0,0,0,0,0,0,0,0,0,0,0,0,1,0,0,0,0,0,0,0,0,0,,,46079
bert_20260228023827,192479,20260227,1,3060386,liveuamap,703656,PPLA2,Kupiansk,Kharkiv,1191,Kupians'ka,19188,37.61478,49.7108,ADM3,1,0,1,0,0,0,0,0,0,0,0,0,0,0,0,1,0,0,0,0,0,0,0,0,0,,,46079
bert_20260228023827,55651,20260227,1,3060387,liveuamap,693065,PPLX,Sotsmisto,Donets'k,655,Kramators'ka,18898,37.5844,48.73898,ADM3,1,0,1,0,0,0,0,0,0,0,0,0,0,0,0,1,0,0,0,0,0,0,0,0,0,,,46079
bert_20260228023827,50106,20260227,1,3060388,liveuamap,692248,PPL,Stepnohirsk,Zaporizhzhya,2730,Vasylivs'kyi,39200,35.36408,47.58871,ADM3,1,1,1,1,0,0,0,0,0,0,0,0,0,0,0,1,0,0,0,0,0,0,0,0,0,,,46079
bert_20260228023827,387957,20260227,1,3060389,liveuamap,11151973,PPL,Stepove,Dnipropetrovs'k,650,Krynychans'kyi,19030,34.53593,48.44595,ADM3,1,1,1,1,0,0,0,0,0,0,0,0,0,0,0,1,0,0,0,0,0,0,0,0,0,,,46079
bert_20260228023827,376848,20260227,1,3060390,liveuamap,9532052,PPL,Huliaipilske,Zaporizhzhya,2730,Huliaipil's'kyi,14713,36.06122,47.61272,ADM3,1,1,1,1,0,0,0,0,0,0,0,0,0,0,1,0,0,0,0,0,0,0,1,0,0,,,46079
bert_20260228023827,261582,20260227,1,3060391,liveuamap,707898,PPLA2,Hulyaypole,Zaporizhzhya,2730,Huliaipil's'kyi,14713,36.25322,47.66644,ADM3,1,1,1,1,0,0,0,0,0,0,0,0,0,0,1,0,0,0,0,0,0,0,1,0,0,,,46079
bert_20260228023827,313840,20260227,1,3060392,liveuamap,712582,PPLA2,Bilohirya,Khmel'nyts'kyy,1196,Bilohirs'kyi,4619,26.41185,50.00143,ADM3,1,1,1,1,0,0,0,0,0,0,0,0,0,0,1,0,0,0,0,0,0,0,1,0,0,,,46079
bert_20260228023827,364710,20260227,1,3060393,liveuamap,8729010,PPL,Varvarivka,Poltava,1956,Khorol's'kyi,17952,33.10109,49.80725,ADM3,1,1,1,1,0,0,0,0,0,0,0,0,0,0,1,0,0,0,0,0,0,0,1,0,0,,,46079
bert_20260228023827,360557,20260227,1,3060394,liveuamap,8419787,PPL,Zakumske,Sumy,2356,Sums'kyi,35426,34.64912,50.95537,ADM2,1,1,1,1,0,0,0,0,0,0,0,0,0,0,1,1,0,0,0,0,0,0,1,0,0,,,46079
bert_20260228023827,250425,20260227,1,3060395,liveuamap,706483,PPLA,Kharkiv,Kharkiv,1191,Kharkivs'ka,17850,36.2312,49.99217,ADM3,1,1,1,1,0,0,0,0,0,0,0,0,0,1,0,0,0,0,0,0,0,0,0,0,0,,,46079
bert_20260228023827,250423,20260227,1,3060396,liveuamap,706483,PPLA,Kharkiv,Kharkiv,1191,Kharkivs'ka,17850,36.2312,49.99217,ADM3,1,1,0,0,0,0,0,0,0,0,0,0,0,0,0,0,1,1,0,1,0,0,0,0,0,,,46079
bert_20260228023827,19488,20260227,1,3060397,liveuamap,687700,PPLA,Zaporizhzhya,Zaporizhzhya,2730,Zaporiz'ka,41153,35.13885,47.83831,ADM3,1,1,0,0,1,0,0,0,0,0,1,0,0,0,0,0,0,1,0,0,0,0,0,0,0,,,46079
bert_20260228023827,360556,20260227,1,3060398,liveuamap,8419787,PPL,Zakumske,Sumy,2356,Sums'kyi,35426,34.64912,50.95537,ADM2,1,1,0,1,0,0,0,0,1,0,0,0,0,0,0,0,0,0,0,0,0,0,0,1,0,,,46079
bert_20260228023827,250424,20260227,1,3060399,liveuamap,706483,PPLA,Kharkiv,Kharkiv,1191,Kharkivs'ka,17850,36.2312,49.99217,ADM3,1,1,1,1,0,0,0,0,0,0,0,0,0,0,0,0,0,0,0,0,0,0,1,0,0,,,46079
bert_20260228023827,188671,20260227,1,3060400,liveuamap,703448,PPLC,Kyiv,Kiev City,1210,Shevchenkivs'kyi,33738,30.52716,50.44856,ADM3,0,1,1,0,0,0,1,0,0,0,0,0,0,0,0,0,0,0,0,0,0,0,0,0,0,,,46079
bert_20260228023827,188672,20260227,1,3060401,liveuamap,703448,PPLC,Kyiv,Kiev City,1210,Shevchenkivs'kyi,33738,30.52355,50.45044,ADM3,1,1,1,1,0,0,0,0,0,0,0,0,0,1,0,0,0,0,0,0,0,0,0,0,0,,,46079
bert_20260228023827,143798,20260228,1,3066688,liga,701822,PPL,Mariupol,Donets'k,655,Mariupol's'ka,22073,37.54144,47.0967,ADM3,1,0,1,0,0,0,0,0,0,0,0,0,0,0,0,1,0,0,0,0,0,0,0,0,0,,,46080
bert_20260228023827,157844,20260228,1,3066689,liveuamap,702658,PPLA,Luhansk,Luhans'k,1405,Luhans'ka,20910,39.30771,48.5739,ADM3,1,1,1,1,0,0,0,1,0,1,0,0,0,1,0,0,0,0,0,1,0,0,0,0,0,,,46080
bert_20260228023827,143799,20260228,1,3066690,liveuamap,701822,PPL,Mariupol,Donets'k,655,Mariupol's'ka,22073,37.54144,47.0967,ADM3,1,1,1,1,0,0,0,1,0,1,0,0,0,1,0,0,0,0,0,1,0,0,0,0,0,,,46080
bert_20260228023827,19491,20260228,1,3066691,liveuamap,687700,PPLA,Zaporizhzhya,Zaporizhzhya,2730,Zaporiz'ka,41153,35.13885,47.83831,ADM3,1,1,1,0,1,0,0,0,0,0,1,0,0,0,0,0,0,1,0,0,0,0,0,0,0,,,46080
bert_20260228023827,82469,20260228,1,3066692,liveuamap,695094,PPLX,Ruttschenkowo,Donets'k,655,Donets'ka,10139,37.67529,47.95508,ADM1,1,1,1,0,1,0,0,0,0,0,0,0,0,1,0,0,0,0,0,1,0,0,0,0,0,,,46080
bert_20260228023827,257342,20260228,1,3066693,liveuamap,707414,PPL,Ivanivka,Luhans'k,1405,Antratsytivs'kyi,1932,38.9352,48.23788,ADM3,1,1,1,0,1,0,0,0,0,0,0,0,0,1,0,0,0,0,0,1,0,0,0,0,0,,,46080
bert_20260228023827,203687,20260228,1,3066694,liveuamap,704422,PPLA2,Pokrovsk,Donets'k,655,Krasnoarmiis'kyi,18918,37.1756,48.28035,ADM3,1,1,1,0,1,0,0,0,0,0,0,0,0,1,0,0,0,0,0,1,0,0,0,0,0,,,46080
bert_20260228023827,287256,20260228,1,3066695,liveuamap,709930,PPLA,Dnipro,Dnipropetrovs'k,650,Dnipropetrovs'ka,9966,35.04618,48.46472,ADM3,1,1,1,0,1,0,0,0,0,0,0,0,0,1,0,0,0,0,0,1,0,0,0,0,0,,,46080
bert_20260228023827,360760,20260228,1,3066696,liveuamap,8438363,PPL,Zelene,Rivne,2066,Dubens'kyi,10348,25.77252,50.45812,ADM3,1,1,1,0,1,0,0,0,0,0,0,0,0,1,0,0,0,0,0,1,0,0,0,0,0,,,46080
bert_20260228023827,26192,20260228,1,3066697,liveuamap,688871,PPL,Vozdvyzhivka,Zaporizhzhya,2730,Novomykola‹vs'kyi,25913,36.07979,47.74727,ADM3,1,1,1,0,1,0,0,0,0,0,0,0,0,1,0,0,0,0,0,1,0,0,0,0,0,,,46080
bert_20260228023827,338911,20260228,1,3066698,liveuamap,802277,PPL,Protsenko,Donets'k,655,Amvrosi‹vs'kyi,1671,38.206,47.738,ADM3,1,1,1,0,1,0,0,0,0,0,0,0,0,1,0,0,0,0,0,1,0,0,0,0,0,,,46080
bert_20260228023827,103030,20260228,1,3066699,liveuamap,698428,PPLA2,Orikhiv,Zaporizhzhya,2730,Orikhivs'kyi,26748,35.77773,47.56947,ADM3,1,1,1,0,1,0,0,0,0,0,0,0,0,1,0,0,0,0,0,1,0,0,0,0,0,,,46080
bert_20260228023827,19490,20260228,1,3066700,liveuamap,687700,PPLA,Zaporizhzhya,Zaporizhzhya,2730,Zaporiz'ka,41153,35.13885,47.83831,ADM3,1,1,1,0,1,0,0,0,0,0,0,0,0,1,0,0,0,0,0,1,0,0,0,0,0,,,46080
bert_20260228023827,197397,20260228,1,3066701,liveuamap,704204,PPL,Lyman,Donets'k,655,Krasnolymans'kyi,18941,37.82245,48.96409,ADM3,1,0,1,0,0,0,1,0,0,0,0,0,0,0,1,1,1,0,0,0,0,0,0,0,0,,,46080
bert_20260228023827,57757,20260228,1,3066702,liveuamap,693468,PPL,Sloviansk,Donets'k,655,Slovians'ka,34511,37.60582,48.85227,ADM3,1,1,1,1,0,0,0,0,1,0,0,0,0,0,0,0,0,0,0,1,0,0,0,0,0,,,46080
bert_20260228023827,250426,20260228,1,3066703,liveuamap,706483,PPLA,Kharkiv,Kharkiv,1191,Kharkivs'ka,17850,36.2312,49.99217,ADM3,1,0,1,0,0,0,0,0,0,0,0,0,0,0,0,1,0,0,0,0,0,0,0,0,0,,,46080
bert_20260228023827,55652,20260228,1,3066704,liveuamap,693065,PPLX,Sotsmisto,Donets'k,655,Kramators'ka,18898,37.5844,48.73898,ADM3,1,0,1,0,0,0,0,0,0,0,0,0,0,0,0,1,0,0,0,0,0,0,0,0,0,,,46080
bert_20260228023827,192480,20260228,1,3066705,liveuamap,703656,PPLA2,Kupiansk,Kharkiv,1191,Kupians'ka,19188,37.61478,49.7108,ADM3,1,0,1,0,0,0,0,0,0,0,0,0,0,0,0,1,0,0,0,0,0,0,0,0,0,,,46080
bert_20260228023827,208649,20260228,1,3066706,liveuamap,705104,PPL,Kostiantynivka,Donets'k,655,Kostiantynivs'ka,18738,37.69368,48.53467,ADM3,1,0,1,0,0,0,0,0,0,0,0,0,0,0,0,1,0,0,0,0,0,0,0,0,0,,,46080
bert_20260228023827,257492,20260228,1,3066707,liveuamap,707464,PPL,Ivanopillia,Donets'k,655,Kostiantynivs'kyi,18739,37.76439,48.47357,ADM3,1,0,1,0,0,0,0,0,0,0,0,0,0,0,0,1,0,0,0,0,0,0,0,0,0,,,46080
bert_20260228023827,376849,20260228,1,3066708,liveuamap,9532052,PPL,Huliaipilske,Zaporizhzhya,2730,Huliaipil's'kyi,14713,36.06122,47.61272,ADM3,1,1,1,0,0,0,0,0,0,0,0,0,0,0,0,1,0,0,0,0,0,0,0,0,0,,,46080
bert_20260228023827,261583,20260228,1,3066709,liveuamap,707898,PPLA2,Hulyaypole,Zaporizhzhya,2730,Huliaipil's'kyi,14713,36.25322,47.66644,ADM3,1,1,1,0,0,0,0,0,0,0,0,0,0,0,0,1,0,0,0,0,0,0,0,0,0,,,46080
bert_20260228023827,364711,20260228,1,3066710,liveuamap,8729010,PPL,Varvarivka,Poltava,1956,Khorol's'kyi,17952,33.10109,49.80725,ADM3,1,1,1,0,0,0,0,0,0,0,0,0,0,0,0,1,0,0,0,0,0,0,0,0,0,,,46080
bert_20260228023827,304938,20260228,1,3066711,liveuamap,710925,PPL,Charivne,Zaporizhzhya,2730,Orikhivs'kyi,26748,36.03595,47.58161,ADM3,1,1,1,0,0,0,0,0,0,0,0,0,0,0,0,1,0,0,0,0,0,0,0,0,0,,,46080
bert_20260228023827,360558,20260228,1,3066712,liveuamap,8419787,PPL,Zakumske,Sumy,2356,Sums'kyi,35426,34.64912,50.95537,ADM2,1,0,1,0,0,0,0,0,0,0,0,0,0,0,0,1,0,0,0,0,0,0,0,0,0,,,46080
bert_20260228023827,203686,20260228,1,3066713,liveuamap,704422,PPLA2,Pokrovsk,Donets'k,655,Krasnoarmiis'kyi,18918,37.1756,48.28035,ADM3,1,0,1,0,0,0,0,0,0,0,0,0,0,0,0,1,0,0,0,0,0,0,0,0,0,,,46080
bert_20260228023827,157843,20260228,1,3066715,liveuamap,702658,PPLA,Luhansk,Luhans'k,1405,Luhans'ka,20910,39.30771,48.5739,ADM3,1,0,1,0,0,0,0,0,0,0,0,0,0,0,0,1,0,0,0,0,0,0,0,0,0,,,46080
